sut,method,sig,block,mutant_id,line,mutator,mutator_short,pit_status,stratum,covered,set_n,set_b,set_m,bB_base,bB_base0_1,bB_bound,bB_commute,bB_edge_nn,bB_exp0,bB_ge,bB_identity,bB_inverse,bB_le,bB_lower,bB_magnitude,bB_nonneg,bB_odd,bB_one,bB_perm,bB_pow2,bB_range,bB_square,bB_symmetry,bB_zero,mM_additive,mM_perm_inv,mM_scale_homog,mM_sign_flip,mM_sign_inv,nN_additive,nN_addmul,nN_antisym,nN_assoc,nN_base,nN_base0_1,nN_bound,nN_commute,nN_consistency,nN_cube,nN_edge1,nN_edge_n1,nN_edge_nn,nN_eqref,nN_even,nN_exp0,nN_expsum,nN_gcdlcm,nN_ge,nN_homog,nN_homom,nN_idem,nN_identity,nN_intshift,nN_inverse,nN_le,nN_linear,nN_lower,nN_magnitude,nN_mono,nN_mullog,nN_mulsplit,nN_nonneg,nN_odd,nN_one,nN_pascal,nN_period,nN_perm,nN_posscale,nN_pow2,nN_powers,nN_powk,nN_prodbase,nN_quotient,nN_range,nN_recip,nN_recur,nN_reflect,nN_scale,nN_shift,nN_shiftpi,nN_sign,nN_signfollow,nN_square,nN_symmetry,nN_zero
au_gcd_int,gcd,(II)I,"G,Lstar,Ole,Istar",au_gcd_int#M001,270,org.pitest.mutationtest.engine.gregor.mutators.ConditionalsBoundaryMutator,ConditionalsBoundaryMutator,SURVIVED,D1,1,0,0,0,0,0,0,0,0,0,0,0,0,0,0,0,0,0,0,0,0,0,0,0,0,0,0,0,0,0,0,0,0,0,0,0,0,0,0,0,0,0,0,0,0,0,0,0,0,0,0,0,0,0,0,0,0,0,0,0,0,0,0,0,0,0,0,0,0,0,0,0,0,0,0,0,0,0,0,0,0,0,0,0,0,0
au_gcd_int,gcd,(II)I,"G,Lstar,Ole,Istar",au_gcd_int#M002,278,org.pitest.mutationtest.engine.gregor.mutators.ConditionalsBoundaryMutator,ConditionalsBoundaryMutator,SURVIVED,D1,1,0,0,0,0,0,0,0,0,0,0,0,0,0,0,0,0,0,0,0,0,0,0,0,0,0,0,0,0,0,0,0,0,0,0,0,0,0,0,0,0,0,0,0,0,0,0,0,0,0,0,0,0,0,0,0,0,0,0,0,0,0,0,0,0,0,0,0,0,0,0,0,0,0,0,0,0,0,0,0,0,0,0,0,0,0
au_gcd_int,gcd,(II)I,"G,Lstar,Ole,Istar",au_gcd_int#M003,295,org.pitest.mutationtest.engine.gregor.mutators.ConditionalsBoundaryMutator,ConditionalsBoundaryMutator,NO_COVERAGE,D1,0,0,0,0,0,0,0,0,0,0,0,0,0,0,0,0,0,0,0,0,0,0,0,0,0,0,0,0,0,0,0,0,0,0,0,0,0,0,0,0,0,0,0,0,0,0,0,0,0,0,0,0,0,0,0,0,0,0,0,0,0,0,0,0,0,0,0,0,0,0,0,0,0,0,0,0,0,0,0,0,0,0,0,0,0,0
au_gcd_int,gcd,(II)I,"G,Lstar,Ole,Istar",au_gcd_int#M004,274,org.pitest.mutationtest.engine.gregor.mutators.InvertNegsMutator,InvertNegsMutator,TIMED_OUT,D1,1,1,1,1,0,0,0,0,0,0,0,0,0,0,0,0,0,0,0,1,0,0,0,0,0,0,1,0,0,1,0,0,0,0,0,0,0,0,0,0,0,0,0,1,0,0,0,0,0,0,0,0,0,0,0,0,0,0,0,1,0,0,0,0,0,0,0,1,0,0,0,0,0,0,0,0,0,0,1,0,0,0,0,0,0,0
au_gcd_int,gcd,(II)I,"G,Lstar,Ole,Istar",au_gcd_int#M005,276,org.pitest.mutationtest.engine.gregor.mutators.InvertNegsMutator,InvertNegsMutator,SURVIVED,D1,1,0,0,0,0,0,0,0,0,0,0,0,0,0,0,0,0,0,0,0,0,0,0,0,0,0,0,0,0,0,0,0,0,0,0,0,0,0,0,0,0,0,0,0,0,0,0,0,0,0,0,0,0,0,0,0,0,0,0,0,0,0,0,0,0,0,0,0,0,0,0,0,0,0,0,0,0,0,0,0,0,0,0,0,0,0
au_gcd_int,gcd,(II)I,"G,Lstar,Ole,Istar",au_gcd_int#M006,282,org.pitest.mutationtest.engine.gregor.mutators.InvertNegsMutator,InvertNegsMutator,TIMED_OUT,D1,1,1,1,1,0,0,0,0,0,0,0,0,0,0,0,0,0,0,0,1,0,0,0,0,0,0,1,0,0,1,0,0,0,0,0,0,0,0,0,0,0,0,0,1,0,0,0,0,0,0,0,0,0,0,0,0,0,0,0,1,0,0,0,0,0,0,0,1,0,0,0,0,0,0,0,0,0,0,1,0,0,0,0,0,0,0
au_gcd_int,gcd,(II)I,"G,Lstar,Ole,Istar",au_gcd_int#M007,284,org.pitest.mutationtest.engine.gregor.mutators.InvertNegsMutator,InvertNegsMutator,SURVIVED,D1,1,0,0,0,0,0,0,0,0,0,0,0,0,0,0,0,0,0,0,0,0,0,0,0,0,0,0,0,0,0,0,0,0,0,0,0,0,0,0,0,0,0,0,0,0,0,0,0,0,0,0,0,0,0,0,0,0,0,0,0,0,0,0,0,0,0,0,0,0,0,0,0,0,0,0,0,0,0,0,0,0,0,0,0,0,0
au_gcd_int,gcd,(II)I,"G,Lstar,Ole,Istar",au_gcd_int#M008,264,org.pitest.mutationtest.engine.gregor.mutators.MathMutator,MathMutator,SURVIVED,D1,1,0,0,0,0,0,0,0,0,0,0,0,0,0,0,0,0,0,0,0,0,0,0,0,0,0,0,0,0,0,0,0,0,0,0,0,0,0,0,0,0,0,0,0,0,0,0,0,0,0,0,0,0,0,0,0,0,0,0,0,0,0,0,0,0,0,0,0,0,0,0,0,0,0,0,0,0,0,0,0,0,0,0,0,0,0
au_gcd_int,gcd,(II)I,"G,Lstar,Ole,Istar",au_gcd_int#M009,293,org.pitest.mutationtest.engine.gregor.mutators.MathMutator,MathMutator,NO_COVERAGE,D1,0,0,0,0,0,0,0,0,0,0,0,0,0,0,0,0,0,0,0,0,0,0,0,0,0,0,0,0,0,0,0,0,0,0,0,0,0,0,0,0,0,0,0,0,0,0,0,0,0,0,0,0,0,0,0,0,0,0,0,0,0,0,0,0,0,0,0,0,0,0,0,0,0,0,0,0,0,0,0,0,0,0,0,0,0,0
au_gcd_int,gcd,(II)I,"G,Lstar,Ole,Istar",au_gcd_int#M010,305,org.pitest.mutationtest.engine.gregor.mutators.MathMutator,MathMutator,NO_COVERAGE,D1,0,0,0,0,0,0,0,0,0,0,0,0,0,0,0,0,0,0,0,0,0,0,0,0,0,0,0,0,0,0,0,0,0,0,0,0,0,0,0,0,0,0,0,0,0,0,0,0,0,0,0,0,0,0,0,0,0,0,0,0,0,0,0,0,0,0,0,0,0,0,0,0,0,0,0,0,0,0,0,0,0,0,0,0,0,0
au_gcd_int,gcd,(II)I,"G,Lstar,Ole,Istar",au_gcd_int#M011,257,org.pitest.mutationtest.engine.gregor.mutators.RemoveConditionalMutator_EQUAL_ELSE,RemoveConditionalMutator_EQUAL_ELSE,KILLED,D1,1,1,0,1,0,0,0,0,0,0,0,0,0,0,0,0,0,0,0,0,0,0,0,0,0,0,0,0,0,1,0,0,0,0,0,0,0,0,0,0,0,0,0,1,0,0,0,0,0,0,0,0,0,0,0,0,0,0,0,1,0,0,0,0,0,0,0,0,0,0,0,0,0,0,0,0,0,0,0,0,0,0,0,0,0,0
au_gcd_int,gcd,(II)I,"G,Lstar,Ole,Istar",au_gcd_int#M012,257,org.pitest.mutationtest.engine.gregor.mutators.RemoveConditionalMutator_EQUAL_ELSE,RemoveConditionalMutator_EQUAL_ELSE,SURVIVED,D1,1,0,0,0,0,0,0,0,0,0,0,0,0,0,0,0,0,0,0,0,0,0,0,0,0,0,0,0,0,0,0,0,0,0,0,0,0,0,0,0,0,0,0,0,0,0,0,0,0,0,0,0,0,0,0,0,0,0,0,0,0,0,0,0,0,0,0,0,0,0,0,0,0,0,0,0,0,0,0,0,0,0,0,0,0,0
au_gcd_int,gcd,(II)I,"G,Lstar,Ole,Istar",au_gcd_int#M013,259,org.pitest.mutationtest.engine.gregor.mutators.RemoveConditionalMutator_EQUAL_ELSE,RemoveConditionalMutator_EQUAL_ELSE,KILLED,D1,1,1,1,1,0,0,0,0,0,0,0,0,0,0,0,0,0,0,0,1,0,0,0,0,0,0,1,0,0,1,0,0,0,0,0,0,0,0,0,0,0,0,0,1,0,0,0,0,0,0,0,0,0,0,0,0,0,0,0,0,0,0,0,0,0,0,0,1,0,0,0,0,0,0,0,0,0,0,1,0,0,0,0,0,0,0
au_gcd_int,gcd,(II)I,"G,Lstar,Ole,Istar",au_gcd_int#M014,259,org.pitest.mutationtest.engine.gregor.mutators.RemoveConditionalMutator_EQUAL_ELSE,RemoveConditionalMutator_EQUAL_ELSE,SURVIVED,D1,1,0,0,0,0,0,0,0,0,0,0,0,0,0,0,0,0,0,0,0,0,0,0,0,0,0,0,0,0,0,0,0,0,0,0,0,0,0,0,0,0,0,0,0,0,0,0,0,0,0,0,0,0,0,0,0,0,0,0,0,0,0,0,0,0,0,0,0,0,0,0,0,0,0,0,0,0,0,0,0,0,0,0,0,0,0
au_gcd_int,gcd,(II)I,"G,Lstar,Ole,Istar",au_gcd_int#M015,271,org.pitest.mutationtest.engine.gregor.mutators.RemoveConditionalMutator_EQUAL_ELSE,RemoveConditionalMutator_EQUAL_ELSE,SURVIVED,D1,1,0,0,0,0,0,0,0,0,0,0,0,0,0,0,0,0,0,0,0,0,0,0,0,0,0,0,0,0,0,0,0,0,0,0,0,0,0,0,0,0,0,0,0,0,0,0,0,0,0,0,0,0,0,0,0,0,0,0,0,0,0,0,0,0,0,0,0,0,0,0,0,0,0,0,0,0,0,0,0,0,0,0,0,0,0
au_gcd_int,gcd,(II)I,"G,Lstar,Ole,Istar",au_gcd_int#M016,279,org.pitest.mutationtest.engine.gregor.mutators.RemoveConditionalMutator_EQUAL_ELSE,RemoveConditionalMutator_EQUAL_ELSE,SURVIVED,D1,1,0,0,0,0,0,0,0,0,0,0,0,0,0,0,0,0,0,0,0,0,0,0,0,0,0,0,0,0,0,0,0,0,0,0,0,0,0,0,0,0,0,0,0,0,0,0,0,0,0,0,0,0,0,0,0,0,0,0,0,0,0,0,0,0,0,0,0,0,0,0,0,0,0,0,0,0,0,0,0,0,0,0,0,0,0
au_gcd_int,gcd,(II)I,"G,Lstar,Ole,Istar",au_gcd_int#M017,286,org.pitest.mutationtest.engine.gregor.mutators.RemoveConditionalMutator_EQUAL_ELSE,RemoveConditionalMutator_EQUAL_ELSE,SURVIVED,D1,1,0,0,0,0,0,0,0,0,0,0,0,0,0,0,0,0,0,0,0,0,0,0,0,0,0,0,0,0,0,0,0,0,0,0,0,0,0,0,0,0,0,0,0,0,0,0,0,0,0,0,0,0,0,0,0,0,0,0,0,0,0,0,0,0,0,0,0,0,0,0,0,0,0,0,0,0,0,0,0,0,0,0,0,0,0
au_gcd_int,gcd,(II)I,"G,Lstar,Ole,Istar",au_gcd_int#M018,287,org.pitest.mutationtest.engine.gregor.mutators.RemoveConditionalMutator_EQUAL_ELSE,RemoveConditionalMutator_EQUAL_ELSE,NO_COVERAGE,D1,0,0,0,0,0,0,0,0,0,0,0,0,0,0,0,0,0,0,0,0,0,0,0,0,0,0,0,0,0,0,0,0,0,0,0,0,0,0,0,0,0,0,0,0,0,0,0,0,0,0,0,0,0,0,0,0,0,0,0,0,0,0,0,0,0,0,0,0,0,0,0,0,0,0,0,0,0,0,0,0,0,0,0,0,0,0
au_gcd_int,gcd,(II)I,"G,Lstar,Ole,Istar",au_gcd_int#M019,294,org.pitest.mutationtest.engine.gregor.mutators.RemoveConditionalMutator_EQUAL_ELSE,RemoveConditionalMutator_EQUAL_ELSE,NO_COVERAGE,D1,0,0,0,0,0,0,0,0,0,0,0,0,0,0,0,0,0,0,0,0,0,0,0,0,0,0,0,0,0,0,0,0,0,0,0,0,0,0,0,0,0,0,0,0,0,0,0,0,0,0,0,0,0,0,0,0,0,0,0,0,0,0,0,0,0,0,0,0,0,0,0,0,0,0,0,0,0,0,0,0,0,0,0,0,0,0
au_gcd_int,gcd,(II)I,"G,Lstar,Ole,Istar",au_gcd_int#M020,270,org.pitest.mutationtest.engine.gregor.mutators.RemoveConditionalMutator_ORDER_ELSE,RemoveConditionalMutator_ORDER_ELSE,TIMED_OUT,D1,1,1,1,1,0,0,0,0,0,0,0,0,0,0,0,0,0,0,0,1,0,0,0,0,0,0,1,0,0,1,0,0,0,0,0,0,0,0,0,0,0,0,0,1,0,0,0,0,0,0,0,0,0,0,0,0,0,0,0,1,0,0,0,0,0,0,0,1,0,0,0,0,0,0,0,0,0,0,1,0,0,0,0,0,0,0
au_gcd_int,gcd,(II)I,"G,Lstar,Ole,Istar",au_gcd_int#M021,278,org.pitest.mutationtest.engine.gregor.mutators.RemoveConditionalMutator_ORDER_ELSE,RemoveConditionalMutator_ORDER_ELSE,TIMED_OUT,D1,1,1,1,1,0,0,0,0,0,0,0,0,0,0,0,0,0,0,0,1,0,0,0,0,0,0,1,0,0,1,0,0,0,0,0,0,0,0,0,0,0,0,0,1,0,0,0,0,0,0,0,0,0,0,0,0,0,0,0,1,0,0,0,0,0,0,0,1,0,0,0,0,0,0,0,0,0,0,1,0,0,0,0,0,0,0
au_gcd_int,gcd,(II)I,"G,Lstar,Ole,Istar",au_gcd_int#M022,295,org.pitest.mutationtest.engine.gregor.mutators.RemoveConditionalMutator_ORDER_ELSE,RemoveConditionalMutator_ORDER_ELSE,NO_COVERAGE,D1,0,0,0,0,0,0,0,0,0,0,0,0,0,0,0,0,0,0,0,0,0,0,0,0,0,0,0,0,0,0,0,0,0,0,0,0,0,0,0,0,0,0,0,0,0,0,0,0,0,0,0,0,0,0,0,0,0,0,0,0,0,0,0,0,0,0,0,0,0,0,0,0,0,0,0,0,0,0,0,0,0,0,0,0,0,0
au_gcd_int,gcd,(II)I,"G,Lstar,Ole,Istar",au_gcd_int#M023,264,org.pitest.mutationtest.engine.gregor.mutators.returns.PrimitiveReturnsMutator,PrimitiveReturnsMutator,KILLED,D2,1,1,0,0,0,0,0,0,0,0,0,0,0,0,0,0,0,0,0,0,0,0,0,0,0,0,0,0,0,0,0,0,0,0,0,0,0,0,0,0,0,0,0,1,0,0,0,0,0,0,0,0,0,0,0,0,0,0,0,0,0,0,0,0,0,0,0,0,0,0,0,0,0,0,0,0,0,0,0,0,0,0,0,0,0,0
au_gcd_int,gcd,(II)I,"G,Lstar,Ole,Istar",au_gcd_int#M024,299,org.pitest.mutationtest.engine.gregor.mutators.returns.PrimitiveReturnsMutator,PrimitiveReturnsMutator,NO_COVERAGE,D2,0,0,0,0,0,0,0,0,0,0,0,0,0,0,0,0,0,0,0,0,0,0,0,0,0,0,0,0,0,0,0,0,0,0,0,0,0,0,0,0,0,0,0,0,0,0,0,0,0,0,0,0,0,0,0,0,0,0,0,0,0,0,0,0,0,0,0,0,0,0,0,0,0,0,0,0,0,0,0,0,0,0,0,0,0,0
au_gcd_int,gcd,(II)I,"G,Lstar,Ole,Istar",au_gcd_int#M025,308,org.pitest.mutationtest.engine.gregor.mutators.returns.PrimitiveReturnsMutator,PrimitiveReturnsMutator,KILLED,D2,1,1,0,0,0,0,0,0,0,0,0,0,0,0,0,0,0,0,0,0,0,0,0,0,0,0,0,0,0,0,0,0,0,0,0,0,0,0,0,0,0,0,0,1,0,0,0,0,0,0,0,0,0,0,0,0,0,0,0,0,0,0,0,0,0,0,0,0,0,0,0,0,0,0,0,0,0,0,0,0,0,0,0,0,0,0
au_gcd_long,gcd,(JJ)J,"G,Lstar,Ole,Istar",au_gcd_long#M001,409,org.pitest.mutationtest.engine.gregor.mutators.ConditionalsBoundaryMutator,ConditionalsBoundaryMutator,SURVIVED,D1,1,0,0,0,0,0,0,0,0,0,0,0,0,0,0,0,0,0,0,0,0,0,0,0,0,0,0,0,0,0,0,0,0,0,0,0,0,0,0,0,0,0,0,0,0,0,0,0,0,0,0,0,0,0,0,0,0,0,0,0,0,0,0,0,0,0,0,0,0,0,0,0,0,0,0,0,0,0,0,0,0,0,0,0,0,0
au_gcd_long,gcd,(JJ)J,"G,Lstar,Ole,Istar",au_gcd_long#M002,412,org.pitest.mutationtest.engine.gregor.mutators.ConditionalsBoundaryMutator,ConditionalsBoundaryMutator,SURVIVED,D1,1,0,0,0,0,0,0,0,0,0,0,0,0,0,0,0,0,0,0,0,0,0,0,0,0,0,0,0,0,0,0,0,0,0,0,0,0,0,0,0,0,0,0,0,0,0,0,0,0,0,0,0,0,0,0,0,0,0,0,0,0,0,0,0,0,0,0,0,0,0,0,0,0,0,0,0,0,0,0,0,0,0,0,0,0,0
au_gcd_long,gcd,(JJ)J,"G,Lstar,Ole,Istar",au_gcd_long#M003,417,org.pitest.mutationtest.engine.gregor.mutators.ConditionalsBoundaryMutator,ConditionalsBoundaryMutator,SURVIVED,D1,1,0,0,0,0,0,0,0,0,0,0,0,0,0,0,0,0,0,0,0,0,0,0,0,0,0,0,0,0,0,0,0,0,0,0,0,0,0,0,0,0,0,0,0,0,0,0,0,0,0,0,0,0,0,0,0,0,0,0,0,0,0,0,0,0,0,0,0,0,0,0,0,0,0,0,0,0,0,0,0,0,0,0,0,0,0
au_gcd_long,gcd,(JJ)J,"G,Lstar,Ole,Istar",au_gcd_long#M004,439,org.pitest.mutationtest.engine.gregor.mutators.ConditionalsBoundaryMutator,ConditionalsBoundaryMutator,SURVIVED,D1,1,0,0,0,0,0,0,0,0,0,0,0,0,0,0,0,0,0,0,0,0,0,0,0,0,0,0,0,0,0,0,0,0,0,0,0,0,0,0,0,0,0,0,0,0,0,0,0,0,0,0,0,0,0,0,0,0,0,0,0,0,0,0,0,0,0,0,0,0,0,0,0,0,0,0,0,0,0,0,0,0,0,0,0,0,0
au_gcd_long,gcd,(JJ)J,"G,Lstar,Ole,Istar",au_gcd_long#M005,421,org.pitest.mutationtest.engine.gregor.mutators.IncrementsMutator,IncrementsMutator,KILLED,D1,1,1,0,0,0,0,0,0,0,0,0,0,0,0,0,0,0,0,0,0,0,0,0,0,0,0,0,0,0,0,0,0,0,0,0,0,0,0,0,0,0,0,0,0,0,0,0,0,0,0,0,0,0,0,0,0,0,0,0,1,0,0,0,0,0,0,0,0,0,0,0,0,0,0,0,0,0,0,1,0,0,0,0,0,0,0
au_gcd_long,gcd,(JJ)J,"G,Lstar,Ole,Istar",au_gcd_long#M006,410,org.pitest.mutationtest.engine.gregor.mutators.InvertNegsMutator,InvertNegsMutator,TIMED_OUT,D1,1,1,1,1,0,0,0,0,0,0,0,0,0,0,0,0,0,0,0,1,0,0,0,0,0,0,1,0,0,1,0,0,0,0,0,0,0,0,0,0,0,0,0,1,0,0,0,0,0,0,0,0,0,0,0,0,0,0,0,1,0,0,0,0,0,0,0,1,0,0,0,0,0,0,0,0,0,0,1,0,0,0,0,0,0,0
au_gcd_long,gcd,(JJ)J,"G,Lstar,Ole,Istar",au_gcd_long#M007,413,org.pitest.mutationtest.engine.gregor.mutators.InvertNegsMutator,InvertNegsMutator,TIMED_OUT,D1,1,1,1,1,0,0,0,0,0,0,0,0,0,0,0,0,0,0,0,1,0,0,0,0,0,0,1,0,0,1,0,0,0,0,0,0,0,0,0,0,0,0,0,1,0,0,0,0,0,0,0,0,0,0,0,0,0,0,0,1,0,0,0,0,0,0,0,1,0,0,0,0,0,0,0,0,0,0,1,0,0,0,0,0,0,0
au_gcd_long,gcd,(JJ)J,"G,Lstar,Ole,Istar",au_gcd_long#M008,429,org.pitest.mutationtest.engine.gregor.mutators.InvertNegsMutator,InvertNegsMutator,KILLED,D1,1,1,1,1,0,0,0,0,0,0,0,0,0,0,0,0,0,0,0,1,0,0,0,0,0,0,1,0,0,0,0,0,0,0,0,0,0,0,0,0,0,0,0,0,0,0,0,0,0,0,0,0,0,0,0,0,0,0,0,0,0,0,0,0,0,0,0,1,0,0,0,0,0,0,0,0,0,0,1,0,0,0,0,0,0,0
au_gcd_long,gcd,(JJ)J,"G,Lstar,Ole,Istar",au_gcd_long#M009,440,org.pitest.mutationtest.engine.gregor.mutators.InvertNegsMutator,InvertNegsMutator,TIMED_OUT,D1,1,1,1,1,0,0,0,0,0,0,0,0,0,0,0,0,0,0,0,1,0,0,0,0,0,0,1,0,0,1,0,0,0,0,0,0,0,0,0,0,0,0,0,1,0,0,0,0,0,0,0,0,0,0,0,0,0,0,0,1,0,0,0,0,0,0,0,1,0,0,0,0,0,0,0,0,0,0,1,0,0,0,0,0,0,0
au_gcd_long,gcd,(JJ)J,"G,Lstar,Ole,Istar",au_gcd_long#M010,449,org.pitest.mutationtest.engine.gregor.mutators.InvertNegsMutator,InvertNegsMutator,KILLED,D1,1,1,0,0,0,0,0,0,0,0,0,0,0,0,0,0,0,0,0,0,0,0,0,0,0,0,0,0,0,0,0,0,0,0,0,0,0,0,0,0,0,0,0,1,0,0,0,0,0,0,0,0,0,0,0,0,0,0,0,0,0,0,0,0,0,0,0,0,0,0,0,0,0,0,0,0,0,0,0,0,0,0,0,0,0,0
au_gcd_long,gcd,(JJ)J,"G,Lstar,Ole,Istar",au_gcd_long#M011,402,org.pitest.mutationtest.engine.gregor.mutators.MathMutator,MathMutator,KILLED,D1,1,1,1,1,0,0,0,0,0,0,0,0,0,0,0,0,0,0,0,1,0,0,0,0,0,0,1,0,0,0,0,0,0,0,0,0,0,0,0,0,0,0,0,0,0,0,0,0,0,0,0,0,0,0,0,0,0,0,0,0,0,0,0,0,0,0,0,1,0,0,0,0,0,0,0,0,0,0,0,0,0,0,0,0,0,0
au_gcd_long,gcd,(JJ)J,"G,Lstar,Ole,Istar",au_gcd_long#M012,417,org.pitest.mutationtest.engine.gregor.mutators.MathMutator,MathMutator,KILLED,D1,1,1,1,1,0,0,0,0,0,0,0,0,0,0,0,0,0,0,0,1,0,0,0,0,0,0,1,0,0,0,0,0,0,0,0,0,0,0,0,0,0,0,0,1,0,0,0,0,0,0,0,0,0,0,0,0,0,0,0,0,0,0,0,0,0,0,0,1,0,0,0,0,0,0,0,0,0,0,1,0,0,0,0,0,0,0
au_gcd_long,gcd,(JJ)J,"G,Lstar,Ole,Istar",au_gcd_long#M013,417,org.pitest.mutationtest.engine.gregor.mutators.MathMutator,MathMutator,KILLED,D1,1,1,1,1,0,0,0,0,0,0,0,0,0,0,0,0,0,0,0,1,0,0,0,0,0,0,1,0,0,0,0,0,0,0,0,0,0,0,0,0,0,0,0,1,0,0,0,0,0,0,0,0,0,0,0,0,0,0,0,0,0,0,0,0,0,0,0,1,0,0,0,0,0,0,0,0,0,0,1,0,0,0,0,0,0,0
au_gcd_long,gcd,(JJ)J,"G,Lstar,Ole,Istar",au_gcd_long#M014,419,org.pitest.mutationtest.engine.gregor.mutators.MathMutator,MathMutator,KILLED,D1,1,1,1,1,0,0,0,0,0,0,0,0,0,0,0,0,0,0,0,1,0,0,0,0,0,0,1,0,0,0,0,0,0,0,0,0,0,0,0,0,0,0,0,1,0,0,0,0,0,0,0,0,0,0,0,0,0,0,0,1,0,0,0,0,0,0,0,1,0,0,0,0,0,0,0,0,0,0,0,0,0,0,0,0,0,0
au_gcd_long,gcd,(JJ)J,"G,Lstar,Ole,Istar",au_gcd_long#M015,420,org.pitest.mutationtest.engine.gregor.mutators.MathMutator,MathMutator,KILLED,D1,1,1,1,1,0,0,0,0,0,0,0,0,0,0,0,0,0,0,0,1,0,0,0,0,0,0,1,0,0,0,0,0,0,0,0,0,0,0,0,0,0,0,0,0,0,0,0,0,0,0,0,0,0,0,0,0,0,0,0,0,0,0,0,0,0,0,0,1,0,0,0,0,0,0,0,0,0,0,1,0,0,0,0,0,0,0
au_gcd_long,gcd,(JJ)J,"G,Lstar,Ole,Istar",au_gcd_long#M016,429,org.pitest.mutationtest.engine.gregor.mutators.MathMutator,MathMutator,TIMED_OUT,D1,1,1,1,1,0,0,0,0,0,0,0,0,0,0,0,0,0,0,0,1,0,0,0,0,0,0,1,0,0,1,0,0,0,0,0,0,0,0,0,0,0,0,0,1,0,0,0,0,0,0,0,0,0,0,0,0,0,0,0,1,0,0,0,0,0,0,0,1,0,0,0,0,0,0,0,0,0,0,1,0,0,0,0,0,0,0
au_gcd_long,gcd,(JJ)J,"G,Lstar,Ole,Istar",au_gcd_long#M017,429,org.pitest.mutationtest.engine.gregor.mutators.MathMutator,MathMutator,SURVIVED,D1,1,0,0,0,0,0,0,0,0,0,0,0,0,0,0,0,0,0,0,0,0,0,0,0,0,0,0,0,0,0,0,0,0,0,0,0,0,0,0,0,0,0,0,0,0,0,0,0,0,0,0,0,0,0,0,0,0,0,0,0,0,0,0,0,0,0,0,0,0,0,0,0,0,0,0,0,0,0,0,0,0,0,0,0,0,0
au_gcd_long,gcd,(JJ)J,"G,Lstar,Ole,Istar",au_gcd_long#M018,435,org.pitest.mutationtest.engine.gregor.mutators.MathMutator,MathMutator,KILLED,D1,1,1,1,1,0,0,0,0,0,0,0,0,0,0,0,0,0,0,0,1,0,0,0,0,0,0,1,0,0,0,0,0,0,0,0,0,0,0,0,0,0,0,0,1,0,0,0,0,0,0,0,0,0,0,0,0,0,0,0,1,0,0,0,0,0,0,0,1,0,0,0,0,0,0,0,0,0,0,1,0,0,0,0,0,0,0
au_gcd_long,gcd,(JJ)J,"G,Lstar,Ole,Istar",au_gcd_long#M019,436,org.pitest.mutationtest.engine.gregor.mutators.MathMutator,MathMutator,TIMED_OUT,D1,1,1,1,1,0,0,0,0,0,0,0,0,0,0,0,0,0,0,0,1,0,0,0,0,0,0,1,0,0,1,0,0,0,0,0,0,0,0,0,0,0,0,0,1,0,0,0,0,0,0,0,0,0,0,0,0,0,0,0,1,0,0,0,0,0,0,0,1,0,0,0,0,0,0,0,0,0,0,1,0,0,0,0,0,0,0
au_gcd_long,gcd,(JJ)J,"G,Lstar,Ole,Istar",au_gcd_long#M020,445,org.pitest.mutationtest.engine.gregor.mutators.MathMutator,MathMutator,TIMED_OUT,D1,1,1,1,1,0,0,0,0,0,0,0,0,0,0,0,0,0,0,0,1,0,0,0,0,0,0,1,0,0,1,0,0,0,0,0,0,0,0,0,0,0,0,0,1,0,0,0,0,0,0,0,0,0,0,0,0,0,0,0,1,0,0,0,0,0,0,0,1,0,0,0,0,0,0,0,0,0,0,1,0,0,0,0,0,0,0
au_gcd_long,gcd,(JJ)J,"G,Lstar,Ole,Istar",au_gcd_long#M021,445,org.pitest.mutationtest.engine.gregor.mutators.MathMutator,MathMutator,SURVIVED,D1,1,0,0,0,0,0,0,0,0,0,0,0,0,0,0,0,0,0,0,0,0,0,0,0,0,0,0,0,0,0,0,0,0,0,0,0,0,0,0,0,0,0,0,0,0,0,0,0,0,0,0,0,0,0,0,0,0,0,0,0,0,0,0,0,0,0,0,0,0,0,0,0,0,0,0,0,0,0,0,0,0,0,0,0,0,0
au_gcd_long,gcd,(JJ)J,"G,Lstar,Ole,Istar",au_gcd_long#M022,449,org.pitest.mutationtest.engine.gregor.mutators.MathMutator,MathMutator,KILLED,D1,1,1,0,0,0,0,0,0,0,0,0,0,0,0,0,0,0,0,0,0,0,0,0,0,0,0,0,0,0,0,0,0,0,0,0,0,0,0,0,0,0,0,0,0,0,0,0,0,0,0,0,0,0,0,0,0,0,0,0,0,0,0,0,0,0,0,0,0,0,0,0,0,0,0,0,0,0,0,1,0,0,0,0,0,0,0
au_gcd_long,gcd,(JJ)J,"G,Lstar,Ole,Istar",au_gcd_long#M023,449,org.pitest.mutationtest.engine.gregor.mutators.MathMutator,MathMutator,KILLED,D1,1,1,0,0,0,0,0,0,0,0,0,0,0,0,0,0,0,0,0,0,0,0,0,0,0,0,0,0,0,0,0,0,0,0,0,0,0,0,0,0,0,0,0,0,0,0,0,0,0,0,0,0,0,0,0,0,0,0,0,0,0,0,0,0,0,0,0,0,0,0,0,0,0,0,0,0,0,0,1,0,0,0,0,0,0,0
au_gcd_long,gcd,(JJ)J,"G,Lstar,Ole,Istar",au_gcd_long#M024,397,org.pitest.mutationtest.engine.gregor.mutators.RemoveConditionalMutator_EQUAL_ELSE,RemoveConditionalMutator_EQUAL_ELSE,KILLED,D1,1,1,0,0,0,0,0,0,0,0,0,0,0,0,0,0,0,0,0,0,0,0,0,0,0,0,0,0,0,0,0,0,0,0,0,0,0,0,0,0,0,0,0,1,0,0,0,0,0,0,0,0,0,0,0,0,0,0,0,1,0,0,0,0,0,0,0,0,0,0,0,0,0,0,0,0,0,0,0,0,0,0,0,0,0,0
au_gcd_long,gcd,(JJ)J,"G,Lstar,Ole,Istar",au_gcd_long#M025,397,org.pitest.mutationtest.engine.gregor.mutators.RemoveConditionalMutator_EQUAL_ELSE,RemoveConditionalMutator_EQUAL_ELSE,TIMED_OUT,D1,1,1,1,1,0,0,0,0,0,0,0,0,0,0,0,0,0,0,0,1,0,0,0,0,0,0,1,0,0,1,0,0,0,0,0,0,0,0,0,0,0,0,0,1,0,0,0,0,0,0,0,0,0,0,0,0,0,0,0,1,0,0,0,0,0,0,0,1,0,0,0,0,0,0,0,0,0,0,1,0,0,0,0,0,0,0
au_gcd_long,gcd,(JJ)J,"G,Lstar,Ole,Istar",au_gcd_long#M026,398,org.pitest.mutationtest.engine.gregor.mutators.RemoveConditionalMutator_EQUAL_ELSE,RemoveConditionalMutator_EQUAL_ELSE,KILLED,D1,1,1,1,1,0,0,0,0,0,0,0,0,0,0,0,0,0,0,0,1,0,0,0,0,0,0,1,0,0,1,0,0,0,0,0,0,0,0,0,0,0,0,0,1,0,0,0,0,0,0,0,0,0,0,0,0,0,0,0,0,0,0,0,0,0,0,0,1,0,0,0,0,0,0,0,0,0,0,1,0,0,0,0,0,0,0
au_gcd_long,gcd,(JJ)J,"G,Lstar,Ole,Istar",au_gcd_long#M027,398,org.pitest.mutationtest.engine.gregor.mutators.RemoveConditionalMutator_EQUAL_ELSE,RemoveConditionalMutator_EQUAL_ELSE,SURVIVED,D1,1,0,0,0,0,0,0,0,0,0,0,0,0,0,0,0,0,0,0,0,0,0,0,0,0,0,0,0,0,0,0,0,0,0,0,0,0,0,0,0,0,0,0,0,0,0,0,0,0,0,0,0,0,0,0,0,0,0,0,0,0,0,0,0,0,0,0,0,0,0,0,0,0,0,0,0,0,0,0,0,0,0,0,0,0,0
au_gcd_long,gcd,(JJ)J,"G,Lstar,Ole,Istar",au_gcd_long#M028,417,org.pitest.mutationtest.engine.gregor.mutators.RemoveConditionalMutator_EQUAL_ELSE,RemoveConditionalMutator_EQUAL_ELSE,KILLED,D1,1,1,1,1,0,0,0,0,0,0,0,0,0,0,0,0,0,0,0,1,0,0,0,0,0,0,1,0,0,0,0,0,0,0,0,0,0,0,0,0,0,0,0,1,0,0,0,0,0,0,0,0,0,0,0,0,0,0,0,0,0,0,0,0,0,0,0,1,0,0,0,0,0,0,0,0,0,0,1,0,0,0,0,0,0,0
au_gcd_long,gcd,(JJ)J,"G,Lstar,Ole,Istar",au_gcd_long#M029,417,org.pitest.mutationtest.engine.gregor.mutators.RemoveConditionalMutator_EQUAL_ELSE,RemoveConditionalMutator_EQUAL_ELSE,KILLED,D1,1,1,1,1,0,0,0,0,0,0,0,0,0,0,0,0,0,0,0,1,0,0,0,0,0,0,1,0,0,0,0,0,0,0,0,0,0,0,0,0,0,0,0,1,0,0,0,0,0,0,0,0,0,0,0,0,0,0,0,0,0,0,0,0,0,0,0,1,0,0,0,0,0,0,0,0,0,0,1,0,0,0,0,0,0,0
au_gcd_long,gcd,(JJ)J,"G,Lstar,Ole,Istar",au_gcd_long#M030,423,org.pitest.mutationtest.engine.gregor.mutators.RemoveConditionalMutator_EQUAL_ELSE,RemoveConditionalMutator_EQUAL_ELSE,SURVIVED,D1,1,0,0,0,0,0,0,0,0,0,0,0,0,0,0,0,0,0,0,0,0,0,0,0,0,0,0,0,0,0,0,0,0,0,0,0,0,0,0,0,0,0,0,0,0,0,0,0,0,0,0,0,0,0,0,0,0,0,0,0,0,0,0,0,0,0,0,0,0,0,0,0,0,0,0,0,0,0,0,0,0,0,0,0,0,0
au_gcd_long,gcd,(JJ)J,"G,Lstar,Ole,Istar",au_gcd_long#M031,429,org.pitest.mutationtest.engine.gregor.mutators.RemoveConditionalMutator_EQUAL_ELSE,RemoveConditionalMutator_EQUAL_ELSE,TIMED_OUT,D1,1,1,1,1,0,0,0,0,0,0,0,0,0,0,0,0,0,0,0,1,0,0,0,0,0,0,1,0,0,1,0,0,0,0,0,0,0,0,0,0,0,0,0,1,0,0,0,0,0,0,0,0,0,0,0,0,0,0,0,1,0,0,0,0,0,0,0,1,0,0,0,0,0,0,0,0,0,0,1,0,0,0,0,0,0,0
au_gcd_long,gcd,(JJ)J,"G,Lstar,Ole,Istar",au_gcd_long#M032,435,org.pitest.mutationtest.engine.gregor.mutators.RemoveConditionalMutator_EQUAL_ELSE,RemoveConditionalMutator_EQUAL_ELSE,KILLED,D1,1,1,1,1,0,0,0,0,0,0,0,0,0,0,0,0,0,0,0,1,0,0,0,0,0,0,1,0,0,0,0,0,0,0,0,0,0,0,0,0,0,0,0,1,0,0,0,0,0,0,0,0,0,0,0,0,0,0,0,1,0,0,0,0,0,0,0,1,0,0,0,0,0,0,0,0,0,0,1,0,0,0,0,0,0,0
au_gcd_long,gcd,(JJ)J,"G,Lstar,Ole,Istar",au_gcd_long#M033,448,org.pitest.mutationtest.engine.gregor.mutators.RemoveConditionalMutator_EQUAL_ELSE,RemoveConditionalMutator_EQUAL_ELSE,TIMED_OUT,D1,1,1,1,1,0,0,0,0,0,0,0,0,0,0,0,0,0,0,0,1,0,0,0,0,0,0,1,0,0,1,0,0,0,0,0,0,0,0,0,0,0,0,0,1,0,0,0,0,0,0,0,0,0,0,0,0,0,0,0,1,0,0,0,0,0,0,0,1,0,0,0,0,0,0,0,0,0,0,1,0,0,0,0,0,0,0
au_gcd_long,gcd,(JJ)J,"G,Lstar,Ole,Istar",au_gcd_long#M034,409,org.pitest.mutationtest.engine.gregor.mutators.RemoveConditionalMutator_ORDER_ELSE,RemoveConditionalMutator_ORDER_ELSE,TIMED_OUT,D1,1,1,1,1,0,0,0,0,0,0,0,0,0,0,0,0,0,0,0,1,0,0,0,0,0,0,1,0,0,1,0,0,0,0,0,0,0,0,0,0,0,0,0,1,0,0,0,0,0,0,0,0,0,0,0,0,0,0,0,1,0,0,0,0,0,0,0,1,0,0,0,0,0,0,0,0,0,0,1,0,0,0,0,0,0,0
au_gcd_long,gcd,(JJ)J,"G,Lstar,Ole,Istar",au_gcd_long#M035,412,org.pitest.mutationtest.engine.gregor.mutators.RemoveConditionalMutator_ORDER_ELSE,RemoveConditionalMutator_ORDER_ELSE,TIMED_OUT,D1,1,1,1,1,0,0,0,0,0,0,0,0,0,0,0,0,0,0,0,1,0,0,0,0,0,0,1,0,0,1,0,0,0,0,0,0,0,0,0,0,0,0,0,1,0,0,0,0,0,0,0,0,0,0,0,0,0,0,0,1,0,0,0,0,0,0,0,1,0,0,0,0,0,0,0,0,0,0,1,0,0,0,0,0,0,0
au_gcd_long,gcd,(JJ)J,"G,Lstar,Ole,Istar",au_gcd_long#M036,417,org.pitest.mutationtest.engine.gregor.mutators.RemoveConditionalMutator_ORDER_ELSE,RemoveConditionalMutator_ORDER_ELSE,KILLED,D1,1,1,1,1,0,0,0,0,0,0,0,0,0,0,0,0,0,0,0,1,0,0,0,0,0,0,1,0,0,0,0,0,0,0,0,0,0,0,0,0,0,0,0,1,0,0,0,0,0,0,0,0,0,0,0,0,0,0,0,0,0,0,0,0,0,0,0,1,0,0,0,0,0,0,0,0,0,0,1,0,0,0,0,0,0,0
au_gcd_long,gcd,(JJ)J,"G,Lstar,Ole,Istar",au_gcd_long#M037,439,org.pitest.mutationtest.engine.gregor.mutators.RemoveConditionalMutator_ORDER_ELSE,RemoveConditionalMutator_ORDER_ELSE,TIMED_OUT,D1,1,1,1,1,0,0,0,0,0,0,0,0,0,0,0,0,0,0,0,1,0,0,0,0,0,0,1,0,0,1,0,0,0,0,0,0,0,0,0,0,0,0,0,1,0,0,0,0,0,0,0,0,0,0,0,0,0,0,0,1,0,0,0,0,0,0,0,1,0,0,0,0,0,0,0,0,0,0,1,0,0,0,0,0,0,0
au_gcd_long,gcd,(JJ)J,"G,Lstar,Ole,Istar",au_gcd_long#M038,402,org.pitest.mutationtest.engine.gregor.mutators.returns.PrimitiveReturnsMutator,PrimitiveReturnsMutator,KILLED,D2,1,1,0,0,0,0,0,0,0,0,0,0,0,0,0,0,0,0,0,0,0,0,0,0,0,0,0,0,0,0,0,0,0,0,0,0,0,0,0,0,0,0,0,1,0,0,0,0,0,0,0,0,0,0,0,0,0,0,0,0,0,0,0,0,0,0,0,0,0,0,0,0,0,0,0,0,0,0,0,0,0,0,0,0,0,0
au_gcd_long,gcd,(JJ)J,"G,Lstar,Ole,Istar",au_gcd_long#M039,449,org.pitest.mutationtest.engine.gregor.mutators.returns.PrimitiveReturnsMutator,PrimitiveReturnsMutator,KILLED,D2,1,1,0,0,0,0,0,0,0,0,0,0,0,0,0,0,0,0,0,0,0,0,0,0,0,0,0,0,0,0,0,0,0,0,0,0,0,0,0,0,0,0,0,1,0,0,0,0,0,0,0,0,0,0,0,0,0,0,0,0,0,0,0,0,0,0,0,0,0,0,0,0,0,0,0,0,0,0,0,0,0,0,0,0,0,0
au_lcm_int,lcm,(II)I,"G,Lstar,Istar",au_lcm_int#M001,478,org.pitest.mutationtest.engine.gregor.mutators.MathMutator,MathMutator,KILLED,D1,1,1,0,0,0,0,0,0,0,0,0,0,0,0,0,0,0,0,0,0,0,0,0,0,0,0,0,0,0,0,0,0,0,0,0,0,0,0,0,0,0,0,0,0,0,0,0,1,0,0,0,0,0,0,0,0,0,0,0,0,0,0,0,0,0,0,0,0,0,0,0,0,0,0,0,0,0,0,0,0,0,0,0,0,0,0
au_lcm_int,lcm,(II)I,"G,Lstar,Istar",au_lcm_int#M002,475,org.pitest.mutationtest.engine.gregor.mutators.RemoveConditionalMutator_EQUAL_ELSE,RemoveConditionalMutator_EQUAL_ELSE,KILLED,D1,1,1,0,0,0,0,0,0,0,0,0,0,0,0,0,0,0,0,0,0,0,0,0,0,0,0,0,0,0,0,0,0,0,0,0,0,0,0,0,0,0,0,0,0,0,0,0,1,0,0,0,0,0,0,0,0,0,0,0,0,0,0,0,0,0,0,0,0,0,0,0,0,0,0,0,0,0,0,0,0,0,0,0,0,0,0
au_lcm_int,lcm,(II)I,"G,Lstar,Istar",au_lcm_int#M003,475,org.pitest.mutationtest.engine.gregor.mutators.RemoveConditionalMutator_EQUAL_ELSE,RemoveConditionalMutator_EQUAL_ELSE,SURVIVED,D1,1,0,0,0,0,0,0,0,0,0,0,0,0,0,0,0,0,0,0,0,0,0,0,0,0,0,0,0,0,0,0,0,0,0,0,0,0,0,0,0,0,0,0,0,0,0,0,0,0,0,0,0,0,0,0,0,0,0,0,0,0,0,0,0,0,0,0,0,0,0,0,0,0,0,0,0,0,0,0,0,0,0,0,0,0,0
au_lcm_int,lcm,(II)I,"G,Lstar,Istar",au_lcm_int#M004,479,org.pitest.mutationtest.engine.gregor.mutators.RemoveConditionalMutator_EQUAL_ELSE,RemoveConditionalMutator_EQUAL_ELSE,SURVIVED,D1,1,0,0,0,0,0,0,0,0,0,0,0,0,0,0,0,0,0,0,0,0,0,0,0,0,0,0,0,0,0,0,0,0,0,0,0,0,0,0,0,0,0,0,0,0,0,0,0,0,0,0,0,0,0,0,0,0,0,0,0,0,0,0,0,0,0,0,0,0,0,0,0,0,0,0,0,0,0,0,0,0,0,0,0,0,0
au_lcm_int,lcm,(II)I,"G,Lstar,Istar",au_lcm_int#M005,483,org.pitest.mutationtest.engine.gregor.mutators.returns.PrimitiveReturnsMutator,PrimitiveReturnsMutator,KILLED,D2,1,1,0,0,0,0,0,0,0,0,0,0,0,0,0,0,0,0,0,0,0,0,0,0,0,0,0,0,0,0,0,0,0,0,0,0,0,0,0,0,0,0,0,0,0,0,0,1,0,0,0,0,0,0,0,0,0,0,0,0,0,0,0,0,0,0,0,0,0,0,0,0,0,0,0,0,0,0,0,0,0,0,0,0,0,0
au_addcheck_int,addAndCheck,(II)I,"G,Tstar,Istar",au_addcheck_int#M001,52,org.pitest.mutationtest.engine.gregor.mutators.ConditionalsBoundaryMutator,ConditionalsBoundaryMutator,SURVIVED,D1,1,0,0,0,0,0,0,0,0,0,0,0,0,0,0,0,0,0,0,0,0,0,0,0,0,0,0,0,0,0,0,0,0,0,0,0,0,0,0,0,0,0,0,0,0,0,0,0,0,0,0,0,0,0,0,0,0,0,0,0,0,0,0,0,0,0,0,0,0,0,0,0,0,0,0,0,0,0,0,0,0,0,0,0,0,0
au_addcheck_int,addAndCheck,(II)I,"G,Tstar,Istar",au_addcheck_int#M002,52,org.pitest.mutationtest.engine.gregor.mutators.ConditionalsBoundaryMutator,ConditionalsBoundaryMutator,SURVIVED,D1,1,0,0,0,0,0,0,0,0,0,0,0,0,0,0,0,0,0,0,0,0,0,0,0,0,0,0,0,0,0,0,0,0,0,0,0,0,0,0,0,0,0,0,0,0,0,0,0,0,0,0,0,0,0,0,0,0,0,0,0,0,0,0,0,0,0,0,0,0,0,0,0,0,0,0,0,0,0,0,0,0,0,0,0,0,0
au_addcheck_int,addAndCheck,(II)I,"G,Tstar,Istar",au_addcheck_int#M003,51,org.pitest.mutationtest.engine.gregor.mutators.MathMutator,MathMutator,KILLED,D1,1,1,1,1,0,0,0,1,0,0,0,0,0,0,0,0,0,0,0,0,0,0,0,0,0,0,1,0,0,0,0,0,0,1,0,0,0,1,0,0,0,0,0,0,0,0,0,0,0,0,0,0,0,0,0,0,0,0,0,0,0,0,0,0,0,0,0,0,0,0,0,0,0,0,0,0,0,0,0,0,0,0,0,0,0,0
au_addcheck_int,addAndCheck,(II)I,"G,Tstar,Istar",au_addcheck_int#M004,52,org.pitest.mutationtest.engine.gregor.mutators.RemoveConditionalMutator_ORDER_ELSE,RemoveConditionalMutator_ORDER_ELSE,KILLED,D1,1,1,1,1,0,0,0,1,0,0,0,0,0,0,0,0,0,0,0,0,0,0,0,0,0,1,1,0,0,0,0,0,0,1,0,0,0,1,0,0,0,0,0,0,0,0,0,0,0,0,0,0,1,0,0,0,0,0,0,0,0,0,0,0,0,0,0,0,0,0,0,0,0,0,0,0,0,0,0,0,0,0,0,0,0,0
au_addcheck_int,addAndCheck,(II)I,"G,Tstar,Istar",au_addcheck_int#M005,52,org.pitest.mutationtest.engine.gregor.mutators.RemoveConditionalMutator_ORDER_ELSE,RemoveConditionalMutator_ORDER_ELSE,SURVIVED,D1,1,0,0,0,0,0,0,0,0,0,0,0,0,0,0,0,0,0,0,0,0,0,0,0,0,0,0,0,0,0,0,0,0,0,0,0,0,0,0,0,0,0,0,0,0,0,0,0,0,0,0,0,0,0,0,0,0,0,0,0,0,0,0,0,0,0,0,0,0,0,0,0,0,0,0,0,0,0,0,0,0,0,0,0,0,0
au_addcheck_int,addAndCheck,(II)I,"G,Tstar,Istar",au_addcheck_int#M006,55,org.pitest.mutationtest.engine.gregor.mutators.returns.PrimitiveReturnsMutator,PrimitiveReturnsMutator,KILLED,D2,1,1,0,1,0,0,0,0,0,0,0,0,0,0,0,0,0,0,0,0,0,0,0,0,0,1,0,0,0,0,0,0,0,0,0,0,0,0,0,0,0,0,0,0,0,0,0,0,0,0,0,0,1,0,0,0,0,0,0,0,0,0,0,0,0,0,0,0,0,0,0,0,0,0,0,0,0,0,0,0,0,0,0,0,0,0
au_mulcheck_int,mulAndCheck,(II)I,"G,Lstar,Istar",au_mulcheck_int#M001,532,org.pitest.mutationtest.engine.gregor.mutators.ConditionalsBoundaryMutator,ConditionalsBoundaryMutator,SURVIVED,D1,1,0,0,0,0,0,0,0,0,0,0,0,0,0,0,0,0,0,0,0,0,0,0,0,0,0,0,0,0,0,0,0,0,0,0,0,0,0,0,0,0,0,0,0,0,0,0,0,0,0,0,0,0,0,0,0,0,0,0,0,0,0,0,0,0,0,0,0,0,0,0,0,0,0,0,0,0,0,0,0,0,0,0,0,0,0
au_mulcheck_int,mulAndCheck,(II)I,"G,Lstar,Istar",au_mulcheck_int#M002,532,org.pitest.mutationtest.engine.gregor.mutators.ConditionalsBoundaryMutator,ConditionalsBoundaryMutator,SURVIVED,D1,1,0,0,0,0,0,0,0,0,0,0,0,0,0,0,0,0,0,0,0,0,0,0,0,0,0,0,0,0,0,0,0,0,0,0,0,0,0,0,0,0,0,0,0,0,0,0,0,0,0,0,0,0,0,0,0,0,0,0,0,0,0,0,0,0,0,0,0,0,0,0,0,0,0,0,0,0,0,0,0,0,0,0,0,0,0
au_mulcheck_int,mulAndCheck,(II)I,"G,Lstar,Istar",au_mulcheck_int#M003,531,org.pitest.mutationtest.engine.gregor.mutators.MathMutator,MathMutator,KILLED,D1,1,1,1,1,0,0,0,1,0,0,0,0,0,0,0,0,0,0,0,0,0,0,0,0,0,0,1,0,1,0,0,0,0,0,0,0,0,1,0,0,0,0,0,0,0,0,0,0,0,0,0,0,1,0,0,0,0,0,0,0,0,0,0,0,0,0,0,0,0,0,0,0,0,0,0,0,0,0,0,0,0,1,0,0,0,0
au_mulcheck_int,mulAndCheck,(II)I,"G,Lstar,Istar",au_mulcheck_int#M004,532,org.pitest.mutationtest.engine.gregor.mutators.RemoveConditionalMutator_ORDER_ELSE,RemoveConditionalMutator_ORDER_ELSE,KILLED,D1,1,1,1,1,0,0,0,1,0,0,0,0,0,0,0,0,0,0,0,0,0,0,0,0,0,0,1,0,1,0,0,0,0,0,0,0,0,1,0,0,0,0,0,0,0,0,0,0,0,0,0,0,1,0,0,0,0,0,0,0,0,0,0,0,0,0,0,0,0,0,0,0,0,0,0,0,0,0,0,0,0,1,0,0,0,0
au_mulcheck_int,mulAndCheck,(II)I,"G,Lstar,Istar",au_mulcheck_int#M005,532,org.pitest.mutationtest.engine.gregor.mutators.RemoveConditionalMutator_ORDER_ELSE,RemoveConditionalMutator_ORDER_ELSE,SURVIVED,D1,1,0,0,0,0,0,0,0,0,0,0,0,0,0,0,0,0,0,0,0,0,0,0,0,0,0,0,0,0,0,0,0,0,0,0,0,0,0,0,0,0,0,0,0,0,0,0,0,0,0,0,0,0,0,0,0,0,0,0,0,0,0,0,0,0,0,0,0,0,0,0,0,0,0,0,0,0,0,0,0,0,0,0,0,0,0
au_mulcheck_int,mulAndCheck,(II)I,"G,Lstar,Istar",au_mulcheck_int#M006,535,org.pitest.mutationtest.engine.gregor.mutators.returns.PrimitiveReturnsMutator,PrimitiveReturnsMutator,KILLED,D2,1,1,0,0,0,0,0,0,0,0,0,0,0,0,0,0,0,0,0,0,0,0,0,0,0,0,0,0,0,0,0,0,0,0,0,0,0,0,0,0,0,0,0,0,0,0,0,0,0,0,0,0,1,0,0,0,0,0,0,0,0,0,0,0,0,0,0,0,0,0,0,0,0,0,0,0,0,0,0,0,0,0,0,0,0,0
au_subcheck_int,subAndCheck,(II)I,"G,Tstar,Istar",au_subcheck_int#M001,604,org.pitest.mutationtest.engine.gregor.mutators.ConditionalsBoundaryMutator,ConditionalsBoundaryMutator,SURVIVED,D1,1,0,0,0,0,0,0,0,0,0,0,0,0,0,0,0,0,0,0,0,0,0,0,0,0,0,0,0,0,0,0,0,0,0,0,0,0,0,0,0,0,0,0,0,0,0,0,0,0,0,0,0,0,0,0,0,0,0,0,0,0,0,0,0,0,0,0,0,0,0,0,0,0,0,0,0,0,0,0,0,0,0,0,0,0,0
au_subcheck_int,subAndCheck,(II)I,"G,Tstar,Istar",au_subcheck_int#M002,604,org.pitest.mutationtest.engine.gregor.mutators.ConditionalsBoundaryMutator,ConditionalsBoundaryMutator,SURVIVED,D1,1,0,0,0,0,0,0,0,0,0,0,0,0,0,0,0,0,0,0,0,0,0,0,0,0,0,0,0,0,0,0,0,0,0,0,0,0,0,0,0,0,0,0,0,0,0,0,0,0,0,0,0,0,0,0,0,0,0,0,0,0,0,0,0,0,0,0,0,0,0,0,0,0,0,0,0,0,0,0,0,0,0,0,0,0,0
au_subcheck_int,subAndCheck,(II)I,"G,Tstar,Istar",au_subcheck_int#M003,603,org.pitest.mutationtest.engine.gregor.mutators.MathMutator,MathMutator,KILLED,D1,1,1,1,1,0,0,0,0,0,0,0,1,0,0,0,0,0,0,0,0,0,0,0,0,0,1,0,0,1,0,0,0,1,0,0,0,0,0,0,0,0,0,0,0,0,0,0,0,0,0,0,0,1,0,0,0,0,0,0,0,0,0,0,0,0,0,0,0,0,0,0,0,0,0,0,0,0,0,0,1,0,0,0,0,0,0
au_subcheck_int,subAndCheck,(II)I,"G,Tstar,Istar",au_subcheck_int#M004,604,org.pitest.mutationtest.engine.gregor.mutators.RemoveConditionalMutator_ORDER_ELSE,RemoveConditionalMutator_ORDER_ELSE,KILLED,D1,1,1,1,1,0,0,0,0,0,0,0,1,0,0,0,0,0,0,0,0,0,0,0,0,0,1,0,0,1,0,0,0,1,0,0,0,0,0,0,0,0,0,0,0,0,0,0,0,0,0,0,0,1,0,0,0,0,0,0,0,0,0,0,0,0,0,0,0,0,0,0,0,0,0,0,0,0,0,0,1,0,0,0,0,0,0
au_subcheck_int,subAndCheck,(II)I,"G,Tstar,Istar",au_subcheck_int#M005,604,org.pitest.mutationtest.engine.gregor.mutators.RemoveConditionalMutator_ORDER_ELSE,RemoveConditionalMutator_ORDER_ELSE,SURVIVED,D1,1,0,0,0,0,0,0,0,0,0,0,0,0,0,0,0,0,0,0,0,0,0,0,0,0,0,0,0,0,0,0,0,0,0,0,0,0,0,0,0,0,0,0,0,0,0,0,0,0,0,0,0,0,0,0,0,0,0,0,0,0,0,0,0,0,0,0,0,0,0,0,0,0,0,0,0,0,0,0,0,0,0,0,0,0,0
au_subcheck_int,subAndCheck,(II)I,"G,Tstar,Istar",au_subcheck_int#M006,607,org.pitest.mutationtest.engine.gregor.mutators.returns.PrimitiveReturnsMutator,PrimitiveReturnsMutator,KILLED,D2,1,1,0,0,0,0,0,0,0,0,0,0,0,0,0,0,0,0,0,0,0,0,0,0,0,0,0,0,0,0,0,0,0,0,0,0,0,0,0,0,0,0,0,0,0,0,0,0,0,0,0,0,1,0,0,0,0,0,0,0,0,0,0,0,0,0,0,0,0,0,0,0,0,0,0,0,0,0,0,0,0,0,0,0,0,0
au_pow_int,pow,(II)I,"Lstar,Istar",au_pow_int#M001,648,org.pitest.mutationtest.engine.gregor.mutators.ConditionalsBoundaryMutator,ConditionalsBoundaryMutator,KILLED,D1,1,1,1,0,0,1,0,0,0,0,0,0,0,0,0,0,0,0,0,0,0,0,0,0,0,0,0,0,0,0,0,0,0,0,0,1,0,0,0,0,0,0,0,0,0,0,0,0,0,0,0,0,0,0,0,0,0,0,0,0,0,0,0,0,0,0,0,0,0,0,0,0,0,0,0,0,0,0,0,0,0,0,0,0,0,0
au_pow_int,pow,(II)I,"Lstar,Istar",au_pow_int#M002,657,org.pitest.mutationtest.engine.gregor.mutators.MathMutator,MathMutator,KILLED,D1,1,1,1,0,0,1,0,0,0,0,0,0,0,0,0,0,0,0,0,0,0,0,0,0,0,0,0,0,0,0,0,0,0,0,0,1,0,0,0,0,0,0,0,0,0,0,1,0,0,0,0,0,0,0,0,0,0,0,0,0,0,0,0,0,0,0,0,0,0,0,0,0,0,0,0,0,0,0,0,0,0,0,0,0,0,0
au_pow_int,pow,(II)I,"Lstar,Istar",au_pow_int#M003,661,org.pitest.mutationtest.engine.gregor.mutators.MathMutator,MathMutator,KILLED,D1,1,1,0,1,0,0,0,0,0,0,0,0,0,0,0,0,0,0,0,0,0,0,0,0,0,0,0,1,0,0,0,0,0,0,0,0,0,0,0,0,0,0,0,0,0,0,1,0,0,0,0,0,0,0,0,0,0,0,0,0,0,0,0,0,0,0,0,0,0,0,0,0,1,0,0,0,0,0,0,0,0,0,0,0,0,0
au_pow_int,pow,(II)I,"Lstar,Istar",au_pow_int#M004,657,org.pitest.mutationtest.engine.gregor.mutators.RemoveConditionalMutator_EQUAL_ELSE,RemoveConditionalMutator_EQUAL_ELSE,KILLED,D1,1,1,0,0,0,0,0,0,0,0,0,0,0,0,0,0,0,0,0,0,0,0,0,0,0,0,0,0,0,0,0,0,0,0,0,0,0,0,0,0,0,0,0,0,0,0,1,0,0,0,0,0,0,0,0,0,0,0,0,0,0,0,0,0,0,0,0,0,0,0,0,0,0,0,0,0,0,0,0,0,0,0,0,0,0,0
au_pow_int,pow,(II)I,"Lstar,Istar",au_pow_int#M005,662,org.pitest.mutationtest.engine.gregor.mutators.RemoveConditionalMutator_EQUAL_ELSE,RemoveConditionalMutator_EQUAL_ELSE,TIMED_OUT,D1,1,1,1,1,0,1,0,0,0,0,0,0,0,0,0,0,0,0,0,0,0,0,0,0,0,0,0,1,0,0,0,0,0,0,0,1,0,0,0,0,0,0,0,0,0,0,1,0,0,0,0,0,0,0,0,0,0,0,0,0,0,0,0,0,0,0,0,0,0,0,0,0,1,0,0,0,0,0,0,0,0,0,0,0,0,0
au_pow_int,pow,(II)I,"Lstar,Istar",au_pow_int#M006,648,org.pitest.mutationtest.engine.gregor.mutators.RemoveConditionalMutator_ORDER_ELSE,RemoveConditionalMutator_ORDER_ELSE,SURVIVED,D1,1,0,0,0,0,0,0,0,0,0,0,0,0,0,0,0,0,0,0,0,0,0,0,0,0,0,0,0,0,0,0,0,0,0,0,0,0,0,0,0,0,0,0,0,0,0,0,0,0,0,0,0,0,0,0,0,0,0,0,0,0,0,0,0,0,0,0,0,0,0,0,0,0,0,0,0,0,0,0,0,0,0,0,0,0,0
au_pow_int,pow,(II)I,"Lstar,Istar",au_pow_int#M007,672,org.pitest.mutationtest.engine.gregor.mutators.VoidMethodCallMutator,VoidMethodCallMutator,NO_COVERAGE,D2,0,0,0,0,0,0,0,0,0,0,0,0,0,0,0,0,0,0,0,0,0,0,0,0,0,0,0,0,0,0,0,0,0,0,0,0,0,0,0,0,0,0,0,0,0,0,0,0,0,0,0,0,0,0,0,0,0,0,0,0,0,0,0,0,0,0,0,0,0,0,0,0,0,0,0,0,0,0,0,0,0,0,0,0,0,0
au_pow_int,pow,(II)I,"Lstar,Istar",au_pow_int#M008,673,org.pitest.mutationtest.engine.gregor.mutators.VoidMethodCallMutator,VoidMethodCallMutator,NO_COVERAGE,D2,0,0,0,0,0,0,0,0,0,0,0,0,0,0,0,0,0,0,0,0,0,0,0,0,0,0,0,0,0,0,0,0,0,0,0,0,0,0,0,0,0,0,0,0,0,0,0,0,0,0,0,0,0,0,0,0,0,0,0,0,0,0,0,0,0,0,0,0,0,0,0,0,0,0,0,0,0,0,0,0,0,0,0,0,0,0
au_pow_int,pow,(II)I,"Lstar,Istar",au_pow_int#M009,674,org.pitest.mutationtest.engine.gregor.mutators.VoidMethodCallMutator,VoidMethodCallMutator,NO_COVERAGE,D2,0,0,0,0,0,0,0,0,0,0,0,0,0,0,0,0,0,0,0,0,0,0,0,0,0,0,0,0,0,0,0,0,0,0,0,0,0,0,0,0,0,0,0,0,0,0,0,0,0,0,0,0,0,0,0,0,0,0,0,0,0,0,0,0,0,0,0,0,0,0,0,0,0,0,0,0,0,0,0,0,0,0,0,0,0,0
au_pow_int,pow,(II)I,"Lstar,Istar",au_pow_int#M010,669,org.pitest.mutationtest.engine.gregor.mutators.returns.PrimitiveReturnsMutator,PrimitiveReturnsMutator,KILLED,D2,1,1,1,0,0,1,0,0,0,0,0,0,0,0,0,0,0,0,0,0,0,0,0,0,0,0,0,0,0,0,0,0,0,0,0,1,0,0,0,0,0,0,0,0,0,0,0,0,0,0,0,0,0,0,0,0,0,0,0,0,0,0,0,0,0,0,0,0,0,0,0,0,0,0,0,0,0,0,0,0,0,0,0,0,0,0
cu_binom,binomialCoefficient,(II)J,"G,Istar,Ole",cu_binom#M001,87,org.pitest.mutationtest.engine.gregor.mutators.ConditionalsBoundaryMutator,ConditionalsBoundaryMutator,KILLED,D1,1,1,1,1,0,0,0,0,0,0,0,0,0,0,0,0,0,0,0,0,0,0,0,1,0,0,1,0,0,0,0,0,0,0,0,0,0,0,0,0,0,0,0,0,0,0,0,0,0,0,0,0,0,0,0,0,0,0,0,0,0,0,0,0,0,1,0,0,0,0,0,0,0,0,0,0,0,0,0,0,0,0,0,0,1,0
cu_binom,binomialCoefficient,(II)J,"G,Istar,Ole",cu_binom#M002,97,org.pitest.mutationtest.engine.gregor.mutators.ConditionalsBoundaryMutator,ConditionalsBoundaryMutator,SURVIVED,D1,1,0,0,0,0,0,0,0,0,0,0,0,0,0,0,0,0,0,0,0,0,0,0,0,0,0,0,0,0,0,0,0,0,0,0,0,0,0,0,0,0,0,0,0,0,0,0,0,0,0,0,0,0,0,0,0,0,0,0,0,0,0,0,0,0,0,0,0,0,0,0,0,0,0,0,0,0,0,0,0,0,0,0,0,0,0
cu_binom,binomialCoefficient,(II)J,"G,Istar,Ole",cu_binom#M003,100,org.pitest.mutationtest.engine.gregor.mutators.ConditionalsBoundaryMutator,ConditionalsBoundaryMutator,KILLED,D1,1,1,0,0,0,0,0,0,0,0,0,0,0,0,0,0,0,0,0,0,0,0,0,0,0,0,0,0,0,0,0,0,0,0,0,0,0,0,0,0,0,0,0,0,0,0,0,0,0,0,0,0,0,0,0,0,0,0,0,0,0,0,0,0,0,1,0,0,0,0,0,0,0,0,0,0,0,0,0,0,0,0,0,0,0,0
cu_binom,binomialCoefficient,(II)J,"G,Istar,Ole",cu_binom#M004,104,org.pitest.mutationtest.engine.gregor.mutators.ConditionalsBoundaryMutator,ConditionalsBoundaryMutator,NO_COVERAGE,D1,0,0,0,0,0,0,0,0,0,0,0,0,0,0,0,0,0,0,0,0,0,0,0,0,0,0,0,0,0,0,0,0,0,0,0,0,0,0,0,0,0,0,0,0,0,0,0,0,0,0,0,0,0,0,0,0,0,0,0,0,0,0,0,0,0,0,0,0,0,0,0,0,0,0,0,0,0,0,0,0,0,0,0,0,0,0
cu_binom,binomialCoefficient,(II)J,"G,Istar,Ole",cu_binom#M005,108,org.pitest.mutationtest.engine.gregor.mutators.ConditionalsBoundaryMutator,ConditionalsBoundaryMutator,NO_COVERAGE,D1,0,0,0,0,0,0,0,0,0,0,0,0,0,0,0,0,0,0,0,0,0,0,0,0,0,0,0,0,0,0,0,0,0,0,0,0,0,0,0,0,0,0,0,0,0,0,0,0,0,0,0,0,0,0,0,0,0,0,0,0,0,0,0,0,0,0,0,0,0,0,0,0,0,0,0,0,0,0,0,0,0,0,0,0,0,0
cu_binom,binomialCoefficient,(II)J,"G,Istar,Ole",cu_binom#M006,124,org.pitest.mutationtest.engine.gregor.mutators.ConditionalsBoundaryMutator,ConditionalsBoundaryMutator,NO_COVERAGE,D1,0,0,0,0,0,0,0,0,0,0,0,0,0,0,0,0,0,0,0,0,0,0,0,0,0,0,0,0,0,0,0,0,0,0,0,0,0,0,0,0,0,0,0,0,0,0,0,0,0,0,0,0,0,0,0,0,0,0,0,0,0,0,0,0,0,0,0,0,0,0,0,0,0,0,0,0,0,0,0,0,0,0,0,0,0,0
cu_binom,binomialCoefficient,(II)J,"G,Istar,Ole",cu_binom#M007,102,org.pitest.mutationtest.engine.gregor.mutators.IncrementsMutator,IncrementsMutator,KILLED,D1,1,1,0,0,0,0,0,0,0,0,0,0,0,0,0,0,0,0,0,0,0,0,0,0,0,0,0,0,0,0,0,0,0,0,0,0,0,0,0,0,0,0,0,0,0,0,0,0,0,0,0,0,0,0,0,0,0,0,0,0,0,0,0,0,0,1,0,0,0,0,0,0,0,0,0,0,0,0,0,0,0,0,0,0,0,0
cu_binom,binomialCoefficient,(II)J,"G,Istar,Ole",cu_binom#M008,117,org.pitest.mutationtest.engine.gregor.mutators.IncrementsMutator,IncrementsMutator,NO_COVERAGE,D1,0,0,0,0,0,0,0,0,0,0,0,0,0,0,0,0,0,0,0,0,0,0,0,0,0,0,0,0,0,0,0,0,0,0,0,0,0,0,0,0,0,0,0,0,0,0,0,0,0,0,0,0,0,0,0,0,0,0,0,0,0,0,0,0,0,0,0,0,0,0,0,0,0,0,0,0,0,0,0,0,0,0,0,0,0,0
cu_binom,binomialCoefficient,(II)J,"G,Istar,Ole",cu_binom#M009,127,org.pitest.mutationtest.engine.gregor.mutators.IncrementsMutator,IncrementsMutator,NO_COVERAGE,D1,0,0,0,0,0,0,0,0,0,0,0,0,0,0,0,0,0,0,0,0,0,0,0,0,0,0,0,0,0,0,0,0,0,0,0,0,0,0,0,0,0,0,0,0,0,0,0,0,0,0,0,0,0,0,0,0,0,0,0,0,0,0,0,0,0,0,0,0,0,0,0,0,0,0,0,0,0,0,0,0,0,0,0,0,0,0
cu_binom,binomialCoefficient,(II)J,"G,Istar,Ole",cu_binom#M010,83,org.pitest.mutationtest.engine.gregor.mutators.MathMutator,MathMutator,SURVIVED,D1,1,0,0,0,0,0,0,0,0,0,0,0,0,0,0,0,0,0,0,0,0,0,0,0,0,0,0,0,0,0,0,0,0,0,0,0,0,0,0,0,0,0,0,0,0,0,0,0,0,0,0,0,0,0,0,0,0,0,0,0,0,0,0,0,0,0,0,0,0,0,0,0,0,0,0,0,0,0,0,0,0,0,0,0,0,0
cu_binom,binomialCoefficient,(II)J,"G,Istar,Ole",cu_binom#M011,87,org.pitest.mutationtest.engine.gregor.mutators.MathMutator,MathMutator,SURVIVED,D1,1,0,0,0,0,0,0,0,0,0,0,0,0,0,0,0,0,0,0,0,0,0,0,0,0,0,0,0,0,0,0,0,0,0,0,0,0,0,0,0,0,0,0,0,0,0,0,0,0,0,0,0,0,0,0,0,0,0,0,0,0,0,0,0,0,0,0,0,0,0,0,0,0,0,0,0,0,0,0,0,0,0,0,0,0,0
cu_binom,binomialCoefficient,(II)J,"G,Istar,Ole",cu_binom#M012,88,org.pitest.mutationtest.engine.gregor.mutators.MathMutator,MathMutator,KILLED,D1,1,1,1,1,0,0,0,0,0,0,0,0,0,0,0,0,0,0,0,0,0,0,0,1,0,0,1,0,0,0,0,0,0,0,0,0,0,0,0,0,0,0,0,0,0,0,0,0,0,0,0,0,0,0,0,0,0,0,0,0,0,0,0,0,0,1,0,0,0,0,0,0,0,0,0,0,0,0,0,0,0,0,0,0,1,0
cu_binom,binomialCoefficient,(II)J,"G,Istar,Ole",cu_binom#M013,99,org.pitest.mutationtest.engine.gregor.mutators.MathMutator,MathMutator,KILLED,D1,1,1,0,0,0,0,0,0,0,0,0,0,0,0,0,0,0,0,0,0,0,0,0,0,0,0,0,0,0,0,0,0,0,0,0,0,0,0,0,0,0,0,0,0,0,0,0,0,0,0,0,0,0,0,0,0,0,0,0,0,0,0,0,0,0,1,0,0,0,0,0,0,0,0,0,0,0,0,0,0,0,0,0,0,0,0
cu_binom,binomialCoefficient,(II)J,"G,Istar,Ole",cu_binom#M014,99,org.pitest.mutationtest.engine.gregor.mutators.MathMutator,MathMutator,KILLED,D1,1,1,0,0,0,0,0,0,0,0,0,0,0,0,0,0,0,0,0,0,0,0,0,0,0,0,0,0,0,0,0,0,0,0,0,0,0,0,0,0,0,0,0,0,0,0,0,0,0,0,0,0,0,0,0,0,0,0,0,0,0,0,0,0,0,1,0,0,0,0,0,0,0,0,0,0,0,0,0,0,0,0,0,0,0,0
cu_binom,binomialCoefficient,(II)J,"G,Istar,Ole",cu_binom#M015,101,org.pitest.mutationtest.engine.gregor.mutators.MathMutator,MathMutator,KILLED,D1,1,1,0,0,0,0,0,0,0,0,0,0,0,0,0,0,0,0,0,0,0,0,0,0,0,0,0,0,0,0,0,0,0,0,0,0,0,0,0,0,0,0,0,0,0,0,0,0,0,0,0,0,0,0,0,0,0,0,0,0,0,0,0,0,0,1,0,0,0,0,0,0,0,0,0,0,0,0,0,0,0,0,0,0,0,0
cu_binom,binomialCoefficient,(II)J,"G,Istar,Ole",cu_binom#M016,101,org.pitest.mutationtest.engine.gregor.mutators.MathMutator,MathMutator,KILLED,D1,1,1,0,0,0,0,0,0,0,0,0,0,0,0,0,0,0,0,0,0,0,0,0,0,0,0,0,0,0,0,0,0,0,0,0,0,0,0,0,0,0,0,0,0,0,0,0,0,0,0,0,0,0,0,0,0,0,0,0,0,0,0,0,0,0,1,0,0,0,0,0,0,0,0,0,0,0,0,0,0,0,0,0,0,0,0
cu_binom,binomialCoefficient,(II)J,"G,Istar,Ole",cu_binom#M017,107,org.pitest.mutationtest.engine.gregor.mutators.MathMutator,MathMutator,NO_COVERAGE,D1,0,0,0,0,0,0,0,0,0,0,0,0,0,0,0,0,0,0,0,0,0,0,0,0,0,0,0,0,0,0,0,0,0,0,0,0,0,0,0,0,0,0,0,0,0,0,0,0,0,0,0,0,0,0,0,0,0,0,0,0,0,0,0,0,0,0,0,0,0,0,0,0,0,0,0,0,0,0,0,0,0,0,0,0,0,0
cu_binom,binomialCoefficient,(II)J,"G,Istar,Ole",cu_binom#M018,107,org.pitest.mutationtest.engine.gregor.mutators.MathMutator,MathMutator,NO_COVERAGE,D1,0,0,0,0,0,0,0,0,0,0,0,0,0,0,0,0,0,0,0,0,0,0,0,0,0,0,0,0,0,0,0,0,0,0,0,0,0,0,0,0,0,0,0,0,0,0,0,0,0,0,0,0,0,0,0,0,0,0,0,0,0,0,0,0,0,0,0,0,0,0,0,0,0,0,0,0,0,0,0,0,0,0,0,0,0,0
cu_binom,binomialCoefficient,(II)J,"G,Istar,Ole",cu_binom#M019,116,org.pitest.mutationtest.engine.gregor.mutators.MathMutator,MathMutator,NO_COVERAGE,D1,0,0,0,0,0,0,0,0,0,0,0,0,0,0,0,0,0,0,0,0,0,0,0,0,0,0,0,0,0,0,0,0,0,0,0,0,0,0,0,0,0,0,0,0,0,0,0,0,0,0,0,0,0,0,0,0,0,0,0,0,0,0,0,0,0,0,0,0,0,0,0,0,0,0,0,0,0,0,0,0,0,0,0,0,0,0
cu_binom,binomialCoefficient,(II)J,"G,Istar,Ole",cu_binom#M020,116,org.pitest.mutationtest.engine.gregor.mutators.MathMutator,MathMutator,NO_COVERAGE,D1,0,0,0,0,0,0,0,0,0,0,0,0,0,0,0,0,0,0,0,0,0,0,0,0,0,0,0,0,0,0,0,0,0,0,0,0,0,0,0,0,0,0,0,0,0,0,0,0,0,0,0,0,0,0,0,0,0,0,0,0,0,0,0,0,0,0,0,0,0,0,0,0,0,0,0,0,0,0,0,0,0,0,0,0,0,0
cu_binom,binomialCoefficient,(II)J,"G,Istar,Ole",cu_binom#M021,116,org.pitest.mutationtest.engine.gregor.mutators.MathMutator,MathMutator,NO_COVERAGE,D1,0,0,0,0,0,0,0,0,0,0,0,0,0,0,0,0,0,0,0,0,0,0,0,0,0,0,0,0,0,0,0,0,0,0,0,0,0,0,0,0,0,0,0,0,0,0,0,0,0,0,0,0,0,0,0,0,0,0,0,0,0,0,0,0,0,0,0,0,0,0,0,0,0,0,0,0,0,0,0,0,0,0,0,0,0,0
cu_binom,binomialCoefficient,(II)J,"G,Istar,Ole",cu_binom#M022,116,org.pitest.mutationtest.engine.gregor.mutators.MathMutator,MathMutator,NO_COVERAGE,D1,0,0,0,0,0,0,0,0,0,0,0,0,0,0,0,0,0,0,0,0,0,0,0,0,0,0,0,0,0,0,0,0,0,0,0,0,0,0,0,0,0,0,0,0,0,0,0,0,0,0,0,0,0,0,0,0,0,0,0,0,0,0,0,0,0,0,0,0,0,0,0,0,0,0,0,0,0,0,0,0,0,0,0,0,0,0
cu_binom,binomialCoefficient,(II)J,"G,Istar,Ole",cu_binom#M023,123,org.pitest.mutationtest.engine.gregor.mutators.MathMutator,MathMutator,NO_COVERAGE,D1,0,0,0,0,0,0,0,0,0,0,0,0,0,0,0,0,0,0,0,0,0,0,0,0,0,0,0,0,0,0,0,0,0,0,0,0,0,0,0,0,0,0,0,0,0,0,0,0,0,0,0,0,0,0,0,0,0,0,0,0,0,0,0,0,0,0,0,0,0,0,0,0,0,0,0,0,0,0,0,0,0,0,0,0,0,0
cu_binom,binomialCoefficient,(II)J,"G,Istar,Ole",cu_binom#M024,123,org.pitest.mutationtest.engine.gregor.mutators.MathMutator,MathMutator,NO_COVERAGE,D1,0,0,0,0,0,0,0,0,0,0,0,0,0,0,0,0,0,0,0,0,0,0,0,0,0,0,0,0,0,0,0,0,0,0,0,0,0,0,0,0,0,0,0,0,0,0,0,0,0,0,0,0,0,0,0,0,0,0,0,0,0,0,0,0,0,0,0,0,0,0,0,0,0,0,0,0,0,0,0,0,0,0,0,0,0,0
cu_binom,binomialCoefficient,(II)J,"G,Istar,Ole",cu_binom#M025,126,org.pitest.mutationtest.engine.gregor.mutators.MathMutator,MathMutator,NO_COVERAGE,D1,0,0,0,0,0,0,0,0,0,0,0,0,0,0,0,0,0,0,0,0,0,0,0,0,0,0,0,0,0,0,0,0,0,0,0,0,0,0,0,0,0,0,0,0,0,0,0,0,0,0,0,0,0,0,0,0,0,0,0,0,0,0,0,0,0,0,0,0,0,0,0,0,0,0,0,0,0,0,0,0,0,0,0,0,0,0
cu_binom,binomialCoefficient,(II)J,"G,Istar,Ole",cu_binom#M026,126,org.pitest.mutationtest.engine.gregor.mutators.MathMutator,MathMutator,NO_COVERAGE,D1,0,0,0,0,0,0,0,0,0,0,0,0,0,0,0,0,0,0,0,0,0,0,0,0,0,0,0,0,0,0,0,0,0,0,0,0,0,0,0,0,0,0,0,0,0,0,0,0,0,0,0,0,0,0,0,0,0,0,0,0,0,0,0,0,0,0,0,0,0,0,0,0,0,0,0,0,0,0,0,0,0,0,0,0,0,0
cu_binom,binomialCoefficient,(II)J,"G,Istar,Ole",cu_binom#M027,126,org.pitest.mutationtest.engine.gregor.mutators.MathMutator,MathMutator,NO_COVERAGE,D1,0,0,0,0,0,0,0,0,0,0,0,0,0,0,0,0,0,0,0,0,0,0,0,0,0,0,0,0,0,0,0,0,0,0,0,0,0,0,0,0,0,0,0,0,0,0,0,0,0,0,0,0,0,0,0,0,0,0,0,0,0,0,0,0,0,0,0,0,0,0,0,0,0,0,0,0,0,0,0,0,0,0,0,0,0,0
cu_binom,binomialCoefficient,(II)J,"G,Istar,Ole",cu_binom#M028,80,org.pitest.mutationtest.engine.gregor.mutators.RemoveConditionalMutator_EQUAL_ELSE,RemoveConditionalMutator_EQUAL_ELSE,KILLED,D1,1,1,0,0,0,0,0,0,0,0,0,0,0,0,0,0,0,0,0,0,0,0,0,0,0,0,0,0,0,0,0,0,0,0,0,0,0,0,0,0,0,0,0,0,0,0,0,0,0,0,0,0,0,0,0,0,0,0,0,0,0,0,0,0,0,1,0,0,0,0,0,0,0,0,0,0,0,0,0,0,0,0,0,0,0,0
cu_binom,binomialCoefficient,(II)J,"G,Istar,Ole",cu_binom#M029,80,org.pitest.mutationtest.engine.gregor.mutators.RemoveConditionalMutator_EQUAL_ELSE,RemoveConditionalMutator_EQUAL_ELSE,SURVIVED,D1,1,0,0,0,0,0,0,0,0,0,0,0,0,0,0,0,0,0,0,0,0,0,0,0,0,0,0,0,0,0,0,0,0,0,0,0,0,0,0,0,0,0,0,0,0,0,0,0,0,0,0,0,0,0,0,0,0,0,0,0,0,0,0,0,0,0,0,0,0,0,0,0,0,0,0,0,0,0,0,0,0,0,0,0,0,0
cu_binom,binomialCoefficient,(II)J,"G,Istar,Ole",cu_binom#M030,83,org.pitest.mutationtest.engine.gregor.mutators.RemoveConditionalMutator_EQUAL_ELSE,RemoveConditionalMutator_EQUAL_ELSE,KILLED,D1,1,1,0,0,0,0,0,0,0,0,0,0,0,0,0,0,0,0,0,0,0,0,0,0,0,0,0,0,0,0,0,0,0,0,0,0,0,0,0,0,0,0,0,0,0,0,0,0,0,0,0,0,0,0,0,0,0,0,0,0,0,0,0,0,0,1,0,0,0,0,0,0,0,0,0,0,0,0,0,0,0,0,0,0,0,0
cu_binom,binomialCoefficient,(II)J,"G,Istar,Ole",cu_binom#M031,83,org.pitest.mutationtest.engine.gregor.mutators.RemoveConditionalMutator_EQUAL_ELSE,RemoveConditionalMutator_EQUAL_ELSE,SURVIVED,D1,1,0,0,0,0,0,0,0,0,0,0,0,0,0,0,0,0,0,0,0,0,0,0,0,0,0,0,0,0,0,0,0,0,0,0,0,0,0,0,0,0,0,0,0,0,0,0,0,0,0,0,0,0,0,0,0,0,0,0,0,0,0,0,0,0,0,0,0,0,0,0,0,0,0,0,0,0,0,0,0,0,0,0,0,0,0
cu_binom,binomialCoefficient,(II)J,"G,Istar,Ole",cu_binom#M032,87,org.pitest.mutationtest.engine.gregor.mutators.RemoveConditionalMutator_ORDER_ELSE,RemoveConditionalMutator_ORDER_ELSE,SURVIVED,D1,1,0,0,0,0,0,0,0,0,0,0,0,0,0,0,0,0,0,0,0,0,0,0,0,0,0,0,0,0,0,0,0,0,0,0,0,0,0,0,0,0,0,0,0,0,0,0,0,0,0,0,0,0,0,0,0,0,0,0,0,0,0,0,0,0,0,0,0,0,0,0,0,0,0,0,0,0,0,0,0,0,0,0,0,0,0
cu_binom,binomialCoefficient,(II)J,"G,Istar,Ole",cu_binom#M033,97,org.pitest.mutationtest.engine.gregor.mutators.RemoveConditionalMutator_ORDER_ELSE,RemoveConditionalMutator_ORDER_ELSE,SURVIVED,D1,1,0,0,0,0,0,0,0,0,0,0,0,0,0,0,0,0,0,0,0,0,0,0,0,0,0,0,0,0,0,0,0,0,0,0,0,0,0,0,0,0,0,0,0,0,0,0,0,0,0,0,0,0,0,0,0,0,0,0,0,0,0,0,0,0,0,0,0,0,0,0,0,0,0,0,0,0,0,0,0,0,0,0,0,0,0
cu_binom,binomialCoefficient,(II)J,"G,Istar,Ole",cu_binom#M034,100,org.pitest.mutationtest.engine.gregor.mutators.RemoveConditionalMutator_ORDER_ELSE,RemoveConditionalMutator_ORDER_ELSE,KILLED,D1,1,1,0,0,0,0,0,0,0,0,0,0,0,0,0,0,0,0,0,0,0,0,0,0,0,0,0,0,0,0,0,0,0,0,0,0,0,0,0,0,0,0,0,0,0,0,0,0,0,0,0,0,0,0,0,0,0,0,0,0,0,0,0,0,0,1,0,0,0,0,0,0,0,0,0,0,0,0,0,0,0,0,0,0,0,0
cu_binom,binomialCoefficient,(II)J,"G,Istar,Ole",cu_binom#M035,104,org.pitest.mutationtest.engine.gregor.mutators.RemoveConditionalMutator_ORDER_ELSE,RemoveConditionalMutator_ORDER_ELSE,NO_COVERAGE,D1,0,0,0,0,0,0,0,0,0,0,0,0,0,0,0,0,0,0,0,0,0,0,0,0,0,0,0,0,0,0,0,0,0,0,0,0,0,0,0,0,0,0,0,0,0,0,0,0,0,0,0,0,0,0,0,0,0,0,0,0,0,0,0,0,0,0,0,0,0,0,0,0,0,0,0,0,0,0,0,0,0,0,0,0,0,0
cu_binom,binomialCoefficient,(II)J,"G,Istar,Ole",cu_binom#M036,108,org.pitest.mutationtest.engine.gregor.mutators.RemoveConditionalMutator_ORDER_ELSE,RemoveConditionalMutator_ORDER_ELSE,NO_COVERAGE,D1,0,0,0,0,0,0,0,0,0,0,0,0,0,0,0,0,0,0,0,0,0,0,0,0,0,0,0,0,0,0,0,0,0,0,0,0,0,0,0,0,0,0,0,0,0,0,0,0,0,0,0,0,0,0,0,0,0,0,0,0,0,0,0,0,0,0,0,0,0,0,0,0,0,0,0,0,0,0,0,0,0,0,0,0,0,0
cu_binom,binomialCoefficient,(II)J,"G,Istar,Ole",cu_binom#M037,124,org.pitest.mutationtest.engine.gregor.mutators.RemoveConditionalMutator_ORDER_ELSE,RemoveConditionalMutator_ORDER_ELSE,NO_COVERAGE,D1,0,0,0,0,0,0,0,0,0,0,0,0,0,0,0,0,0,0,0,0,0,0,0,0,0,0,0,0,0,0,0,0,0,0,0,0,0,0,0,0,0,0,0,0,0,0,0,0,0,0,0,0,0,0,0,0,0,0,0,0,0,0,0,0,0,0,0,0,0,0,0,0,0,0,0,0,0,0,0,0,0,0,0,0,0,0
cu_binom,binomialCoefficient,(II)J,"G,Istar,Ole",cu_binom#M038,79,org.pitest.mutationtest.engine.gregor.mutators.VoidMethodCallMutator,VoidMethodCallMutator,SURVIVED,D2,1,0,0,0,0,0,0,0,0,0,0,0,0,0,0,0,0,0,0,0,0,0,0,0,0,0,0,0,0,0,0,0,0,0,0,0,0,0,0,0,0,0,0,0,0,0,0,0,0,0,0,0,0,0,0,0,0,0,0,0,0,0,0,0,0,0,0,0,0,0,0,0,0,0,0,0,0,0,0,0,0,0,0,0,0,0
cu_binom,binomialCoefficient,(II)J,"G,Istar,Ole",cu_binom#M039,81,org.pitest.mutationtest.engine.gregor.mutators.returns.PrimitiveReturnsMutator,PrimitiveReturnsMutator,KILLED,D2,1,1,0,0,0,0,0,0,0,0,0,0,0,0,0,0,0,0,0,0,0,0,0,0,0,0,0,0,0,0,0,0,0,0,0,0,0,0,0,0,1,0,0,0,0,0,0,0,0,0,0,0,0,0,0,0,0,0,0,0,0,0,0,0,0,1,0,0,0,0,0,0,0,0,0,0,0,0,0,0,0,0,0,0,0,0
cu_binom,binomialCoefficient,(II)J,"G,Istar,Ole",cu_binom#M040,84,org.pitest.mutationtest.engine.gregor.mutators.returns.PrimitiveReturnsMutator,PrimitiveReturnsMutator,KILLED,D2,1,1,0,0,0,0,0,0,0,0,0,0,0,0,0,0,0,0,0,0,0,0,0,0,0,0,0,0,0,0,0,0,0,0,0,0,0,0,0,0,0,0,0,0,0,0,0,0,0,0,0,0,0,0,0,0,0,0,0,0,0,0,0,0,0,1,0,0,0,0,0,0,0,0,0,0,0,0,0,0,0,0,0,0,0,0
cu_binom,binomialCoefficient,(II)J,"G,Istar,Ole",cu_binom#M041,88,org.pitest.mutationtest.engine.gregor.mutators.returns.PrimitiveReturnsMutator,PrimitiveReturnsMutator,KILLED,D2,1,1,1,1,0,0,0,0,0,0,0,0,0,0,0,0,0,0,0,0,0,0,0,1,0,0,1,0,0,0,0,0,0,0,0,0,0,0,0,0,0,0,0,0,0,0,0,0,0,0,0,0,0,0,0,0,0,0,0,0,0,0,0,0,0,1,0,0,0,0,0,0,0,0,0,0,0,0,0,0,0,0,0,0,1,0
cu_binom,binomialCoefficient,(II)J,"G,Istar,Ole",cu_binom#M042,130,org.pitest.mutationtest.engine.gregor.mutators.returns.PrimitiveReturnsMutator,PrimitiveReturnsMutator,KILLED,D2,1,1,0,0,0,0,0,0,0,0,0,0,0,0,0,0,0,0,0,0,0,0,0,0,0,0,0,0,0,0,0,0,0,0,0,0,0,0,0,0,0,0,0,0,0,0,0,0,0,0,0,0,0,0,0,0,0,0,0,0,0,0,0,0,0,1,0,0,0,0,0,0,0,0,0,0,0,0,0,0,0,0,0,0,0,0
cu_factorial,factorial,(I)J,"Lstar,Istar,Ole",cu_factorial#M001,276,org.pitest.mutationtest.engine.gregor.mutators.ConditionalsBoundaryMutator,ConditionalsBoundaryMutator,KILLED,D1,1,1,1,1,1,0,0,0,0,0,0,0,0,0,0,0,0,0,0,0,0,0,0,0,0,0,0,1,0,0,0,0,0,0,1,0,0,0,0,0,0,0,0,0,0,0,0,0,0,0,0,0,0,0,0,0,0,0,0,1,0,0,0,0,0,0,0,0,0,0,0,0,0,0,0,0,1,0,0,0,0,0,0,0,0,0
cu_factorial,factorial,(I)J,"Lstar,Istar,Ole",cu_factorial#M002,280,org.pitest.mutationtest.engine.gregor.mutators.ConditionalsBoundaryMutator,ConditionalsBoundaryMutator,KILLED,D1,1,1,0,1,0,0,0,0,0,0,0,0,0,0,0,0,0,0,0,0,0,0,0,0,0,0,0,1,0,0,0,0,0,0,0,0,0,0,0,0,0,0,0,0,0,0,0,0,0,0,0,0,0,0,0,0,0,0,0,1,0,0,0,0,0,0,0,0,0,0,0,0,0,0,0,0,1,0,0,0,0,0,0,0,0,0
cu_factorial,factorial,(I)J,"Lstar,Istar,Ole",cu_factorial#M003,276,org.pitest.mutationtest.engine.gregor.mutators.RemoveConditionalMutator_ORDER_ELSE,RemoveConditionalMutator_ORDER_ELSE,SURVIVED,D1,1,0,0,0,0,0,0,0,0,0,0,0,0,0,0,0,0,0,0,0,0,0,0,0,0,0,0,0,0,0,0,0,0,0,0,0,0,0,0,0,0,0,0,0,0,0,0,0,0,0,0,0,0,0,0,0,0,0,0,0,0,0,0,0,0,0,0,0,0,0,0,0,0,0,0,0,0,0,0,0,0,0,0,0,0,0
cu_factorial,factorial,(I)J,"Lstar,Istar,Ole",cu_factorial#M004,280,org.pitest.mutationtest.engine.gregor.mutators.RemoveConditionalMutator_ORDER_ELSE,RemoveConditionalMutator_ORDER_ELSE,SURVIVED,D1,1,0,0,0,0,0,0,0,0,0,0,0,0,0,0,0,0,0,0,0,0,0,0,0,0,0,0,0,0,0,0,0,0,0,0,0,0,0,0,0,0,0,0,0,0,0,0,0,0,0,0,0,0,0,0,0,0,0,0,0,0,0,0,0,0,0,0,0,0,0,0,0,0,0,0,0,0,0,0,0,0,0,0,0,0,0
cu_factorial,factorial,(I)J,"Lstar,Istar,Ole",cu_factorial#M005,283,org.pitest.mutationtest.engine.gregor.mutators.returns.PrimitiveReturnsMutator,PrimitiveReturnsMutator,KILLED,D2,1,1,1,0,1,0,0,0,0,0,0,0,0,0,0,0,0,0,0,0,0,0,0,0,0,0,0,0,0,0,0,0,0,0,1,0,0,0,0,0,0,0,0,0,0,0,0,0,0,0,0,0,0,0,0,0,0,0,0,0,0,0,0,0,0,0,0,0,0,0,0,0,0,0,0,0,0,0,0,0,0,0,0,0,0,0
au_stirling,stirlingS2,(II)J,"Istar,Ole",au_stirling#M001,875,org.pitest.mutationtest.engine.gregor.mutators.returns.PrimitiveReturnsMutator,PrimitiveReturnsMutator,KILLED,D2,1,1,1,1,0,0,0,0,1,0,0,0,0,0,0,0,0,0,0,0,0,0,0,0,0,0,1,0,0,0,0,0,0,0,0,0,0,0,0,0,0,1,1,0,0,0,0,0,0,0,0,0,0,0,0,0,0,0,0,0,0,0,0,0,0,0,0,0,0,0,0,0,0,0,0,0,0,0,0,0,0,0,0,0,0,0
fm_hypot,hypot,(DD)D,"G,Lstar,Istar",fm_hypot#M001,3682,org.pitest.mutationtest.engine.gregor.mutators.ConditionalsBoundaryMutator,ConditionalsBoundaryMutator,SURVIVED,D1,1,0,0,0,0,0,0,0,0,0,0,0,0,0,0,0,0,0,0,0,0,0,0,0,0,0,0,0,0,0,0,0,0,0,0,0,0,0,0,0,0,0,0,0,0,0,0,0,0,0,0,0,0,0,0,0,0,0,0,0,0,0,0,0,0,0,0,0,0,0,0,0,0,0,0,0,0,0,0,0,0,0,0,0,0,0
fm_hypot,hypot,(DD)D,"G,Lstar,Istar",fm_hypot#M002,3685,org.pitest.mutationtest.engine.gregor.mutators.ConditionalsBoundaryMutator,ConditionalsBoundaryMutator,SURVIVED,D1,1,0,0,0,0,0,0,0,0,0,0,0,0,0,0,0,0,0,0,0,0,0,0,0,0,0,0,0,0,0,0,0,0,0,0,0,0,0,0,0,0,0,0,0,0,0,0,0,0,0,0,0,0,0,0,0,0,0,0,0,0,0,0,0,0,0,0,0,0,0,0,0,0,0,0,0,0,0,0,0,0,0,0,0,0,0
fm_hypot,hypot,(DD)D,"G,Lstar,Istar",fm_hypot#M003,3694,org.pitest.mutationtest.engine.gregor.mutators.InvertNegsMutator,InvertNegsMutator,KILLED,D1,1,1,1,1,0,0,0,0,0,0,0,0,0,0,0,0,0,0,0,1,0,0,0,0,0,0,1,1,0,0,0,0,0,0,0,0,0,0,0,0,0,0,0,0,0,0,0,0,0,1,0,0,0,0,0,0,0,0,0,0,0,0,0,0,0,0,0,1,0,0,0,0,0,0,0,0,0,0,0,0,0,0,0,0,0,0
fm_hypot,hypot,(DD)D,"G,Lstar,Istar",fm_hypot#M004,3695,org.pitest.mutationtest.engine.gregor.mutators.InvertNegsMutator,InvertNegsMutator,KILLED,D1,1,1,1,1,0,0,0,0,0,0,0,0,0,0,0,0,0,0,0,1,0,0,0,0,0,0,1,1,0,0,0,0,0,0,0,0,0,0,0,0,0,0,0,0,0,0,0,0,0,1,0,0,0,0,0,0,0,0,0,0,0,0,0,0,0,0,0,1,0,0,0,0,0,0,0,0,0,0,0,0,0,0,0,0,0,0
fm_hypot,hypot,(DD)D,"G,Lstar,Istar",fm_hypot#M005,3682,org.pitest.mutationtest.engine.gregor.mutators.MathMutator,MathMutator,KILLED,D1,1,1,1,1,0,0,0,0,0,0,0,0,0,0,0,0,0,0,0,1,0,0,0,0,0,0,1,0,0,0,0,0,0,0,0,0,0,0,0,0,0,0,0,0,0,0,0,0,0,0,0,0,0,0,0,0,0,0,0,0,0,0,0,0,0,0,0,1,0,0,0,0,0,0,0,0,0,0,0,0,0,0,0,0,0,0
fm_hypot,hypot,(DD)D,"G,Lstar,Istar",fm_hypot#M006,3685,org.pitest.mutationtest.engine.gregor.mutators.MathMutator,MathMutator,KILLED,D1,1,1,1,1,0,0,0,0,0,0,0,0,0,0,0,0,0,0,0,1,0,0,0,0,0,0,1,0,0,0,0,0,0,0,0,0,0,0,0,0,0,0,0,0,0,0,0,0,0,0,0,0,0,0,0,0,0,1,0,0,0,0,0,0,0,0,0,1,0,0,0,0,0,0,0,0,0,0,0,0,0,0,0,0,0,0
fm_hypot,hypot,(DD)D,"G,Lstar,Istar",fm_hypot#M007,3691,org.pitest.mutationtest.engine.gregor.mutators.MathMutator,MathMutator,SURVIVED,D1,1,0,0,0,0,0,0,0,0,0,0,0,0,0,0,0,0,0,0,0,0,0,0,0,0,0,0,0,0,0,0,0,0,0,0,0,0,0,0,0,0,0,0,0,0,0,0,0,0,0,0,0,0,0,0,0,0,0,0,0,0,0,0,0,0,0,0,0,0,0,0,0,0,0,0,0,0,0,0,0,0,0,0,0,0,0
fm_hypot,hypot,(DD)D,"G,Lstar,Istar",fm_hypot#M008,3691,org.pitest.mutationtest.engine.gregor.mutators.MathMutator,MathMutator,SURVIVED,D1,1,0,0,0,0,0,0,0,0,0,0,0,0,0,0,0,0,0,0,0,0,0,0,0,0,0,0,0,0,0,0,0,0,0,0,0,0,0,0,0,0,0,0,0,0,0,0,0,0,0,0,0,0,0,0,0,0,0,0,0,0,0,0,0,0,0,0,0,0,0,0,0,0,0,0,0,0,0,0,0,0,0,0,0,0,0
fm_hypot,hypot,(DD)D,"G,Lstar,Istar",fm_hypot#M009,3698,org.pitest.mutationtest.engine.gregor.mutators.MathMutator,MathMutator,KILLED,D1,1,1,1,1,0,0,0,0,0,0,0,0,0,0,0,0,0,0,0,1,0,0,0,0,0,0,1,1,0,0,0,0,0,0,0,0,0,0,0,0,0,0,0,0,0,0,0,0,0,1,0,0,0,0,0,0,0,1,0,0,0,0,0,0,0,0,0,1,0,0,0,0,0,0,0,0,0,0,0,0,0,0,0,0,0,0
fm_hypot,hypot,(DD)D,"G,Lstar,Istar",fm_hypot#M010,3698,org.pitest.mutationtest.engine.gregor.mutators.MathMutator,MathMutator,KILLED,D1,1,1,1,1,0,0,0,0,0,0,0,0,0,0,0,0,0,0,0,1,0,0,0,0,0,0,1,1,0,0,0,0,0,0,0,0,0,0,0,0,0,0,0,0,0,0,0,0,0,1,0,0,0,0,0,0,0,0,0,0,0,0,0,0,0,0,0,1,0,0,0,0,0,0,0,0,0,0,0,0,0,0,0,0,0,0
fm_hypot,hypot,(DD)D,"G,Lstar,Istar",fm_hypot#M011,3698,org.pitest.mutationtest.engine.gregor.mutators.MathMutator,MathMutator,KILLED,D1,1,1,1,1,0,0,0,0,0,0,0,0,0,0,0,0,0,0,0,1,0,0,0,0,0,0,1,0,0,0,0,0,0,0,0,0,0,0,0,0,0,0,0,0,0,0,0,0,0,0,0,0,0,0,0,0,0,1,0,0,0,0,0,0,0,0,0,1,0,0,0,0,0,0,0,0,0,0,0,0,0,0,0,0,0,0
fm_hypot,hypot,(DD)D,"G,Lstar,Istar",fm_hypot#M012,3674,org.pitest.mutationtest.engine.gregor.mutators.RemoveConditionalMutator_EQUAL_ELSE,RemoveConditionalMutator_EQUAL_ELSE,SURVIVED,D1,1,0,0,0,0,0,0,0,0,0,0,0,0,0,0,0,0,0,0,0,0,0,0,0,0,0,0,0,0,0,0,0,0,0,0,0,0,0,0,0,0,0,0,0,0,0,0,0,0,0,0,0,0,0,0,0,0,0,0,0,0,0,0,0,0,0,0,0,0,0,0,0,0,0,0,0,0,0,0,0,0,0,0,0,0,0
fm_hypot,hypot,(DD)D,"G,Lstar,Istar",fm_hypot#M013,3674,org.pitest.mutationtest.engine.gregor.mutators.RemoveConditionalMutator_EQUAL_ELSE,RemoveConditionalMutator_EQUAL_ELSE,SURVIVED,D1,1,0,0,0,0,0,0,0,0,0,0,0,0,0,0,0,0,0,0,0,0,0,0,0,0,0,0,0,0,0,0,0,0,0,0,0,0,0,0,0,0,0,0,0,0,0,0,0,0,0,0,0,0,0,0,0,0,0,0,0,0,0,0,0,0,0,0,0,0,0,0,0,0,0,0,0,0,0,0,0,0,0,0,0,0,0
fm_hypot,hypot,(DD)D,"G,Lstar,Istar",fm_hypot#M014,3676,org.pitest.mutationtest.engine.gregor.mutators.RemoveConditionalMutator_EQUAL_ELSE,RemoveConditionalMutator_EQUAL_ELSE,KILLED,D1,1,1,0,0,0,0,0,0,0,0,0,0,0,0,0,0,0,0,0,0,0,0,0,0,0,0,0,0,0,0,0,0,0,0,0,0,0,0,0,0,0,0,0,0,0,0,0,0,0,0,0,0,0,0,0,0,0,1,0,0,0,0,0,0,0,0,0,0,0,0,0,0,0,0,0,0,0,0,0,0,0,0,0,0,0,0
fm_hypot,hypot,(DD)D,"G,Lstar,Istar",fm_hypot#M015,3676,org.pitest.mutationtest.engine.gregor.mutators.RemoveConditionalMutator_EQUAL_ELSE,RemoveConditionalMutator_EQUAL_ELSE,SURVIVED,D1,1,0,0,0,0,0,0,0,0,0,0,0,0,0,0,0,0,0,0,0,0,0,0,0,0,0,0,0,0,0,0,0,0,0,0,0,0,0,0,0,0,0,0,0,0,0,0,0,0,0,0,0,0,0,0,0,0,0,0,0,0,0,0,0,0,0,0,0,0,0,0,0,0,0,0,0,0,0,0,0,0,0,0,0,0,0
fm_hypot,hypot,(DD)D,"G,Lstar,Istar",fm_hypot#M016,3682,org.pitest.mutationtest.engine.gregor.mutators.RemoveConditionalMutator_ORDER_ELSE,RemoveConditionalMutator_ORDER_ELSE,KILLED,D1,1,1,1,1,0,0,0,0,0,0,0,0,0,0,0,0,0,0,0,1,0,0,0,0,0,0,1,0,0,0,0,0,0,0,0,0,0,0,0,0,0,0,0,0,0,0,0,0,0,0,0,0,0,0,0,0,0,0,0,0,0,0,0,0,0,0,0,1,0,0,0,0,0,0,0,0,0,0,0,0,0,0,0,0,0,0
fm_hypot,hypot,(DD)D,"G,Lstar,Istar",fm_hypot#M017,3685,org.pitest.mutationtest.engine.gregor.mutators.RemoveConditionalMutator_ORDER_ELSE,RemoveConditionalMutator_ORDER_ELSE,KILLED,D1,1,1,1,1,0,0,0,0,0,0,0,0,0,0,0,0,0,0,0,1,0,0,0,0,0,0,1,0,0,0,0,0,0,0,0,0,0,0,0,0,0,0,0,0,0,0,0,0,0,0,0,0,0,0,0,0,0,0,0,0,0,0,0,0,0,0,0,1,0,0,0,0,0,0,0,0,0,0,0,0,0,0,0,0,0,0
fm_hypot,hypot,(DD)D,"G,Lstar,Istar",fm_hypot#M018,3675,org.pitest.mutationtest.engine.gregor.mutators.returns.PrimitiveReturnsMutator,PrimitiveReturnsMutator,NO_COVERAGE,D2,0,0,0,0,0,0,0,0,0,0,0,0,0,0,0,0,0,0,0,0,0,0,0,0,0,0,0,0,0,0,0,0,0,0,0,0,0,0,0,0,0,0,0,0,0,0,0,0,0,0,0,0,0,0,0,0,0,0,0,0,0,0,0,0,0,0,0,0,0,0,0,0,0,0,0,0,0,0,0,0,0,0,0,0,0,0
fm_hypot,hypot,(DD)D,"G,Lstar,Istar",fm_hypot#M019,3677,org.pitest.mutationtest.engine.gregor.mutators.returns.PrimitiveReturnsMutator,PrimitiveReturnsMutator,NO_COVERAGE,D2,0,0,0,0,0,0,0,0,0,0,0,0,0,0,0,0,0,0,0,0,0,0,0,0,0,0,0,0,0,0,0,0,0,0,0,0,0,0,0,0,0,0,0,0,0,0,0,0,0,0,0,0,0,0,0,0,0,0,0,0,0,0,0,0,0,0,0,0,0,0,0,0,0,0,0,0,0,0,0,0,0,0,0,0,0,0
fm_hypot,hypot,(DD)D,"G,Lstar,Istar",fm_hypot#M020,3684,org.pitest.mutationtest.engine.gregor.mutators.returns.PrimitiveReturnsMutator,PrimitiveReturnsMutator,KILLED,D2,1,1,1,1,0,0,0,0,0,0,0,0,0,0,0,0,0,0,0,1,0,0,0,0,0,0,1,0,0,0,0,0,0,0,0,0,0,0,0,0,0,0,0,0,0,0,0,0,0,0,0,0,0,0,0,0,0,0,0,0,0,0,0,0,0,0,0,1,0,0,0,0,0,0,0,0,0,0,0,0,0,0,0,0,0,0
fm_hypot,hypot,(DD)D,"G,Lstar,Istar",fm_hypot#M021,3687,org.pitest.mutationtest.engine.gregor.mutators.returns.PrimitiveReturnsMutator,PrimitiveReturnsMutator,KILLED,D2,1,1,1,1,0,0,0,0,0,0,0,0,0,0,0,0,0,0,0,1,0,0,0,0,0,0,1,0,0,0,0,0,0,0,0,0,0,0,0,0,0,0,0,0,0,0,0,0,0,0,0,0,0,0,0,0,0,0,0,0,0,0,0,0,0,0,0,1,0,0,0,0,0,0,0,0,0,0,0,0,0,0,0,0,0,0
fm_hypot,hypot,(DD)D,"G,Lstar,Istar",fm_hypot#M022,3701,org.pitest.mutationtest.engine.gregor.mutators.returns.PrimitiveReturnsMutator,PrimitiveReturnsMutator,KILLED,D2,1,1,0,0,0,0,0,0,0,0,0,0,0,0,0,0,0,0,0,0,0,0,0,0,0,0,0,0,0,0,0,0,0,0,0,0,0,0,0,0,0,0,0,0,0,0,0,0,0,0,0,0,0,0,0,0,0,1,0,0,0,0,0,0,0,0,0,0,0,0,0,0,0,0,0,0,0,0,0,0,0,0,0,0,0,0
fm_signum_d,signum,(D)D,"G,Lstar",fm_signum_d#M001,789,org.pitest.mutationtest.engine.gregor.mutators.ConditionalsBoundaryMutator,ConditionalsBoundaryMutator,SURVIVED,D1,1,0,0,0,0,0,0,0,0,0,0,0,0,0,0,0,0,0,0,0,0,0,0,0,0,0,0,0,0,0,0,0,0,0,0,0,0,0,0,0,0,0,0,0,0,0,0,0,0,0,0,0,0,0,0,0,0,0,0,0,0,0,0,0,0,0,0,0,0,0,0,0,0,0,0,0,0,0,0,0,0,0,0,0,0,0
fm_signum_d,signum,(D)D,"G,Lstar",fm_signum_d#M002,789,org.pitest.mutationtest.engine.gregor.mutators.ConditionalsBoundaryMutator,ConditionalsBoundaryMutator,SURVIVED,D1,1,0,0,0,0,0,0,0,0,0,0,0,0,0,0,0,0,0,0,0,0,0,0,0,0,0,0,0,0,0,0,0,0,0,0,0,0,0,0,0,0,0,0,0,0,0,0,0,0,0,0,0,0,0,0,0,0,0,0,0,0,0,0,0,0,0,0,0,0,0,0,0,0,0,0,0,0,0,0,0,0,0,0,0,0,0
fm_signum_d,signum,(D)D,"G,Lstar",fm_signum_d#M003,789,org.pitest.mutationtest.engine.gregor.mutators.RemoveConditionalMutator_ORDER_ELSE,RemoveConditionalMutator_ORDER_ELSE,KILLED,D1,1,1,1,1,0,0,0,0,0,0,0,0,0,0,0,0,0,0,0,0,0,1,0,0,0,0,0,1,1,0,0,0,0,0,0,0,0,0,0,0,0,0,0,0,0,0,0,0,0,0,0,0,0,0,0,0,0,0,0,0,0,0,0,1,0,0,0,0,1,0,0,0,0,0,1,0,0,0,0,0,0,0,0,0,0,0
fm_signum_d,signum,(D)D,"G,Lstar",fm_signum_d#M004,789,org.pitest.mutationtest.engine.gregor.mutators.RemoveConditionalMutator_ORDER_ELSE,RemoveConditionalMutator_ORDER_ELSE,KILLED,D1,1,1,1,1,0,0,0,0,0,0,0,0,0,0,0,0,0,0,0,0,0,1,0,0,0,0,0,1,1,0,0,0,0,0,0,0,0,0,0,0,0,0,0,0,0,0,0,0,0,0,0,0,0,0,0,0,0,0,0,0,0,0,0,1,0,0,0,0,1,0,0,0,0,0,1,0,0,0,0,0,0,0,0,0,0,0
fm_signum_d,signum,(D)D,"G,Lstar",fm_signum_d#M005,789,org.pitest.mutationtest.engine.gregor.mutators.returns.PrimitiveReturnsMutator,PrimitiveReturnsMutator,SURVIVED,D2,1,0,0,0,0,0,0,0,0,0,0,0,0,0,0,0,0,0,0,0,0,0,0,0,0,0,0,0,0,0,0,0,0,0,0,0,0,0,0,0,0,0,0,0,0,0,0,0,0,0,0,0,0,0,0,0,0,0,0,0,0,0,0,0,0,0,0,0,0,0,0,0,0,0,0,0,0,0,0,0,0,0,0,0,0,0
fm_abs_d,abs,(D)D,"Lstar,Istar",fm_abs_d#M001,3125,org.pitest.mutationtest.engine.gregor.mutators.MathMutator,MathMutator,KILLED,D1,1,1,1,0,0,0,0,0,0,0,0,0,0,0,0,0,1,0,0,0,0,0,0,0,0,0,0,0,0,0,0,0,0,0,0,0,0,0,0,0,0,0,0,0,0,0,0,0,0,0,0,0,0,0,0,0,0,0,0,0,0,0,1,0,0,0,0,0,0,0,0,0,0,0,0,0,0,0,0,0,0,0,0,0,0,0
fm_abs_d,abs,(D)D,"Lstar,Istar",fm_abs_d#M002,3125,org.pitest.mutationtest.engine.gregor.mutators.returns.PrimitiveReturnsMutator,PrimitiveReturnsMutator,SURVIVED,D2,1,0,0,0,0,0,0,0,0,0,0,0,0,0,0,0,0,0,0,0,0,0,0,0,0,0,0,0,0,0,0,0,0,0,0,0,0,0,0,0,0,0,0,0,0,0,0,0,0,0,0,0,0,0,0,0,0,0,0,0,0,0,0,0,0,0,0,0,0,0,0,0,0,0,0,0,0,0,0,0,0,0,0,0,0,0
fm_max_d,max,(DD)D,"G,Tstar,Istar",fm_max_d#M001,3640,org.pitest.mutationtest.engine.gregor.mutators.ConditionalsBoundaryMutator,ConditionalsBoundaryMutator,SURVIVED,D1,1,0,0,0,0,0,0,0,0,0,0,0,0,0,0,0,0,0,0,0,0,0,0,0,0,0,0,0,0,0,0,0,0,0,0,0,0,0,0,0,0,0,0,0,0,0,0,0,0,0,0,0,0,0,0,0,0,0,0,0,0,0,0,0,0,0,0,0,0,0,0,0,0,0,0,0,0,0,0,0,0,0,0,0,0,0
fm_max_d,max,(DD)D,"G,Tstar,Istar",fm_max_d#M002,3643,org.pitest.mutationtest.engine.gregor.mutators.ConditionalsBoundaryMutator,ConditionalsBoundaryMutator,SURVIVED,D1,1,0,0,0,0,0,0,0,0,0,0,0,0,0,0,0,0,0,0,0,0,0,0,0,0,0,0,0,0,0,0,0,0,0,0,0,0,0,0,0,0,0,0,0,0,0,0,0,0,0,0,0,0,0,0,0,0,0,0,0,0,0,0,0,0,0,0,0,0,0,0,0,0,0,0,0,0,0,0,0,0,0,0,0,0,0
fm_max_d,max,(DD)D,"G,Tstar,Istar",fm_max_d#M003,3647,org.pitest.mutationtest.engine.gregor.mutators.RemoveConditionalMutator_EQUAL_ELSE,RemoveConditionalMutator_EQUAL_ELSE,SURVIVED,D1,1,0,0,0,0,0,0,0,0,0,0,0,0,0,0,0,0,0,0,0,0,0,0,0,0,0,0,0,0,0,0,0,0,0,0,0,0,0,0,0,0,0,0,0,0,0,0,0,0,0,0,0,0,0,0,0,0,0,0,0,0,0,0,0,0,0,0,0,0,0,0,0,0,0,0,0,0,0,0,0,0,0,0,0,0,0
fm_max_d,max,(DD)D,"G,Tstar,Istar",fm_max_d#M004,3653,org.pitest.mutationtest.engine.gregor.mutators.RemoveConditionalMutator_EQUAL_ELSE,RemoveConditionalMutator_EQUAL_ELSE,SURVIVED,D1,1,0,0,0,0,0,0,0,0,0,0,0,0,0,0,0,0,0,0,0,0,0,0,0,0,0,0,0,0,0,0,0,0,0,0,0,0,0,0,0,0,0,0,0,0,0,0,0,0,0,0,0,0,0,0,0,0,0,0,0,0,0,0,0,0,0,0,0,0,0,0,0,0,0,0,0,0,0,0,0,0,0,0,0,0,0
fm_max_d,max,(DD)D,"G,Tstar,Istar",fm_max_d#M005,3640,org.pitest.mutationtest.engine.gregor.mutators.RemoveConditionalMutator_ORDER_ELSE,RemoveConditionalMutator_ORDER_ELSE,KILLED,D1,1,1,1,1,0,0,0,1,0,0,0,0,0,0,0,0,0,0,0,0,0,0,0,0,0,0,1,0,0,0,0,0,0,0,0,0,0,1,0,0,0,0,0,0,0,0,0,0,1,0,0,0,0,0,0,0,0,0,0,0,0,0,0,0,0,0,0,0,0,0,0,0,0,0,0,0,0,0,0,0,0,0,0,0,0,0
fm_max_d,max,(DD)D,"G,Tstar,Istar",fm_max_d#M006,3643,org.pitest.mutationtest.engine.gregor.mutators.RemoveConditionalMutator_ORDER_ELSE,RemoveConditionalMutator_ORDER_ELSE,KILLED,D1,1,1,1,1,0,0,0,1,0,0,0,0,0,0,0,0,0,0,0,0,0,0,0,0,0,0,1,0,0,0,0,0,0,0,0,0,0,1,0,0,0,0,0,0,0,0,0,0,1,0,0,0,0,0,0,0,0,0,0,0,0,0,0,0,0,0,0,0,0,0,0,0,0,0,0,0,0,0,0,0,0,0,0,0,0,0
fm_max_d,max,(DD)D,"G,Tstar,Istar",fm_max_d#M007,3641,org.pitest.mutationtest.engine.gregor.mutators.returns.PrimitiveReturnsMutator,PrimitiveReturnsMutator,KILLED,D2,1,1,1,1,0,0,0,1,0,0,0,0,0,0,0,0,0,0,0,0,0,0,0,0,0,1,1,0,0,0,0,0,0,0,0,0,0,1,0,0,0,0,0,0,0,0,0,0,1,0,0,0,0,0,0,0,0,0,0,0,0,0,0,0,0,0,0,0,0,0,0,0,0,0,0,0,0,0,0,1,0,0,0,0,0,0
fm_max_d,max,(DD)D,"G,Tstar,Istar",fm_max_d#M008,3644,org.pitest.mutationtest.engine.gregor.mutators.returns.PrimitiveReturnsMutator,PrimitiveReturnsMutator,KILLED,D2,1,1,1,1,0,0,0,1,0,0,0,0,0,0,0,0,0,0,0,0,0,0,0,0,0,1,1,0,0,0,0,0,0,0,0,0,0,1,0,0,0,0,0,0,0,0,0,0,1,0,0,0,0,0,0,0,0,0,0,0,0,0,0,0,0,0,0,0,0,0,0,0,0,0,0,0,0,0,0,1,0,0,0,0,0,0
fm_max_d,max,(DD)D,"G,Tstar,Istar",fm_max_d#M009,3648,org.pitest.mutationtest.engine.gregor.mutators.returns.PrimitiveReturnsMutator,PrimitiveReturnsMutator,NO_COVERAGE,D2,0,0,0,0,0,0,0,0,0,0,0,0,0,0,0,0,0,0,0,0,0,0,0,0,0,0,0,0,0,0,0,0,0,0,0,0,0,0,0,0,0,0,0,0,0,0,0,0,0,0,0,0,0,0,0,0,0,0,0,0,0,0,0,0,0,0,0,0,0,0,0,0,0,0,0,0,0,0,0,0,0,0,0,0,0,0
fm_max_d,max,(DD)D,"G,Tstar,Istar",fm_max_d#M010,3654,org.pitest.mutationtest.engine.gregor.mutators.returns.PrimitiveReturnsMutator,PrimitiveReturnsMutator,NO_COVERAGE,D2,0,0,0,0,0,0,0,0,0,0,0,0,0,0,0,0,0,0,0,0,0,0,0,0,0,0,0,0,0,0,0,0,0,0,0,0,0,0,0,0,0,0,0,0,0,0,0,0,0,0,0,0,0,0,0,0,0,0,0,0,0,0,0,0,0,0,0,0,0,0,0,0,0,0,0,0,0,0,0,0,0,0,0,0,0,0
fm_max_d,max,(DD)D,"G,Tstar,Istar",fm_max_d#M011,3656,org.pitest.mutationtest.engine.gregor.mutators.returns.PrimitiveReturnsMutator,PrimitiveReturnsMutator,KILLED,D2,1,1,0,1,0,0,0,0,0,0,0,0,0,0,0,0,0,0,0,0,0,0,0,0,0,1,0,0,0,0,0,0,0,0,0,0,0,0,0,0,0,0,0,0,0,0,0,0,1,0,0,1,0,0,0,0,0,0,0,0,0,0,0,0,0,0,0,0,0,0,0,0,0,0,0,0,0,0,0,1,0,0,0,0,0,0
fm_min_d,min,(DD)D,"G,Tstar,Istar",fm_min_d#M001,3572,org.pitest.mutationtest.engine.gregor.mutators.ConditionalsBoundaryMutator,ConditionalsBoundaryMutator,SURVIVED,D1,1,0,0,0,0,0,0,0,0,0,0,0,0,0,0,0,0,0,0,0,0,0,0,0,0,0,0,0,0,0,0,0,0,0,0,0,0,0,0,0,0,0,0,0,0,0,0,0,0,0,0,0,0,0,0,0,0,0,0,0,0,0,0,0,0,0,0,0,0,0,0,0,0,0,0,0,0,0,0,0,0,0,0,0,0,0
fm_min_d,min,(DD)D,"G,Tstar,Istar",fm_min_d#M002,3575,org.pitest.mutationtest.engine.gregor.mutators.ConditionalsBoundaryMutator,ConditionalsBoundaryMutator,SURVIVED,D1,1,0,0,0,0,0,0,0,0,0,0,0,0,0,0,0,0,0,0,0,0,0,0,0,0,0,0,0,0,0,0,0,0,0,0,0,0,0,0,0,0,0,0,0,0,0,0,0,0,0,0,0,0,0,0,0,0,0,0,0,0,0,0,0,0,0,0,0,0,0,0,0,0,0,0,0,0,0,0,0,0,0,0,0,0,0
fm_min_d,min,(DD)D,"G,Tstar,Istar",fm_min_d#M003,3579,org.pitest.mutationtest.engine.gregor.mutators.RemoveConditionalMutator_EQUAL_ELSE,RemoveConditionalMutator_EQUAL_ELSE,SURVIVED,D1,1,0,0,0,0,0,0,0,0,0,0,0,0,0,0,0,0,0,0,0,0,0,0,0,0,0,0,0,0,0,0,0,0,0,0,0,0,0,0,0,0,0,0,0,0,0,0,0,0,0,0,0,0,0,0,0,0,0,0,0,0,0,0,0,0,0,0,0,0,0,0,0,0,0,0,0,0,0,0,0,0,0,0,0,0,0
fm_min_d,min,(DD)D,"G,Tstar,Istar",fm_min_d#M004,3585,org.pitest.mutationtest.engine.gregor.mutators.RemoveConditionalMutator_EQUAL_ELSE,RemoveConditionalMutator_EQUAL_ELSE,SURVIVED,D1,1,0,0,0,0,0,0,0,0,0,0,0,0,0,0,0,0,0,0,0,0,0,0,0,0,0,0,0,0,0,0,0,0,0,0,0,0,0,0,0,0,0,0,0,0,0,0,0,0,0,0,0,0,0,0,0,0,0,0,0,0,0,0,0,0,0,0,0,0,0,0,0,0,0,0,0,0,0,0,0,0,0,0,0,0,0
fm_min_d,min,(DD)D,"G,Tstar,Istar",fm_min_d#M005,3572,org.pitest.mutationtest.engine.gregor.mutators.RemoveConditionalMutator_ORDER_ELSE,RemoveConditionalMutator_ORDER_ELSE,KILLED,D1,1,1,1,1,0,0,0,1,0,0,0,0,0,0,0,0,0,0,0,0,0,0,0,0,0,0,1,0,0,0,0,0,0,0,0,0,0,1,0,0,0,0,0,0,0,0,0,0,0,0,0,0,0,0,0,1,0,0,0,0,0,0,0,0,0,0,0,0,0,0,0,0,0,0,0,0,0,0,0,0,0,0,0,0,0,0
fm_min_d,min,(DD)D,"G,Tstar,Istar",fm_min_d#M006,3575,org.pitest.mutationtest.engine.gregor.mutators.RemoveConditionalMutator_ORDER_ELSE,RemoveConditionalMutator_ORDER_ELSE,KILLED,D1,1,1,1,1,0,0,0,1,0,0,0,0,0,0,0,0,0,0,0,0,0,0,0,0,0,0,1,0,0,0,0,0,0,0,0,0,0,1,0,0,0,0,0,0,0,0,0,0,0,0,0,0,0,0,0,1,0,0,0,0,0,0,0,0,0,0,0,0,0,0,0,0,0,0,0,0,0,0,0,0,0,0,0,0,0,0
fm_min_d,min,(DD)D,"G,Tstar,Istar",fm_min_d#M007,3573,org.pitest.mutationtest.engine.gregor.mutators.returns.PrimitiveReturnsMutator,PrimitiveReturnsMutator,KILLED,D2,1,1,1,1,0,0,0,1,0,0,0,0,0,0,0,0,0,0,0,0,0,0,0,0,0,1,1,0,0,0,0,0,0,0,0,0,0,1,0,0,0,0,0,0,0,0,0,0,0,0,0,0,0,0,0,1,0,0,0,0,0,0,0,0,0,0,0,0,0,0,0,0,0,0,0,0,0,0,0,1,0,0,0,0,0,0
fm_min_d,min,(DD)D,"G,Tstar,Istar",fm_min_d#M008,3576,org.pitest.mutationtest.engine.gregor.mutators.returns.PrimitiveReturnsMutator,PrimitiveReturnsMutator,KILLED,D2,1,1,1,1,0,0,0,1,0,0,0,0,0,0,0,0,0,0,0,0,0,0,0,0,0,1,1,0,0,0,0,0,0,0,0,0,0,1,0,0,0,0,0,0,0,0,0,0,0,0,0,0,0,0,0,1,0,0,0,0,0,0,0,0,0,0,0,0,0,0,0,0,0,0,0,0,0,0,0,1,0,0,0,0,0,0
fm_min_d,min,(DD)D,"G,Tstar,Istar",fm_min_d#M009,3580,org.pitest.mutationtest.engine.gregor.mutators.returns.PrimitiveReturnsMutator,PrimitiveReturnsMutator,NO_COVERAGE,D2,0,0,0,0,0,0,0,0,0,0,0,0,0,0,0,0,0,0,0,0,0,0,0,0,0,0,0,0,0,0,0,0,0,0,0,0,0,0,0,0,0,0,0,0,0,0,0,0,0,0,0,0,0,0,0,0,0,0,0,0,0,0,0,0,0,0,0,0,0,0,0,0,0,0,0,0,0,0,0,0,0,0,0,0,0,0
fm_min_d,min,(DD)D,"G,Tstar,Istar",fm_min_d#M010,3586,org.pitest.mutationtest.engine.gregor.mutators.returns.PrimitiveReturnsMutator,PrimitiveReturnsMutator,NO_COVERAGE,D2,0,0,0,0,0,0,0,0,0,0,0,0,0,0,0,0,0,0,0,0,0,0,0,0,0,0,0,0,0,0,0,0,0,0,0,0,0,0,0,0,0,0,0,0,0,0,0,0,0,0,0,0,0,0,0,0,0,0,0,0,0,0,0,0,0,0,0,0,0,0,0,0,0,0,0,0,0,0,0,0,0,0,0,0,0,0
fm_min_d,min,(DD)D,"G,Tstar,Istar",fm_min_d#M011,3588,org.pitest.mutationtest.engine.gregor.mutators.returns.PrimitiveReturnsMutator,PrimitiveReturnsMutator,KILLED,D2,1,1,0,1,0,0,0,0,0,0,0,0,0,0,0,0,0,0,0,0,0,0,0,0,0,1,0,0,0,0,0,0,0,0,0,0,0,0,0,0,0,0,0,0,0,0,0,0,0,0,0,1,0,0,0,1,0,0,0,0,0,0,0,0,0,0,0,0,0,0,0,0,0,0,0,0,0,0,0,1,0,0,0,0,0,0
fm_floor,floor,(D)D,"Tstar,Istar,Ole",fm_floor#M001,3443,org.pitest.mutationtest.engine.gregor.mutators.ConditionalsBoundaryMutator,ConditionalsBoundaryMutator,SURVIVED,D1,1,0,0,0,0,0,0,0,0,0,0,0,0,0,0,0,0,0,0,0,0,0,0,0,0,0,0,0,0,0,0,0,0,0,0,0,0,0,0,0,0,0,0,0,0,0,0,0,0,0,0,0,0,0,0,0,0,0,0,0,0,0,0,0,0,0,0,0,0,0,0,0,0,0,0,0,0,0,0,0,0,0,0,0,0,0
fm_floor,floor,(D)D,"Tstar,Istar,Ole",fm_floor#M002,3443,org.pitest.mutationtest.engine.gregor.mutators.ConditionalsBoundaryMutator,ConditionalsBoundaryMutator,SURVIVED,D1,1,0,0,0,0,0,0,0,0,0,0,0,0,0,0,0,0,0,0,0,0,0,0,0,0,0,0,0,0,0,0,0,0,0,0,0,0,0,0,0,0,0,0,0,0,0,0,0,0,0,0,0,0,0,0,0,0,0,0,0,0,0,0,0,0,0,0,0,0,0,0,0,0,0,0,0,0,0,0,0,0,0,0,0,0,0
fm_floor,floor,(D)D,"Tstar,Istar,Ole",fm_floor#M003,3448,org.pitest.mutationtest.engine.gregor.mutators.ConditionalsBoundaryMutator,ConditionalsBoundaryMutator,SURVIVED,D1,1,0,0,0,0,0,0,0,0,0,0,0,0,0,0,0,0,0,0,0,0,0,0,0,0,0,0,0,0,0,0,0,0,0,0,0,0,0,0,0,0,0,0,0,0,0,0,0,0,0,0,0,0,0,0,0,0,0,0,0,0,0,0,0,0,0,0,0,0,0,0,0,0,0,0,0,0,0,0,0,0,0,0,0,0,0
fm_floor,floor,(D)D,"Tstar,Istar,Ole",fm_floor#M004,3449,org.pitest.mutationtest.engine.gregor.mutators.MathMutator,MathMutator,KILLED,D1,1,1,1,1,0,0,0,0,0,0,0,0,0,1,0,0,0,0,0,0,0,0,0,0,0,1,0,0,0,0,0,0,0,0,0,0,0,0,0,0,0,0,0,0,0,0,0,0,0,0,0,0,0,1,0,1,0,0,0,1,0,0,0,0,0,0,0,0,0,0,0,0,0,0,0,0,0,0,0,0,0,0,0,0,0,0
fm_floor,floor,(D)D,"Tstar,Istar,Ole",fm_floor#M005,3453,org.pitest.mutationtest.engine.gregor.mutators.MathMutator,MathMutator,KILLED,D1,1,1,1,1,0,0,0,0,0,0,0,0,0,1,0,0,0,0,0,0,0,0,0,0,0,1,0,0,0,0,0,0,0,0,0,0,0,0,0,0,0,0,0,0,0,0,0,0,0,0,0,0,0,1,0,1,0,0,0,1,0,0,0,0,0,0,0,0,0,0,0,0,0,0,0,0,0,0,0,0,0,0,0,0,0,0
fm_floor,floor,(D)D,"Tstar,Istar,Ole",fm_floor#M006,3439,org.pitest.mutationtest.engine.gregor.mutators.RemoveConditionalMutator_EQUAL_ELSE,RemoveConditionalMutator_EQUAL_ELSE,SURVIVED,D1,1,0,0,0,0,0,0,0,0,0,0,0,0,0,0,0,0,0,0,0,0,0,0,0,0,0,0,0,0,0,0,0,0,0,0,0,0,0,0,0,0,0,0,0,0,0,0,0,0,0,0,0,0,0,0,0,0,0,0,0,0,0,0,0,0,0,0,0,0,0,0,0,0,0,0,0,0,0,0,0,0,0,0,0,0,0
fm_floor,floor,(D)D,"Tstar,Istar,Ole",fm_floor#M007,3448,org.pitest.mutationtest.engine.gregor.mutators.RemoveConditionalMutator_EQUAL_ELSE,RemoveConditionalMutator_EQUAL_ELSE,KILLED,D1,1,1,1,1,0,0,0,0,0,0,0,0,0,1,0,0,0,0,0,0,0,0,0,0,0,1,0,0,0,0,0,0,0,0,0,0,0,0,0,0,0,0,0,0,0,0,0,0,0,0,0,0,0,1,0,1,0,0,0,0,0,0,0,0,0,0,0,0,0,0,0,0,0,0,0,0,0,0,0,0,0,0,0,0,0,0
fm_floor,floor,(D)D,"Tstar,Istar,Ole",fm_floor#M008,3452,org.pitest.mutationtest.engine.gregor.mutators.RemoveConditionalMutator_EQUAL_ELSE,RemoveConditionalMutator_EQUAL_ELSE,SURVIVED,D1,1,0,0,0,0,0,0,0,0,0,0,0,0,0,0,0,0,0,0,0,0,0,0,0,0,0,0,0,0,0,0,0,0,0,0,0,0,0,0,0,0,0,0,0,0,0,0,0,0,0,0,0,0,0,0,0,0,0,0,0,0,0,0,0,0,0,0,0,0,0,0,0,0,0,0,0,0,0,0,0,0,0,0,0,0,0
fm_floor,floor,(D)D,"Tstar,Istar,Ole",fm_floor#M009,3443,org.pitest.mutationtest.engine.gregor.mutators.RemoveConditionalMutator_ORDER_ELSE,RemoveConditionalMutator_ORDER_ELSE,SURVIVED,D1,1,0,0,0,0,0,0,0,0,0,0,0,0,0,0,0,0,0,0,0,0,0,0,0,0,0,0,0,0,0,0,0,0,0,0,0,0,0,0,0,0,0,0,0,0,0,0,0,0,0,0,0,0,0,0,0,0,0,0,0,0,0,0,0,0,0,0,0,0,0,0,0,0,0,0,0,0,0,0,0,0,0,0,0,0,0
fm_floor,floor,(D)D,"Tstar,Istar,Ole",fm_floor#M010,3443,org.pitest.mutationtest.engine.gregor.mutators.RemoveConditionalMutator_ORDER_ELSE,RemoveConditionalMutator_ORDER_ELSE,SURVIVED,D1,1,0,0,0,0,0,0,0,0,0,0,0,0,0,0,0,0,0,0,0,0,0,0,0,0,0,0,0,0,0,0,0,0,0,0,0,0,0,0,0,0,0,0,0,0,0,0,0,0,0,0,0,0,0,0,0,0,0,0,0,0,0,0,0,0,0,0,0,0,0,0,0,0,0,0,0,0,0,0,0,0,0,0,0,0,0
fm_floor,floor,(D)D,"Tstar,Istar,Ole",fm_floor#M011,3448,org.pitest.mutationtest.engine.gregor.mutators.RemoveConditionalMutator_ORDER_ELSE,RemoveConditionalMutator_ORDER_ELSE,KILLED,D1,1,1,1,1,0,0,0,0,0,0,0,0,0,1,0,0,0,0,0,0,0,0,0,0,0,1,0,0,0,0,0,0,0,0,0,0,0,0,0,0,0,0,0,0,0,0,0,0,0,0,0,0,0,1,0,1,0,0,0,0,0,0,0,0,0,0,0,0,0,0,0,0,0,0,0,0,0,0,0,0,0,0,0,0,0,0
fm_floor,floor,(D)D,"Tstar,Istar,Ole",fm_floor#M012,3440,org.pitest.mutationtest.engine.gregor.mutators.returns.PrimitiveReturnsMutator,PrimitiveReturnsMutator,NO_COVERAGE,D2,0,0,0,0,0,0,0,0,0,0,0,0,0,0,0,0,0,0,0,0,0,0,0,0,0,0,0,0,0,0,0,0,0,0,0,0,0,0,0,0,0,0,0,0,0,0,0,0,0,0,0,0,0,0,0,0,0,0,0,0,0,0,0,0,0,0,0,0,0,0,0,0,0,0,0,0,0,0,0,0,0,0,0,0,0,0
fm_floor,floor,(D)D,"Tstar,Istar,Ole",fm_floor#M013,3444,org.pitest.mutationtest.engine.gregor.mutators.returns.PrimitiveReturnsMutator,PrimitiveReturnsMutator,NO_COVERAGE,D2,0,0,0,0,0,0,0,0,0,0,0,0,0,0,0,0,0,0,0,0,0,0,0,0,0,0,0,0,0,0,0,0,0,0,0,0,0,0,0,0,0,0,0,0,0,0,0,0,0,0,0,0,0,0,0,0,0,0,0,0,0,0,0,0,0,0,0,0,0,0,0,0,0,0,0,0,0,0,0,0,0,0,0,0,0,0
fm_floor,floor,(D)D,"Tstar,Istar,Ole",fm_floor#M014,3453,org.pitest.mutationtest.engine.gregor.mutators.returns.PrimitiveReturnsMutator,PrimitiveReturnsMutator,SURVIVED,D2,1,0,0,0,0,0,0,0,0,0,0,0,0,0,0,0,0,0,0,0,0,0,0,0,0,0,0,0,0,0,0,0,0,0,0,0,0,0,0,0,0,0,0,0,0,0,0,0,0,0,0,0,0,0,0,0,0,0,0,0,0,0,0,0,0,0,0,0,0,0,0,0,0,0,0,0,0,0,0,0,0,0,0,0,0,0
fm_floor,floor,(D)D,"Tstar,Istar,Ole",fm_floor#M015,3456,org.pitest.mutationtest.engine.gregor.mutators.returns.PrimitiveReturnsMutator,PrimitiveReturnsMutator,KILLED,D2,1,1,1,1,0,0,0,0,0,0,0,0,0,1,0,0,0,0,0,0,0,0,0,0,0,1,0,0,0,0,0,0,0,0,0,0,0,0,0,0,0,0,0,0,0,0,0,0,0,0,0,0,0,1,0,1,0,0,0,0,0,0,0,0,0,0,0,0,0,0,0,0,0,0,0,0,0,0,0,0,0,0,0,0,0,0
fm_ceil,ceil,(D)D,"Tstar,Istar,Ole",fm_ceil#M001,3475,org.pitest.mutationtest.engine.gregor.mutators.MathMutator,MathMutator,KILLED,D1,1,1,1,0,0,0,0,0,0,0,1,0,0,0,0,0,0,0,0,0,0,0,0,0,0,0,0,0,0,0,0,0,0,0,0,0,0,0,0,0,0,0,0,0,0,0,0,0,1,0,0,0,0,0,0,0,0,0,0,0,0,0,0,0,0,0,0,0,0,0,0,0,0,0,0,0,0,1,0,0,0,0,0,0,0,0
fm_ceil,ceil,(D)D,"Tstar,Istar,Ole",fm_ceil#M002,3478,org.pitest.mutationtest.engine.gregor.mutators.MathMutator,MathMutator,KILLED,D1,1,1,1,1,0,0,0,0,0,0,1,0,0,0,0,0,0,0,0,0,0,0,0,0,0,1,0,0,0,0,0,0,0,0,0,0,0,0,0,0,0,0,0,0,0,0,0,0,1,0,0,0,0,1,0,0,0,0,0,0,0,0,0,0,0,0,0,0,0,0,0,0,0,0,0,0,0,1,0,0,0,0,0,0,0,0
fm_ceil,ceil,(D)D,"Tstar,Istar,Ole",fm_ceil#M003,3466,org.pitest.mutationtest.engine.gregor.mutators.RemoveConditionalMutator_EQUAL_ELSE,RemoveConditionalMutator_EQUAL_ELSE,SURVIVED,D1,1,0,0,0,0,0,0,0,0,0,0,0,0,0,0,0,0,0,0,0,0,0,0,0,0,0,0,0,0,0,0,0,0,0,0,0,0,0,0,0,0,0,0,0,0,0,0,0,0,0,0,0,0,0,0,0,0,0,0,0,0,0,0,0,0,0,0,0,0,0,0,0,0,0,0,0,0,0,0,0,0,0,0,0,0,0
fm_ceil,ceil,(D)D,"Tstar,Istar,Ole",fm_ceil#M004,3471,org.pitest.mutationtest.engine.gregor.mutators.RemoveConditionalMutator_EQUAL_ELSE,RemoveConditionalMutator_EQUAL_ELSE,KILLED,D1,1,1,0,0,0,0,0,0,0,0,0,0,0,0,0,0,0,0,0,0,0,0,0,0,0,0,0,0,0,0,0,0,0,0,0,0,0,0,0,0,0,0,0,0,0,0,0,0,0,0,0,1,0,0,0,0,0,0,0,0,0,0,0,0,0,0,0,0,0,0,0,0,0,0,0,0,0,1,0,0,0,0,0,0,0,0
fm_ceil,ceil,(D)D,"Tstar,Istar,Ole",fm_ceil#M005,3477,org.pitest.mutationtest.engine.gregor.mutators.RemoveConditionalMutator_EQUAL_ELSE,RemoveConditionalMutator_EQUAL_ELSE,SURVIVED,D1,1,0,0,0,0,0,0,0,0,0,0,0,0,0,0,0,0,0,0,0,0,0,0,0,0,0,0,0,0,0,0,0,0,0,0,0,0,0,0,0,0,0,0,0,0,0,0,0,0,0,0,0,0,0,0,0,0,0,0,0,0,0,0,0,0,0,0,0,0,0,0,0,0,0,0,0,0,0,0,0,0,0,0,0,0,0
fm_ceil,ceil,(D)D,"Tstar,Istar,Ole",fm_ceil#M006,3467,org.pitest.mutationtest.engine.gregor.mutators.returns.PrimitiveReturnsMutator,PrimitiveReturnsMutator,NO_COVERAGE,D2,0,0,0,0,0,0,0,0,0,0,0,0,0,0,0,0,0,0,0,0,0,0,0,0,0,0,0,0,0,0,0,0,0,0,0,0,0,0,0,0,0,0,0,0,0,0,0,0,0,0,0,0,0,0,0,0,0,0,0,0,0,0,0,0,0,0,0,0,0,0,0,0,0,0,0,0,0,0,0,0,0,0,0,0,0,0
fm_ceil,ceil,(D)D,"Tstar,Istar,Ole",fm_ceil#M007,3472,org.pitest.mutationtest.engine.gregor.mutators.returns.PrimitiveReturnsMutator,PrimitiveReturnsMutator,KILLED,D2,1,1,1,1,0,0,0,0,0,0,1,0,0,0,0,0,0,0,0,0,0,0,0,0,0,1,0,0,0,0,0,0,0,0,0,0,0,0,0,0,0,0,0,0,0,0,0,0,1,0,0,1,0,1,0,0,0,0,0,0,0,0,0,0,0,0,0,0,0,0,0,0,0,0,0,0,0,1,0,0,0,0,0,0,0,0
fm_ceil,ceil,(D)D,"Tstar,Istar,Ole",fm_ceil#M008,3478,org.pitest.mutationtest.engine.gregor.mutators.returns.PrimitiveReturnsMutator,PrimitiveReturnsMutator,SURVIVED,D2,1,0,0,0,0,0,0,0,0,0,0,0,0,0,0,0,0,0,0,0,0,0,0,0,0,0,0,0,0,0,0,0,0,0,0,0,0,0,0,0,0,0,0,0,0,0,0,0,0,0,0,0,0,0,0,0,0,0,0,0,0,0,0,0,0,0,0,0,0,0,0,0,0,0,0,0,0,0,0,0,0,0,0,0,0,0
fm_ceil,ceil,(D)D,"Tstar,Istar,Ole",fm_ceil#M009,3481,org.pitest.mutationtest.engine.gregor.mutators.returns.PrimitiveReturnsMutator,PrimitiveReturnsMutator,KILLED,D2,1,1,1,1,0,0,0,0,0,0,1,0,0,0,0,0,0,0,0,0,0,0,0,0,0,1,0,0,0,0,0,0,0,0,0,0,0,0,0,0,0,0,0,0,0,0,0,0,1,0,0,0,0,1,0,0,0,0,0,0,0,0,0,0,0,0,0,0,0,0,0,0,0,0,0,0,0,1,0,0,0,0,0,0,0,0
fm_exp,exp,(D)D,"Lstar,Ole",fm_exp#M001,864,org.pitest.mutationtest.engine.gregor.mutators.returns.PrimitiveReturnsMutator,PrimitiveReturnsMutator,KILLED,D2,1,1,1,0,0,0,0,0,0,0,0,0,0,0,0,0,0,0,0,0,0,0,0,0,1,0,0,0,0,0,0,0,0,0,0,0,0,0,0,0,0,0,0,0,0,0,0,0,0,0,0,0,0,0,0,0,0,0,0,0,0,0,0,0,0,0,0,0,0,0,0,0,0,0,0,1,0,0,0,0,0,0,0,0,0,1
fm_log,log,(D)D,"Lstar,Ole",fm_log#M001,1156,org.pitest.mutationtest.engine.gregor.mutators.returns.PrimitiveReturnsMutator,PrimitiveReturnsMutator,SURVIVED,D2,1,0,0,0,0,0,0,0,0,0,0,0,0,0,0,0,0,0,0,0,0,0,0,0,0,0,0,0,0,0,0,0,0,0,0,0,0,0,0,0,0,0,0,0,0,0,0,0,0,0,0,0,0,0,0,0,0,0,0,0,0,0,0,0,0,0,0,0,0,0,0,0,0,0,0,0,0,0,0,0,0,0,0,0,0,0
fm_log10,log10,(D)D,"Lstar,Ole",fm_log10#M001,1437,org.pitest.mutationtest.engine.gregor.mutators.MathMutator,MathMutator,SURVIVED,D1,1,0,0,0,0,0,0,0,0,0,0,0,0,0,0,0,0,0,0,0,0,0,0,0,0,0,0,0,0,0,0,0,0,0,0,0,0,0,0,0,0,0,0,0,0,0,0,0,0,0,0,0,0,0,0,0,0,0,0,0,0,0,0,0,0,0,0,0,0,0,0,0,0,0,0,0,0,0,0,0,0,0,0,0,0,0
fm_log10,log10,(D)D,"Lstar,Ole",fm_log10#M002,1438,org.pitest.mutationtest.engine.gregor.mutators.MathMutator,MathMutator,KILLED,D1,1,1,0,1,0,0,0,0,0,0,0,0,0,0,0,0,0,0,0,0,0,0,0,0,0,0,0,1,0,0,0,0,0,0,0,0,0,0,0,0,0,0,0,0,0,0,0,0,0,0,0,0,0,0,0,0,0,0,0,0,1,0,0,0,0,0,0,0,0,0,1,0,0,0,0,0,0,0,0,0,0,0,0,0,0,0
fm_log10,log10,(D)D,"Lstar,Ole",fm_log10#M003,1438,org.pitest.mutationtest.engine.gregor.mutators.MathMutator,MathMutator,KILLED,D1,1,1,0,1,0,0,0,0,0,0,0,0,0,0,0,0,0,0,0,0,0,0,0,0,0,0,0,1,0,0,0,0,0,0,0,0,0,0,0,0,0,0,0,0,0,0,0,0,0,0,0,0,0,0,0,0,0,0,0,0,1,0,0,0,0,0,0,0,0,0,1,0,0,0,0,0,0,0,0,0,0,0,0,0,0,0
fm_log10,log10,(D)D,"Lstar,Ole",fm_log10#M004,1439,org.pitest.mutationtest.engine.gregor.mutators.MathMutator,MathMutator,KILLED,D1,1,1,0,1,0,0,0,0,0,0,0,0,0,0,0,0,0,0,0,0,0,0,0,0,0,0,0,1,0,0,0,0,0,0,0,0,0,0,0,0,0,0,0,0,0,0,0,0,0,0,0,0,0,0,0,0,0,0,0,0,1,0,0,0,0,0,0,0,0,0,1,0,0,0,0,0,0,0,0,0,0,0,0,0,0,0
fm_log10,log10,(D)D,"Lstar,Ole",fm_log10#M005,1439,org.pitest.mutationtest.engine.gregor.mutators.MathMutator,MathMutator,SURVIVED,D1,1,0,0,0,0,0,0,0,0,0,0,0,0,0,0,0,0,0,0,0,0,0,0,0,0,0,0,0,0,0,0,0,0,0,0,0,0,0,0,0,0,0,0,0,0,0,0,0,0,0,0,0,0,0,0,0,0,0,0,0,0,0,0,0,0,0,0,0,0,0,0,0,0,0,0,0,0,0,0,0,0,0,0,0,0,0
fm_log10,log10,(D)D,"Lstar,Ole",fm_log10#M006,1444,org.pitest.mutationtest.engine.gregor.mutators.MathMutator,MathMutator,KILLED,D1,1,1,1,1,0,0,0,0,0,0,0,0,0,0,0,0,0,0,1,0,0,0,0,0,0,0,0,1,0,0,0,0,0,0,0,0,0,0,0,0,0,0,0,0,0,0,0,0,0,0,0,0,0,0,0,0,0,0,0,0,1,0,0,0,1,0,0,0,0,0,1,0,0,0,0,0,0,0,0,0,0,0,0,0,0,0
fm_log10,log10,(D)D,"Lstar,Ole",fm_log10#M007,1444,org.pitest.mutationtest.engine.gregor.mutators.MathMutator,MathMutator,KILLED,D1,1,1,1,1,0,0,0,0,0,0,0,0,0,0,0,0,0,0,1,0,0,0,0,0,0,0,0,1,0,0,0,0,0,0,0,0,0,0,0,0,0,0,0,0,0,0,0,0,0,0,0,0,0,0,0,0,0,0,0,0,1,0,0,0,1,0,0,0,0,0,1,0,0,0,0,0,0,0,0,0,0,0,0,0,0,0
fm_log10,log10,(D)D,"Lstar,Ole",fm_log10#M008,1444,org.pitest.mutationtest.engine.gregor.mutators.MathMutator,MathMutator,KILLED,D1,1,1,0,0,0,0,0,0,0,0,0,0,0,0,0,0,0,0,0,0,0,0,0,0,0,0,0,0,0,0,0,0,0,0,0,0,0,0,0,0,0,0,0,0,0,0,0,0,0,0,0,0,0,0,0,0,0,0,0,0,0,0,0,0,0,0,0,0,0,0,1,0,0,0,0,0,0,0,0,0,0,0,0,0,0,0
fm_log10,log10,(D)D,"Lstar,Ole",fm_log10#M009,1444,org.pitest.mutationtest.engine.gregor.mutators.MathMutator,MathMutator,KILLED,D1,1,1,1,1,0,0,0,0,0,0,0,0,0,0,0,0,0,0,1,0,0,0,0,0,0,0,0,1,0,0,0,0,0,0,0,0,0,0,0,0,0,0,0,0,0,0,0,0,0,0,0,0,0,0,0,0,0,0,0,0,1,0,0,0,1,0,0,0,0,0,1,0,0,0,0,0,0,0,0,0,0,0,0,0,0,0
fm_log10,log10,(D)D,"Lstar,Ole",fm_log10#M010,1444,org.pitest.mutationtest.engine.gregor.mutators.MathMutator,MathMutator,KILLED,D1,1,1,0,1,0,0,0,0,0,0,0,0,0,0,0,0,0,0,0,0,0,0,0,0,0,0,0,1,0,0,0,0,0,0,0,0,0,0,0,0,0,0,0,0,0,0,0,0,0,0,0,0,0,0,0,0,0,0,0,0,1,0,0,0,0,0,0,0,0,0,1,0,0,0,0,0,0,0,0,0,0,0,0,0,0,0
fm_log10,log10,(D)D,"Lstar,Ole",fm_log10#M011,1444,org.pitest.mutationtest.engine.gregor.mutators.MathMutator,MathMutator,KILLED,D1,1,1,1,1,0,0,0,0,0,0,0,0,0,0,0,0,0,0,1,0,0,0,0,0,0,0,0,1,0,0,0,0,0,0,0,0,0,0,0,0,0,0,0,0,0,0,0,0,0,0,0,0,0,0,0,0,0,0,0,0,1,0,0,0,1,0,0,0,0,0,1,0,0,0,0,0,0,0,0,0,0,0,0,0,0,0
fm_log10,log10,(D)D,"Lstar,Ole",fm_log10#M012,1444,org.pitest.mutationtest.engine.gregor.mutators.MathMutator,MathMutator,KILLED,D1,1,1,0,1,0,0,0,0,0,0,0,0,0,0,0,0,0,0,0,0,0,0,0,0,0,0,0,1,0,0,0,0,0,0,0,0,0,0,0,0,0,0,0,0,0,0,0,0,0,0,0,0,0,0,0,0,0,0,0,0,1,0,0,0,0,0,0,0,0,0,1,0,0,0,0,0,0,0,0,0,0,0,0,0,0,0
fm_log10,log10,(D)D,"Lstar,Ole",fm_log10#M013,1433,org.pitest.mutationtest.engine.gregor.mutators.RemoveConditionalMutator_EQUAL_ELSE,RemoveConditionalMutator_EQUAL_ELSE,SURVIVED,D1,1,0,0,0,0,0,0,0,0,0,0,0,0,0,0,0,0,0,0,0,0,0,0,0,0,0,0,0,0,0,0,0,0,0,0,0,0,0,0,0,0,0,0,0,0,0,0,0,0,0,0,0,0,0,0,0,0,0,0,0,0,0,0,0,0,0,0,0,0,0,0,0,0,0,0,0,0,0,0,0,0,0,0,0,0,0
fm_log10,log10,(D)D,"Lstar,Ole",fm_log10#M014,1434,org.pitest.mutationtest.engine.gregor.mutators.returns.PrimitiveReturnsMutator,PrimitiveReturnsMutator,NO_COVERAGE,D2,0,0,0,0,0,0,0,0,0,0,0,0,0,0,0,0,0,0,0,0,0,0,0,0,0,0,0,0,0,0,0,0,0,0,0,0,0,0,0,0,0,0,0,0,0,0,0,0,0,0,0,0,0,0,0,0,0,0,0,0,0,0,0,0,0,0,0,0,0,0,0,0,0,0,0,0,0,0,0,0,0,0,0,0,0,0
fm_log10,log10,(D)D,"Lstar,Ole",fm_log10#M015,1444,org.pitest.mutationtest.engine.gregor.mutators.returns.PrimitiveReturnsMutator,PrimitiveReturnsMutator,KILLED,D2,1,1,0,0,0,0,0,0,0,0,0,0,0,0,0,0,0,0,0,0,0,0,0,0,0,0,0,0,0,0,0,0,0,0,0,0,0,0,0,0,0,0,0,0,0,0,0,0,0,0,0,0,0,0,0,0,0,0,0,0,0,0,0,0,0,0,0,0,0,0,1,0,0,0,0,0,0,0,0,0,0,0,0,0,0,0
fm_log1p,log1p,(D)D,"Lstar,Ole",fm_log1p#M001,1402,org.pitest.mutationtest.engine.gregor.mutators.ConditionalsBoundaryMutator,ConditionalsBoundaryMutator,SURVIVED,D1,1,0,0,0,0,0,0,0,0,0,0,0,0,0,0,0,0,0,0,0,0,0,0,0,0,0,0,0,0,0,0,0,0,0,0,0,0,0,0,0,0,0,0,0,0,0,0,0,0,0,0,0,0,0,0,0,0,0,0,0,0,0,0,0,0,0,0,0,0,0,0,0,0,0,0,0,0,0,0,0,0,0,0,0,0,0
fm_log1p,log1p,(D)D,"Lstar,Ole",fm_log1p#M002,1402,org.pitest.mutationtest.engine.gregor.mutators.ConditionalsBoundaryMutator,ConditionalsBoundaryMutator,SURVIVED,D1,1,0,0,0,0,0,0,0,0,0,0,0,0,0,0,0,0,0,0,0,0,0,0,0,0,0,0,0,0,0,0,0,0,0,0,0,0,0,0,0,0,0,0,0,0,0,0,0,0,0,0,0,0,0,0,0,0,0,0,0,0,0,0,0,0,0,0,0,0,0,0,0,0,0,0,0,0,0,0,0,0,0,0,0,0,0
fm_log1p,log1p,(D)D,"Lstar,Ole",fm_log1p#M003,1405,org.pitest.mutationtest.engine.gregor.mutators.InvertNegsMutator,InvertNegsMutator,SURVIVED,D1,1,0,0,0,0,0,0,0,0,0,0,0,0,0,0,0,0,0,0,0,0,0,0,0,0,0,0,0,0,0,0,0,0,0,0,0,0,0,0,0,0,0,0,0,0,0,0,0,0,0,0,0,0,0,0,0,0,0,0,0,0,0,0,0,0,0,0,0,0,0,0,0,0,0,0,0,0,0,0,0,0,0,0,0,0,0
fm_log1p,log1p,(D)D,"Lstar,Ole",fm_log1p#M004,1404,org.pitest.mutationtest.engine.gregor.mutators.MathMutator,MathMutator,KILLED,D1,1,1,0,1,0,0,0,0,0,0,0,0,0,0,0,0,0,0,0,0,0,0,0,0,0,1,0,0,0,0,0,0,0,0,0,0,0,0,1,0,0,0,0,0,0,0,0,0,0,0,0,0,0,0,0,0,0,0,0,1,0,0,0,0,0,0,0,0,0,0,0,0,0,0,0,0,0,0,0,0,0,0,0,0,0,0
fm_log1p,log1p,(D)D,"Lstar,Ole",fm_log1p#M005,1405,org.pitest.mutationtest.engine.gregor.mutators.MathMutator,MathMutator,KILLED,D1,1,1,0,1,0,0,0,0,0,0,0,0,0,0,0,0,0,0,0,0,0,0,0,0,0,1,0,0,0,0,0,0,0,0,0,0,0,0,1,0,0,0,0,0,0,0,0,0,0,0,0,0,0,0,0,0,0,0,0,1,0,0,0,0,0,0,0,0,0,0,0,0,0,0,0,0,0,0,0,0,0,0,0,0,0,0
fm_log1p,log1p,(D)D,"Lstar,Ole",fm_log1p#M006,1405,org.pitest.mutationtest.engine.gregor.mutators.MathMutator,MathMutator,KILLED,D1,1,1,0,1,0,0,0,0,0,0,0,0,0,0,0,0,0,0,0,0,0,0,0,0,0,1,0,0,0,0,0,0,0,0,0,0,0,0,1,0,0,0,0,0,0,0,0,0,0,0,0,0,0,0,0,0,0,0,0,1,0,0,0,0,0,0,0,0,0,0,0,0,0,0,0,0,0,0,0,0,0,0,0,0,0,0
fm_log1p,log1p,(D)D,"Lstar,Ole",fm_log1p#M007,1415,org.pitest.mutationtest.engine.gregor.mutators.MathMutator,MathMutator,SURVIVED,D1,1,0,0,0,0,0,0,0,0,0,0,0,0,0,0,0,0,0,0,0,0,0,0,0,0,0,0,0,0,0,0,0,0,0,0,0,0,0,0,0,0,0,0,0,0,0,0,0,0,0,0,0,0,0,0,0,0,0,0,0,0,0,0,0,0,0,0,0,0,0,0,0,0,0,0,0,0,0,0,0,0,0,0,0,0,0
fm_log1p,log1p,(D)D,"Lstar,Ole",fm_log1p#M008,1416,org.pitest.mutationtest.engine.gregor.mutators.MathMutator,MathMutator,KILLED,D1,1,1,0,1,0,0,0,0,0,0,0,0,0,0,0,0,0,0,0,0,0,0,0,0,0,1,0,0,0,0,0,0,0,0,0,0,0,0,1,0,0,0,0,0,0,0,0,0,0,0,0,0,0,0,0,0,0,0,0,1,0,0,0,0,0,0,0,0,0,0,0,0,0,0,0,0,0,0,0,0,0,0,0,0,0,0
fm_log1p,log1p,(D)D,"Lstar,Ole",fm_log1p#M009,1416,org.pitest.mutationtest.engine.gregor.mutators.MathMutator,MathMutator,SURVIVED,D1,1,0,0,0,0,0,0,0,0,0,0,0,0,0,0,0,0,0,0,0,0,0,0,0,0,0,0,0,0,0,0,0,0,0,0,0,0,0,0,0,0,0,0,0,0,0,0,0,0,0,0,0,0,0,0,0,0,0,0,0,0,0,0,0,0,0,0,0,0,0,0,0,0,0,0,0,0,0,0,0,0,0,0,0,0,0
fm_log1p,log1p,(D)D,"Lstar,Ole",fm_log1p#M010,1417,org.pitest.mutationtest.engine.gregor.mutators.MathMutator,MathMutator,KILLED,D1,1,1,0,1,0,0,0,0,0,0,0,0,0,0,0,0,0,0,0,0,0,0,0,0,0,1,0,0,0,0,0,0,0,0,0,0,0,0,1,0,0,0,0,0,0,0,0,0,0,0,0,0,0,0,0,0,0,0,0,1,0,0,0,0,0,0,0,0,0,0,0,0,0,0,0,0,0,0,0,0,0,0,0,0,0,0
fm_log1p,log1p,(D)D,"Lstar,Ole",fm_log1p#M011,1417,org.pitest.mutationtest.engine.gregor.mutators.MathMutator,MathMutator,SURVIVED,D1,1,0,0,0,0,0,0,0,0,0,0,0,0,0,0,0,0,0,0,0,0,0,0,0,0,0,0,0,0,0,0,0,0,0,0,0,0,0,0,0,0,0,0,0,0,0,0,0,0,0,0,0,0,0,0,0,0,0,0,0,0,0,0,0,0,0,0,0,0,0,0,0,0,0,0,0,0,0,0,0,0,0,0,0,0,0
fm_log1p,log1p,(D)D,"Lstar,Ole",fm_log1p#M012,1417,org.pitest.mutationtest.engine.gregor.mutators.MathMutator,MathMutator,KILLED,D1,1,1,0,1,0,0,0,0,0,0,0,0,0,0,0,0,0,0,0,0,0,0,0,0,0,1,0,0,0,0,0,0,0,0,0,0,0,0,1,0,0,0,0,0,0,0,0,0,0,0,0,0,0,0,0,0,0,0,0,1,0,0,0,0,0,0,0,0,0,0,0,0,0,0,0,0,0,0,0,0,0,0,0,0,0,0
fm_log1p,log1p,(D)D,"Lstar,Ole",fm_log1p#M013,1420,org.pitest.mutationtest.engine.gregor.mutators.MathMutator,MathMutator,SURVIVED,D1,1,0,0,0,0,0,0,0,0,0,0,0,0,0,0,0,0,0,0,0,0,0,0,0,0,0,0,0,0,0,0,0,0,0,0,0,0,0,0,0,0,0,0,0,0,0,0,0,0,0,0,0,0,0,0,0,0,0,0,0,0,0,0,0,0,0,0,0,0,0,0,0,0,0,0,0,0,0,0,0,0,0,0,0,0,0
fm_log1p,log1p,(D)D,"Lstar,Ole",fm_log1p#M014,1420,org.pitest.mutationtest.engine.gregor.mutators.MathMutator,MathMutator,SURVIVED,D1,1,0,0,0,0,0,0,0,0,0,0,0,0,0,0,0,0,0,0,0,0,0,0,0,0,0,0,0,0,0,0,0,0,0,0,0,0,0,0,0,0,0,0,0,0,0,0,0,0,0,0,0,0,0,0,0,0,0,0,0,0,0,0,0,0,0,0,0,0,0,0,0,0,0,0,0,0,0,0,0,0,0,0,0,0,0
fm_log1p,log1p,(D)D,"Lstar,Ole",fm_log1p#M015,1420,org.pitest.mutationtest.engine.gregor.mutators.MathMutator,MathMutator,KILLED,D1,1,1,1,1,0,0,0,0,0,0,0,0,0,0,0,0,0,0,0,0,0,0,0,0,1,1,0,0,0,0,0,0,0,0,0,0,0,0,1,0,0,0,0,0,0,0,0,0,0,0,0,0,0,0,0,0,0,0,0,1,0,0,0,0,0,0,0,0,0,0,0,0,0,0,0,0,0,0,0,0,0,0,0,0,0,1
fm_log1p,log1p,(D)D,"Lstar,Ole",fm_log1p#M016,1420,org.pitest.mutationtest.engine.gregor.mutators.MathMutator,MathMutator,SURVIVED,D1,1,0,0,0,0,0,0,0,0,0,0,0,0,0,0,0,0,0,0,0,0,0,0,0,0,0,0,0,0,0,0,0,0,0,0,0,0,0,0,0,0,0,0,0,0,0,0,0,0,0,0,0,0,0,0,0,0,0,0,0,0,0,0,0,0,0,0,0,0,0,0,0,0,0,0,0,0,0,0,0,0,0,0,0,0,0
fm_log1p,log1p,(D)D,"Lstar,Ole",fm_log1p#M017,1421,org.pitest.mutationtest.engine.gregor.mutators.MathMutator,MathMutator,KILLED,D1,1,1,1,0,0,0,0,0,0,0,0,0,0,0,0,0,0,0,0,0,0,0,0,0,1,0,0,0,0,0,0,0,0,0,0,0,0,0,0,0,0,0,0,0,0,0,0,0,0,0,0,0,0,0,0,0,0,0,0,1,0,0,0,0,0,0,0,0,0,0,0,0,0,0,0,0,0,0,0,0,0,0,0,0,0,1
fm_log1p,log1p,(D)D,"Lstar,Ole",fm_log1p#M018,1394,org.pitest.mutationtest.engine.gregor.mutators.RemoveConditionalMutator_EQUAL_ELSE,RemoveConditionalMutator_EQUAL_ELSE,SURVIVED,D1,1,0,0,0,0,0,0,0,0,0,0,0,0,0,0,0,0,0,0,0,0,0,0,0,0,0,0,0,0,0,0,0,0,0,0,0,0,0,0,0,0,0,0,0,0,0,0,0,0,0,0,0,0,0,0,0,0,0,0,0,0,0,0,0,0,0,0,0,0,0,0,0,0,0,0,0,0,0,0,0,0,0,0,0,0,0
fm_log1p,log1p,(D)D,"Lstar,Ole",fm_log1p#M019,1398,org.pitest.mutationtest.engine.gregor.mutators.RemoveConditionalMutator_EQUAL_ELSE,RemoveConditionalMutator_EQUAL_ELSE,SURVIVED,D1,1,0,0,0,0,0,0,0,0,0,0,0,0,0,0,0,0,0,0,0,0,0,0,0,0,0,0,0,0,0,0,0,0,0,0,0,0,0,0,0,0,0,0,0,0,0,0,0,0,0,0,0,0,0,0,0,0,0,0,0,0,0,0,0,0,0,0,0,0,0,0,0,0,0,0,0,0,0,0,0,0,0,0,0,0,0
fm_log1p,log1p,(D)D,"Lstar,Ole",fm_log1p#M020,1409,org.pitest.mutationtest.engine.gregor.mutators.RemoveConditionalMutator_EQUAL_ELSE,RemoveConditionalMutator_EQUAL_ELSE,SURVIVED,D1,1,0,0,0,0,0,0,0,0,0,0,0,0,0,0,0,0,0,0,0,0,0,0,0,0,0,0,0,0,0,0,0,0,0,0,0,0,0,0,0,0,0,0,0,0,0,0,0,0,0,0,0,0,0,0,0,0,0,0,0,0,0,0,0,0,0,0,0,0,0,0,0,0,0,0,0,0,0,0,0,0,0,0,0,0,0
fm_log1p,log1p,(D)D,"Lstar,Ole",fm_log1p#M021,1402,org.pitest.mutationtest.engine.gregor.mutators.RemoveConditionalMutator_ORDER_ELSE,RemoveConditionalMutator_ORDER_ELSE,SURVIVED,D1,1,0,0,0,0,0,0,0,0,0,0,0,0,0,0,0,0,0,0,0,0,0,0,0,0,0,0,0,0,0,0,0,0,0,0,0,0,0,0,0,0,0,0,0,0,0,0,0,0,0,0,0,0,0,0,0,0,0,0,0,0,0,0,0,0,0,0,0,0,0,0,0,0,0,0,0,0,0,0,0,0,0,0,0,0,0
fm_log1p,log1p,(D)D,"Lstar,Ole",fm_log1p#M022,1402,org.pitest.mutationtest.engine.gregor.mutators.RemoveConditionalMutator_ORDER_ELSE,RemoveConditionalMutator_ORDER_ELSE,SURVIVED,D1,1,0,0,0,0,0,0,0,0,0,0,0,0,0,0,0,0,0,0,0,0,0,0,0,0,0,0,0,0,0,0,0,0,0,0,0,0,0,0,0,0,0,0,0,0,0,0,0,0,0,0,0,0,0,0,0,0,0,0,0,0,0,0,0,0,0,0,0,0,0,0,0,0,0,0,0,0,0,0,0,0,0,0,0,0,0
fm_log1p,log1p,(D)D,"Lstar,Ole",fm_log1p#M023,1395,org.pitest.mutationtest.engine.gregor.mutators.returns.PrimitiveReturnsMutator,PrimitiveReturnsMutator,NO_COVERAGE,D2,0,0,0,0,0,0,0,0,0,0,0,0,0,0,0,0,0,0,0,0,0,0,0,0,0,0,0,0,0,0,0,0,0,0,0,0,0,0,0,0,0,0,0,0,0,0,0,0,0,0,0,0,0,0,0,0,0,0,0,0,0,0,0,0,0,0,0,0,0,0,0,0,0,0,0,0,0,0,0,0,0,0,0,0,0,0
fm_log1p,log1p,(D)D,"Lstar,Ole",fm_log1p#M024,1399,org.pitest.mutationtest.engine.gregor.mutators.returns.PrimitiveReturnsMutator,PrimitiveReturnsMutator,NO_COVERAGE,D2,0,0,0,0,0,0,0,0,0,0,0,0,0,0,0,0,0,0,0,0,0,0,0,0,0,0,0,0,0,0,0,0,0,0,0,0,0,0,0,0,0,0,0,0,0,0,0,0,0,0,0,0,0,0,0,0,0,0,0,0,0,0,0,0,0,0,0,0,0,0,0,0,0,0,0,0,0,0,0,0,0,0,0,0,0,0
fm_log1p,log1p,(D)D,"Lstar,Ole",fm_log1p#M025,1410,org.pitest.mutationtest.engine.gregor.mutators.returns.PrimitiveReturnsMutator,PrimitiveReturnsMutator,NO_COVERAGE,D2,0,0,0,0,0,0,0,0,0,0,0,0,0,0,0,0,0,0,0,0,0,0,0,0,0,0,0,0,0,0,0,0,0,0,0,0,0,0,0,0,0,0,0,0,0,0,0,0,0,0,0,0,0,0,0,0,0,0,0,0,0,0,0,0,0,0,0,0,0,0,0,0,0,0,0,0,0,0,0,0,0,0,0,0,0,0
fm_log1p,log1p,(D)D,"Lstar,Ole",fm_log1p#M026,1417,org.pitest.mutationtest.engine.gregor.mutators.returns.PrimitiveReturnsMutator,PrimitiveReturnsMutator,KILLED,D2,1,1,0,1,0,0,0,0,0,0,0,0,0,0,0,0,0,0,0,0,0,0,0,0,0,1,0,0,0,0,0,0,0,0,0,0,0,0,1,0,0,0,0,0,0,0,0,0,0,0,0,0,0,0,0,0,0,0,0,0,0,0,0,0,0,0,0,0,0,0,0,0,0,0,0,0,0,0,0,0,0,0,0,0,0,0
fm_log1p,log1p,(D)D,"Lstar,Ole",fm_log1p#M027,1421,org.pitest.mutationtest.engine.gregor.mutators.returns.PrimitiveReturnsMutator,PrimitiveReturnsMutator,SURVIVED,D2,1,0,0,0,0,0,0,0,0,0,0,0,0,0,0,0,0,0,0,0,0,0,0,0,0,0,0,0,0,0,0,0,0,0,0,0,0,0,0,0,0,0,0,0,0,0,0,0,0,0,0,0,0,0,0,0,0,0,0,0,0,0,0,0,0,0,0,0,0,0,0,0,0,0,0,0,0,0,0,0,0,0,0,0,0,0
fm_expm1,expm1,(D)D,"Lstar,Ole",fm_expm1#M001,999,org.pitest.mutationtest.engine.gregor.mutators.returns.PrimitiveReturnsMutator,PrimitiveReturnsMutator,KILLED,D2,1,1,0,1,0,0,0,0,0,0,0,0,0,0,0,0,0,0,0,0,0,0,0,0,0,1,0,0,0,0,0,0,0,0,0,0,0,0,1,0,0,0,0,0,0,0,0,0,0,0,0,0,0,0,0,0,0,0,0,0,0,0,0,0,0,0,0,0,0,0,0,0,0,0,0,0,0,0,0,0,0,0,0,0,0,0
fm_sqrt,sqrt,(D)D,"Lstar,Ole",fm_sqrt#M001,394,org.pitest.mutationtest.engine.gregor.mutators.returns.PrimitiveReturnsMutator,PrimitiveReturnsMutator,KILLED,D2,1,1,1,0,0,0,0,0,0,0,0,0,0,0,0,0,0,0,0,0,0,0,1,0,0,0,0,0,0,0,0,0,0,0,0,0,0,0,0,0,0,0,0,0,0,0,0,0,0,0,0,0,0,0,0,0,0,0,0,0,0,0,0,0,0,0,0,0,0,0,0,0,0,0,0,0,0,0,0,0,0,0,0,1,0,0
fm_cbrt,cbrt,(D)D,"G,Lstar,Ole",fm_cbrt#M001,3025,org.pitest.mutationtest.engine.gregor.mutators.InvertNegsMutator,InvertNegsMutator,SURVIVED,D1,1,0,0,0,0,0,0,0,0,0,0,0,0,0,0,0,0,0,0,0,0,0,0,0,0,0,0,0,0,0,0,0,0,0,0,0,0,0,0,0,0,0,0,0,0,0,0,0,0,0,0,0,0,0,0,0,0,0,0,0,0,0,0,0,0,0,0,0,0,0,0,0,0,0,0,0,0,0,0,0,0,0,0,0,0,0
fm_cbrt,cbrt,(D)D,"G,Lstar,Ole",fm_cbrt#M002,2963,org.pitest.mutationtest.engine.gregor.mutators.MathMutator,MathMutator,SURVIVED,D1,1,0,0,0,0,0,0,0,0,0,0,0,0,0,0,0,0,0,0,0,0,0,0,0,0,0,0,0,0,0,0,0,0,0,0,0,0,0,0,0,0,0,0,0,0,0,0,0,0,0,0,0,0,0,0,0,0,0,0,0,0,0,0,0,0,0,0,0,0,0,0,0,0,0,0,0,0,0,0,0,0,0,0,0,0,0
fm_cbrt,cbrt,(D)D,"G,Lstar,Ole",fm_cbrt#M003,2963,org.pitest.mutationtest.engine.gregor.mutators.MathMutator,MathMutator,KILLED,D1,1,1,1,1,0,0,0,0,0,0,0,0,0,0,0,0,0,1,0,0,0,0,0,0,0,0,0,0,1,0,0,0,0,0,0,0,0,0,0,1,0,0,0,0,0,0,0,0,0,0,0,0,0,0,0,0,0,0,0,1,0,0,0,1,0,0,0,0,0,0,0,0,0,0,0,0,0,0,0,0,0,0,0,0,0,0
fm_cbrt,cbrt,(D)D,"G,Lstar,Ole",fm_cbrt#M004,2963,org.pitest.mutationtest.engine.gregor.mutators.MathMutator,MathMutator,KILLED,D1,1,1,0,0,0,0,0,0,0,0,0,0,0,0,0,0,0,0,0,0,0,0,0,0,0,0,0,0,0,0,0,0,0,0,0,0,0,0,0,1,0,0,0,0,0,0,0,0,0,0,0,0,0,0,0,0,0,0,0,0,0,0,0,0,0,0,0,0,0,0,0,0,0,0,0,0,0,0,0,0,0,0,0,0,0,0
fm_cbrt,cbrt,(D)D,"G,Lstar,Ole",fm_cbrt#M005,2973,org.pitest.mutationtest.engine.gregor.mutators.MathMutator,MathMutator,NO_COVERAGE,D1,0,0,0,0,0,0,0,0,0,0,0,0,0,0,0,0,0,0,0,0,0,0,0,0,0,0,0,0,0,0,0,0,0,0,0,0,0,0,0,0,0,0,0,0,0,0,0,0,0,0,0,0,0,0,0,0,0,0,0,0,0,0,0,0,0,0,0,0,0,0,0,0,0,0,0,0,0,0,0,0,0,0,0,0,0,0
fm_cbrt,cbrt,(D)D,"G,Lstar,Ole",fm_cbrt#M006,2975,org.pitest.mutationtest.engine.gregor.mutators.MathMutator,MathMutator,NO_COVERAGE,D1,0,0,0,0,0,0,0,0,0,0,0,0,0,0,0,0,0,0,0,0,0,0,0,0,0,0,0,0,0,0,0,0,0,0,0,0,0,0,0,0,0,0,0,0,0,0,0,0,0,0,0,0,0,0,0,0,0,0,0,0,0,0,0,0,0,0,0,0,0,0,0,0,0,0,0,0,0,0,0,0,0,0,0,0,0,0
fm_cbrt,cbrt,(D)D,"G,Lstar,Ole",fm_cbrt#M007,2975,org.pitest.mutationtest.engine.gregor.mutators.MathMutator,MathMutator,NO_COVERAGE,D1,0,0,0,0,0,0,0,0,0,0,0,0,0,0,0,0,0,0,0,0,0,0,0,0,0,0,0,0,0,0,0,0,0,0,0,0,0,0,0,0,0,0,0,0,0,0,0,0,0,0,0,0,0,0,0,0,0,0,0,0,0,0,0,0,0,0,0,0,0,0,0,0,0,0,0,0,0,0,0,0,0,0,0,0,0,0
fm_cbrt,cbrt,(D)D,"G,Lstar,Ole",fm_cbrt#M008,2975,org.pitest.mutationtest.engine.gregor.mutators.MathMutator,MathMutator,NO_COVERAGE,D1,0,0,0,0,0,0,0,0,0,0,0,0,0,0,0,0,0,0,0,0,0,0,0,0,0,0,0,0,0,0,0,0,0,0,0,0,0,0,0,0,0,0,0,0,0,0,0,0,0,0,0,0,0,0,0,0,0,0,0,0,0,0,0,0,0,0,0,0,0,0,0,0,0,0,0,0,0,0,0,0,0,0,0,0,0,0
fm_cbrt,cbrt,(D)D,"G,Lstar,Ole",fm_cbrt#M009,2984,org.pitest.mutationtest.engine.gregor.mutators.MathMutator,MathMutator,KILLED,D1,1,1,0,0,0,0,0,0,0,0,0,0,0,0,0,0,0,0,0,0,0,0,0,0,0,0,0,0,0,0,0,0,0,0,0,0,0,0,0,1,0,0,0,0,0,0,0,0,0,0,0,0,0,0,0,0,0,0,0,1,0,0,0,0,0,0,0,0,0,0,0,0,0,0,0,0,0,0,0,0,0,0,0,0,0,0
fm_cbrt,cbrt,(D)D,"G,Lstar,Ole",fm_cbrt#M010,2987,org.pitest.mutationtest.engine.gregor.mutators.MathMutator,MathMutator,KILLED,D1,1,1,1,1,0,0,0,0,0,0,0,0,0,0,0,0,0,1,0,0,0,0,0,0,0,0,0,0,1,0,0,0,0,0,0,0,0,0,0,1,0,0,0,0,0,0,0,0,0,0,0,0,0,0,0,0,0,0,0,1,0,0,0,1,0,0,0,0,0,0,0,0,0,0,0,0,0,0,0,0,0,0,0,0,0,0
fm_cbrt,cbrt,(D)D,"G,Lstar,Ole",fm_cbrt#M011,2987,org.pitest.mutationtest.engine.gregor.mutators.MathMutator,MathMutator,KILLED,D1,1,1,0,0,0,0,0,0,0,0,0,0,0,0,0,0,0,0,0,0,0,0,0,0,0,0,0,0,0,0,0,0,0,0,0,0,0,0,0,1,0,0,0,0,0,0,0,0,0,0,0,0,0,0,0,0,0,0,0,0,0,0,0,0,0,0,0,0,0,0,0,0,0,0,0,0,0,0,0,0,0,0,0,0,0,0
fm_cbrt,cbrt,(D)D,"G,Lstar,Ole",fm_cbrt#M012,2987,org.pitest.mutationtest.engine.gregor.mutators.MathMutator,MathMutator,KILLED,D1,1,1,0,0,0,0,0,0,0,0,0,0,0,0,0,0,0,0,0,0,0,0,0,0,0,0,0,0,0,0,0,0,0,0,0,0,0,0,0,1,0,0,0,0,0,0,0,0,0,0,0,0,0,0,0,0,0,0,0,0,0,0,0,0,0,0,0,0,0,0,0,0,0,0,0,0,0,0,0,0,0,0,0,0,0,0
fm_cbrt,cbrt,(D)D,"G,Lstar,Ole",fm_cbrt#M013,2987,org.pitest.mutationtest.engine.gregor.mutators.MathMutator,MathMutator,KILLED,D1,1,1,0,0,0,0,0,0,0,0,0,0,0,0,0,0,0,0,0,0,0,0,0,0,0,0,0,0,0,0,0,0,0,0,0,0,0,0,0,1,0,0,0,0,0,0,0,0,0,0,0,0,0,0,0,0,0,0,0,1,0,0,0,0,0,0,0,0,0,0,0,0,0,0,0,0,0,0,0,0,0,0,0,0,0,0
fm_cbrt,cbrt,(D)D,"G,Lstar,Ole",fm_cbrt#M014,2987,org.pitest.mutationtest.engine.gregor.mutators.MathMutator,MathMutator,KILLED,D1,1,1,0,0,0,0,0,0,0,0,0,0,0,0,0,0,0,0,0,0,0,0,0,0,0,0,0,0,0,0,0,0,0,0,0,0,0,0,0,1,0,0,0,0,0,0,0,0,0,0,0,0,0,0,0,0,0,0,0,1,0,0,0,0,0,0,0,0,0,0,0,0,0,0,0,0,0,0,0,0,0,0,0,0,0,0
fm_cbrt,cbrt,(D)D,"G,Lstar,Ole",fm_cbrt#M015,2991,org.pitest.mutationtest.engine.gregor.mutators.MathMutator,MathMutator,KILLED,D1,1,1,1,1,0,0,0,0,0,0,0,0,0,0,0,0,0,1,0,0,0,0,0,0,0,0,0,0,1,0,0,0,0,0,0,0,0,0,0,1,0,0,0,0,0,0,0,0,0,0,0,0,0,0,0,0,0,0,0,1,0,0,0,1,0,0,0,0,0,0,0,0,0,0,0,0,0,0,0,0,0,0,0,0,0,0
fm_cbrt,cbrt,(D)D,"G,Lstar,Ole",fm_cbrt#M016,2991,org.pitest.mutationtest.engine.gregor.mutators.MathMutator,MathMutator,KILLED,D1,1,1,0,0,0,0,0,0,0,0,0,0,0,0,0,0,0,0,0,0,0,0,0,0,0,0,0,0,0,0,0,0,0,0,0,0,0,0,0,1,0,0,0,0,0,0,0,0,0,0,0,0,0,0,0,0,0,0,0,1,0,0,0,0,0,0,0,0,0,0,0,0,0,0,0,0,0,0,0,0,0,0,0,0,0,0
fm_cbrt,cbrt,(D)D,"G,Lstar,Ole",fm_cbrt#M017,2995,org.pitest.mutationtest.engine.gregor.mutators.MathMutator,MathMutator,SURVIVED,D1,1,0,0,0,0,0,0,0,0,0,0,0,0,0,0,0,0,0,0,0,0,0,0,0,0,0,0,0,0,0,0,0,0,0,0,0,0,0,0,0,0,0,0,0,0,0,0,0,0,0,0,0,0,0,0,0,0,0,0,0,0,0,0,0,0,0,0,0,0,0,0,0,0,0,0,0,0,0,0,0,0,0,0,0,0,0
fm_cbrt,cbrt,(D)D,"G,Lstar,Ole",fm_cbrt#M018,2995,org.pitest.mutationtest.engine.gregor.mutators.MathMutator,MathMutator,KILLED,D1,1,1,0,0,0,0,0,0,0,0,0,0,0,0,0,0,0,0,0,0,0,0,0,0,0,0,0,0,0,0,0,0,0,0,0,0,0,0,0,1,0,0,0,0,0,0,0,0,0,0,0,0,0,0,0,0,0,0,0,1,0,0,0,0,0,0,0,0,0,0,0,0,0,0,0,0,0,0,0,0,0,0,0,0,0,0
fm_cbrt,cbrt,(D)D,"G,Lstar,Ole",fm_cbrt#M019,2996,org.pitest.mutationtest.engine.gregor.mutators.MathMutator,MathMutator,KILLED,D1,1,1,0,0,0,0,0,0,0,0,0,0,0,0,0,0,0,0,0,0,0,0,0,0,0,0,0,0,0,0,0,0,0,0,0,0,0,0,0,1,0,0,0,0,0,0,0,0,0,0,0,0,0,0,0,0,0,0,0,0,0,0,0,0,0,0,0,0,0,0,0,0,0,0,0,0,0,0,0,0,0,0,0,0,0,0
fm_cbrt,cbrt,(D)D,"G,Lstar,Ole",fm_cbrt#M020,2996,org.pitest.mutationtest.engine.gregor.mutators.MathMutator,MathMutator,KILLED,D1,1,1,0,0,0,0,0,0,0,0,0,0,0,0,0,0,0,0,0,0,0,0,0,0,0,0,0,0,0,0,0,0,0,0,0,0,0,0,0,1,0,0,0,0,0,0,0,0,0,0,0,0,0,0,0,0,0,0,0,1,0,0,0,0,0,0,0,0,0,0,0,0,0,0,0,0,0,0,0,0,0,0,0,0,0,0
fm_cbrt,cbrt,(D)D,"G,Lstar,Ole",fm_cbrt#M021,2997,org.pitest.mutationtest.engine.gregor.mutators.MathMutator,MathMutator,KILLED,D1,1,1,0,0,0,0,0,0,0,0,0,0,0,0,0,0,0,0,0,0,0,0,0,0,0,0,0,0,0,0,0,0,0,0,0,0,0,0,0,1,0,0,0,0,0,0,0,0,0,0,0,0,0,0,0,0,0,0,0,0,0,0,0,0,0,0,0,0,0,0,0,0,0,0,0,0,0,0,0,0,0,0,0,0,0,0
fm_cbrt,cbrt,(D)D,"G,Lstar,Ole",fm_cbrt#M022,2997,org.pitest.mutationtest.engine.gregor.mutators.MathMutator,MathMutator,KILLED,D1,1,1,0,0,0,0,0,0,0,0,0,0,0,0,0,0,0,0,0,0,0,0,0,0,0,0,0,0,0,0,0,0,0,0,0,0,0,0,0,1,0,0,0,0,0,0,0,0,0,0,0,0,0,0,0,0,0,0,0,1,0,0,0,0,0,0,0,0,0,0,0,0,0,0,0,0,0,0,0,0,0,0,0,0,0,0
fm_cbrt,cbrt,(D)D,"G,Lstar,Ole",fm_cbrt#M023,2998,org.pitest.mutationtest.engine.gregor.mutators.MathMutator,MathMutator,KILLED,D1,1,1,0,0,0,0,0,0,0,0,0,0,0,0,0,0,0,0,0,0,0,0,0,0,0,0,0,0,0,0,0,0,0,0,0,0,0,0,0,1,0,0,0,0,0,0,0,0,0,0,0,0,0,0,0,0,0,0,0,0,0,0,0,0,0,0,0,0,0,0,0,0,0,0,0,0,0,0,0,0,0,0,0,0,0,0
fm_cbrt,cbrt,(D)D,"G,Lstar,Ole",fm_cbrt#M024,2998,org.pitest.mutationtest.engine.gregor.mutators.MathMutator,MathMutator,KILLED,D1,1,1,0,0,0,0,0,0,0,0,0,0,0,0,0,0,0,0,0,0,0,0,0,0,0,0,0,0,0,0,0,0,0,0,0,0,0,0,0,1,0,0,0,0,0,0,0,0,0,0,0,0,0,0,0,0,0,0,0,1,0,0,0,0,0,0,0,0,0,0,0,0,0,0,0,0,0,0,0,0,0,0,0,0,0,0
fm_cbrt,cbrt,(D)D,"G,Lstar,Ole",fm_cbrt#M025,3000,org.pitest.mutationtest.engine.gregor.mutators.MathMutator,MathMutator,KILLED,D1,1,1,1,1,0,0,0,0,0,0,0,0,0,0,0,0,0,1,0,0,0,0,0,0,0,0,0,0,1,0,0,0,0,0,0,0,0,0,0,1,0,0,0,0,0,0,0,0,0,0,0,0,0,0,0,0,0,0,0,1,0,0,0,1,0,0,0,0,0,0,0,0,0,0,0,0,0,0,0,0,0,0,0,0,0,0
fm_cbrt,cbrt,(D)D,"G,Lstar,Ole",fm_cbrt#M026,3000,org.pitest.mutationtest.engine.gregor.mutators.MathMutator,MathMutator,KILLED,D1,1,1,1,1,0,0,0,0,0,0,0,0,0,0,0,0,0,1,0,0,0,0,0,0,0,0,0,0,1,0,0,0,0,0,0,0,0,0,0,1,0,0,0,0,0,0,0,0,0,0,0,0,0,0,0,0,0,0,0,1,0,0,0,1,0,0,0,0,0,0,0,0,0,0,0,0,0,0,0,0,0,0,0,0,0,0
fm_cbrt,cbrt,(D)D,"G,Lstar,Ole",fm_cbrt#M027,3000,org.pitest.mutationtest.engine.gregor.mutators.MathMutator,MathMutator,KILLED,D1,1,1,0,0,0,0,0,0,0,0,0,0,0,0,0,0,0,0,0,0,0,0,0,0,0,0,0,0,0,0,0,0,0,0,0,0,0,0,0,1,0,0,0,0,0,0,0,0,0,0,0,0,0,0,0,0,0,0,0,1,0,0,0,0,0,0,0,0,0,0,0,0,0,0,0,0,0,0,0,0,0,0,0,0,0,0
fm_cbrt,cbrt,(D)D,"G,Lstar,Ole",fm_cbrt#M028,3005,org.pitest.mutationtest.engine.gregor.mutators.MathMutator,MathMutator,KILLED,D1,1,1,0,0,0,0,0,0,0,0,0,0,0,0,0,0,0,0,0,0,0,0,0,0,0,0,0,0,0,0,0,0,0,0,0,0,0,0,0,1,0,0,0,0,0,0,0,0,0,0,0,0,0,0,0,0,0,0,0,0,0,0,0,0,0,0,0,0,0,0,0,0,0,0,0,0,0,0,0,0,0,0,0,0,0,0
fm_cbrt,cbrt,(D)D,"G,Lstar,Ole",fm_cbrt#M029,3005,org.pitest.mutationtest.engine.gregor.mutators.MathMutator,MathMutator,KILLED,D1,1,1,0,0,0,0,0,0,0,0,0,0,0,0,0,0,0,0,0,0,0,0,0,0,0,0,0,0,0,0,0,0,0,0,0,0,0,0,0,1,0,0,0,0,0,0,0,0,0,0,0,0,0,0,0,0,0,0,0,0,0,0,0,0,0,0,0,0,0,0,0,0,0,0,0,0,0,0,0,0,0,0,0,0,0,0
fm_cbrt,cbrt,(D)D,"G,Lstar,Ole",fm_cbrt#M030,3005,org.pitest.mutationtest.engine.gregor.mutators.MathMutator,MathMutator,KILLED,D1,1,1,0,0,0,0,0,0,0,0,0,0,0,0,0,0,0,0,0,0,0,0,0,0,0,0,0,0,0,0,0,0,0,0,0,0,0,0,0,1,0,0,0,0,0,0,0,0,0,0,0,0,0,0,0,0,0,0,0,0,0,0,0,0,0,0,0,0,0,0,0,0,0,0,0,0,0,0,0,0,0,0,0,0,0,0
fm_cbrt,cbrt,(D)D,"G,Lstar,Ole",fm_cbrt#M031,3006,org.pitest.mutationtest.engine.gregor.mutators.MathMutator,MathMutator,KILLED,D1,1,1,0,0,0,0,0,0,0,0,0,0,0,0,0,0,0,0,0,0,0,0,0,0,0,0,0,0,0,0,0,0,0,0,0,0,0,0,0,1,0,0,0,0,0,0,0,0,0,0,0,0,0,0,0,0,0,0,0,0,0,0,0,0,0,0,0,0,0,0,0,0,0,0,0,0,0,0,0,0,0,0,0,0,0,0
fm_cbrt,cbrt,(D)D,"G,Lstar,Ole",fm_cbrt#M032,3006,org.pitest.mutationtest.engine.gregor.mutators.MathMutator,MathMutator,KILLED,D1,1,1,0,0,0,0,0,0,0,0,0,0,0,0,0,0,0,0,0,0,0,0,0,0,0,0,0,0,0,0,0,0,0,0,0,0,0,0,0,1,0,0,0,0,0,0,0,0,0,0,0,0,0,0,0,0,0,0,0,0,0,0,0,0,0,0,0,0,0,0,0,0,0,0,0,0,0,0,0,0,0,0,0,0,0,0
fm_cbrt,cbrt,(D)D,"G,Lstar,Ole",fm_cbrt#M033,3006,org.pitest.mutationtest.engine.gregor.mutators.MathMutator,MathMutator,KILLED,D1,1,1,0,0,0,0,0,0,0,0,0,0,0,0,0,0,0,0,0,0,0,0,0,0,0,0,0,0,0,0,0,0,0,0,0,0,0,0,0,1,0,0,0,0,0,0,0,0,0,0,0,0,0,0,0,0,0,0,0,0,0,0,0,0,0,0,0,0,0,0,0,0,0,0,0,0,0,0,0,0,0,0,0,0,0,0
fm_cbrt,cbrt,(D)D,"G,Lstar,Ole",fm_cbrt#M034,3006,org.pitest.mutationtest.engine.gregor.mutators.MathMutator,MathMutator,SURVIVED,D1,1,0,0,0,0,0,0,0,0,0,0,0,0,0,0,0,0,0,0,0,0,0,0,0,0,0,0,0,0,0,0,0,0,0,0,0,0,0,0,0,0,0,0,0,0,0,0,0,0,0,0,0,0,0,0,0,0,0,0,0,0,0,0,0,0,0,0,0,0,0,0,0,0,0,0,0,0,0,0,0,0,0,0,0,0,0
fm_cbrt,cbrt,(D)D,"G,Lstar,Ole",fm_cbrt#M035,3006,org.pitest.mutationtest.engine.gregor.mutators.MathMutator,MathMutator,SURVIVED,D1,1,0,0,0,0,0,0,0,0,0,0,0,0,0,0,0,0,0,0,0,0,0,0,0,0,0,0,0,0,0,0,0,0,0,0,0,0,0,0,0,0,0,0,0,0,0,0,0,0,0,0,0,0,0,0,0,0,0,0,0,0,0,0,0,0,0,0,0,0,0,0,0,0,0,0,0,0,0,0,0,0,0,0,0,0,0
fm_cbrt,cbrt,(D)D,"G,Lstar,Ole",fm_cbrt#M036,3006,org.pitest.mutationtest.engine.gregor.mutators.MathMutator,MathMutator,SURVIVED,D1,1,0,0,0,0,0,0,0,0,0,0,0,0,0,0,0,0,0,0,0,0,0,0,0,0,0,0,0,0,0,0,0,0,0,0,0,0,0,0,0,0,0,0,0,0,0,0,0,0,0,0,0,0,0,0,0,0,0,0,0,0,0,0,0,0,0,0,0,0,0,0,0,0,0,0,0,0,0,0,0,0,0,0,0,0,0
fm_cbrt,cbrt,(D)D,"G,Lstar,Ole",fm_cbrt#M037,3006,org.pitest.mutationtest.engine.gregor.mutators.MathMutator,MathMutator,SURVIVED,D1,1,0,0,0,0,0,0,0,0,0,0,0,0,0,0,0,0,0,0,0,0,0,0,0,0,0,0,0,0,0,0,0,0,0,0,0,0,0,0,0,0,0,0,0,0,0,0,0,0,0,0,0,0,0,0,0,0,0,0,0,0,0,0,0,0,0,0,0,0,0,0,0,0,0,0,0,0,0,0,0,0,0,0,0,0,0
fm_cbrt,cbrt,(D)D,"G,Lstar,Ole",fm_cbrt#M038,3007,org.pitest.mutationtest.engine.gregor.mutators.MathMutator,MathMutator,KILLED,D1,1,1,0,0,0,0,0,0,0,0,0,0,0,0,0,0,0,0,0,0,0,0,0,0,0,0,0,0,0,0,0,0,0,0,0,0,0,0,0,1,0,0,0,0,0,0,0,0,0,0,0,0,0,0,0,0,0,0,0,0,0,0,0,0,0,0,0,0,0,0,0,0,0,0,0,0,0,0,0,0,0,0,0,0,0,0
fm_cbrt,cbrt,(D)D,"G,Lstar,Ole",fm_cbrt#M039,3007,org.pitest.mutationtest.engine.gregor.mutators.MathMutator,MathMutator,KILLED,D1,1,1,0,0,0,0,0,0,0,0,0,0,0,0,0,0,0,0,0,0,0,0,0,0,0,0,0,0,0,0,0,0,0,0,0,0,0,0,0,1,0,0,0,0,0,0,0,0,0,0,0,0,0,0,0,0,0,0,0,0,0,0,0,0,0,0,0,0,0,0,0,0,0,0,0,0,0,0,0,0,0,0,0,0,0,0
fm_cbrt,cbrt,(D)D,"G,Lstar,Ole",fm_cbrt#M040,3007,org.pitest.mutationtest.engine.gregor.mutators.MathMutator,MathMutator,KILLED,D1,1,1,0,0,0,0,0,0,0,0,0,0,0,0,0,0,0,0,0,0,0,0,0,0,0,0,0,0,0,0,0,0,0,0,0,0,0,0,0,1,0,0,0,0,0,0,0,0,0,0,0,0,0,0,0,0,0,0,0,0,0,0,0,0,0,0,0,0,0,0,0,0,0,0,0,0,0,0,0,0,0,0,0,0,0,0
fm_cbrt,cbrt,(D)D,"G,Lstar,Ole",fm_cbrt#M041,3007,org.pitest.mutationtest.engine.gregor.mutators.MathMutator,MathMutator,SURVIVED,D1,1,0,0,0,0,0,0,0,0,0,0,0,0,0,0,0,0,0,0,0,0,0,0,0,0,0,0,0,0,0,0,0,0,0,0,0,0,0,0,0,0,0,0,0,0,0,0,0,0,0,0,0,0,0,0,0,0,0,0,0,0,0,0,0,0,0,0,0,0,0,0,0,0,0,0,0,0,0,0,0,0,0,0,0,0,0
fm_cbrt,cbrt,(D)D,"G,Lstar,Ole",fm_cbrt#M042,3007,org.pitest.mutationtest.engine.gregor.mutators.MathMutator,MathMutator,SURVIVED,D1,1,0,0,0,0,0,0,0,0,0,0,0,0,0,0,0,0,0,0,0,0,0,0,0,0,0,0,0,0,0,0,0,0,0,0,0,0,0,0,0,0,0,0,0,0,0,0,0,0,0,0,0,0,0,0,0,0,0,0,0,0,0,0,0,0,0,0,0,0,0,0,0,0,0,0,0,0,0,0,0,0,0,0,0,0,0
fm_cbrt,cbrt,(D)D,"G,Lstar,Ole",fm_cbrt#M043,3007,org.pitest.mutationtest.engine.gregor.mutators.MathMutator,MathMutator,SURVIVED,D1,1,0,0,0,0,0,0,0,0,0,0,0,0,0,0,0,0,0,0,0,0,0,0,0,0,0,0,0,0,0,0,0,0,0,0,0,0,0,0,0,0,0,0,0,0,0,0,0,0,0,0,0,0,0,0,0,0,0,0,0,0,0,0,0,0,0,0,0,0,0,0,0,0,0,0,0,0,0,0,0,0,0,0,0,0,0
fm_cbrt,cbrt,(D)D,"G,Lstar,Ole",fm_cbrt#M044,3007,org.pitest.mutationtest.engine.gregor.mutators.MathMutator,MathMutator,SURVIVED,D1,1,0,0,0,0,0,0,0,0,0,0,0,0,0,0,0,0,0,0,0,0,0,0,0,0,0,0,0,0,0,0,0,0,0,0,0,0,0,0,0,0,0,0,0,0,0,0,0,0,0,0,0,0,0,0,0,0,0,0,0,0,0,0,0,0,0,0,0,0,0,0,0,0,0,0,0,0,0,0,0,0,0,0,0,0,0
fm_cbrt,cbrt,(D)D,"G,Lstar,Ole",fm_cbrt#M045,3010,org.pitest.mutationtest.engine.gregor.mutators.MathMutator,MathMutator,SURVIVED,D1,1,0,0,0,0,0,0,0,0,0,0,0,0,0,0,0,0,0,0,0,0,0,0,0,0,0,0,0,0,0,0,0,0,0,0,0,0,0,0,0,0,0,0,0,0,0,0,0,0,0,0,0,0,0,0,0,0,0,0,0,0,0,0,0,0,0,0,0,0,0,0,0,0,0,0,0,0,0,0,0,0,0,0,0,0,0
fm_cbrt,cbrt,(D)D,"G,Lstar,Ole",fm_cbrt#M046,3011,org.pitest.mutationtest.engine.gregor.mutators.MathMutator,MathMutator,KILLED,D1,1,1,0,0,0,0,0,0,0,0,0,0,0,0,0,0,0,0,0,0,0,0,0,0,0,0,0,0,0,0,0,0,0,0,0,0,0,0,0,0,0,0,0,0,0,0,0,0,0,0,0,0,0,0,0,0,0,0,0,1,0,0,0,0,0,0,0,0,0,0,0,0,0,0,0,0,0,0,0,0,0,0,0,0,0,0
fm_cbrt,cbrt,(D)D,"G,Lstar,Ole",fm_cbrt#M047,3011,org.pitest.mutationtest.engine.gregor.mutators.MathMutator,MathMutator,KILLED,D1,1,1,0,0,0,0,0,0,0,0,0,0,0,0,0,0,0,0,0,0,0,0,0,0,0,0,0,0,0,0,0,0,0,0,0,0,0,0,0,1,0,0,0,0,0,0,0,0,0,0,0,0,0,0,0,0,0,0,0,1,0,0,0,0,0,0,0,0,0,0,0,0,0,0,0,0,0,0,0,0,0,0,0,0,0,0
fm_cbrt,cbrt,(D)D,"G,Lstar,Ole",fm_cbrt#M048,3012,org.pitest.mutationtest.engine.gregor.mutators.MathMutator,MathMutator,KILLED,D1,1,1,0,0,0,0,0,0,0,0,0,0,0,0,0,0,0,0,0,0,0,0,0,0,0,0,0,0,0,0,0,0,0,0,0,0,0,0,0,1,0,0,0,0,0,0,0,0,0,0,0,0,0,0,0,0,0,0,0,1,0,0,0,0,0,0,0,0,0,0,0,0,0,0,0,0,0,0,0,0,0,0,0,0,0,0
fm_cbrt,cbrt,(D)D,"G,Lstar,Ole",fm_cbrt#M049,3014,org.pitest.mutationtest.engine.gregor.mutators.MathMutator,MathMutator,KILLED,D1,1,1,0,0,0,0,0,0,0,0,0,0,0,0,0,0,0,0,0,0,0,0,0,0,0,0,0,0,0,0,0,0,0,0,0,0,0,0,0,1,0,0,0,0,0,0,0,0,0,0,0,0,0,0,0,0,0,0,0,1,0,0,0,0,0,0,0,0,0,0,0,0,0,0,0,0,0,0,0,0,0,0,0,0,0,0
fm_cbrt,cbrt,(D)D,"G,Lstar,Ole",fm_cbrt#M050,3015,org.pitest.mutationtest.engine.gregor.mutators.MathMutator,MathMutator,KILLED,D1,1,1,0,0,0,0,0,0,0,0,0,0,0,0,0,0,0,0,0,0,0,0,0,0,0,0,0,0,0,0,0,0,0,0,0,0,0,0,0,1,0,0,0,0,0,0,0,0,0,0,0,0,0,0,0,0,0,0,0,1,0,0,0,0,0,0,0,0,0,0,0,0,0,0,0,0,0,0,0,0,0,0,0,0,0,0
fm_cbrt,cbrt,(D)D,"G,Lstar,Ole",fm_cbrt#M051,3015,org.pitest.mutationtest.engine.gregor.mutators.MathMutator,MathMutator,KILLED,D1,1,1,0,0,0,0,0,0,0,0,0,0,0,0,0,0,0,0,0,0,0,0,0,0,0,0,0,0,0,0,0,0,0,0,0,0,0,0,0,1,0,0,0,0,0,0,0,0,0,0,0,0,0,0,0,0,0,0,0,0,0,0,0,0,0,0,0,0,0,0,0,0,0,0,0,0,0,0,0,0,0,0,0,0,0,0
fm_cbrt,cbrt,(D)D,"G,Lstar,Ole",fm_cbrt#M052,3015,org.pitest.mutationtest.engine.gregor.mutators.MathMutator,MathMutator,KILLED,D1,1,1,0,0,0,0,0,0,0,0,0,0,0,0,0,0,0,0,0,0,0,0,0,0,0,0,0,0,0,0,0,0,0,0,0,0,0,0,0,1,0,0,0,0,0,0,0,0,0,0,0,0,0,0,0,0,0,0,0,1,0,0,0,0,0,0,0,0,0,0,0,0,0,0,0,0,0,0,0,0,0,0,0,0,0,0
fm_cbrt,cbrt,(D)D,"G,Lstar,Ole",fm_cbrt#M053,3015,org.pitest.mutationtest.engine.gregor.mutators.MathMutator,MathMutator,SURVIVED,D1,1,0,0,0,0,0,0,0,0,0,0,0,0,0,0,0,0,0,0,0,0,0,0,0,0,0,0,0,0,0,0,0,0,0,0,0,0,0,0,0,0,0,0,0,0,0,0,0,0,0,0,0,0,0,0,0,0,0,0,0,0,0,0,0,0,0,0,0,0,0,0,0,0,0,0,0,0,0,0,0,0,0,0,0,0,0
fm_cbrt,cbrt,(D)D,"G,Lstar,Ole",fm_cbrt#M054,3016,org.pitest.mutationtest.engine.gregor.mutators.MathMutator,MathMutator,SURVIVED,D1,1,0,0,0,0,0,0,0,0,0,0,0,0,0,0,0,0,0,0,0,0,0,0,0,0,0,0,0,0,0,0,0,0,0,0,0,0,0,0,0,0,0,0,0,0,0,0,0,0,0,0,0,0,0,0,0,0,0,0,0,0,0,0,0,0,0,0,0,0,0,0,0,0,0,0,0,0,0,0,0,0,0,0,0,0,0
fm_cbrt,cbrt,(D)D,"G,Lstar,Ole",fm_cbrt#M055,3017,org.pitest.mutationtest.engine.gregor.mutators.MathMutator,MathMutator,KILLED,D1,1,1,0,0,0,0,0,0,0,0,0,0,0,0,0,0,0,0,0,0,0,0,0,0,0,0,0,0,0,0,0,0,0,0,0,0,0,0,0,1,0,0,0,0,0,0,0,0,0,0,0,0,0,0,0,0,0,0,0,0,0,0,0,0,0,0,0,0,0,0,0,0,0,0,0,0,0,0,0,0,0,0,0,0,0,0
fm_cbrt,cbrt,(D)D,"G,Lstar,Ole",fm_cbrt#M056,3017,org.pitest.mutationtest.engine.gregor.mutators.MathMutator,MathMutator,KILLED,D1,1,1,0,0,0,0,0,0,0,0,0,0,0,0,0,0,0,0,0,0,0,0,0,0,0,0,0,0,0,0,0,0,0,0,0,0,0,0,0,1,0,0,0,0,0,0,0,0,0,0,0,0,0,0,0,0,0,0,0,0,0,0,0,0,0,0,0,0,0,0,0,0,0,0,0,0,0,0,0,0,0,0,0,0,0,0
fm_cbrt,cbrt,(D)D,"G,Lstar,Ole",fm_cbrt#M057,3018,org.pitest.mutationtest.engine.gregor.mutators.MathMutator,MathMutator,KILLED,D1,1,1,0,0,0,0,0,0,0,0,0,0,0,0,0,0,0,0,0,0,0,0,0,0,0,0,0,0,0,0,0,0,0,0,0,0,0,0,0,1,0,0,0,0,0,0,0,0,0,0,0,0,0,0,0,0,0,0,0,0,0,0,0,0,0,0,0,0,0,0,0,0,0,0,0,0,0,0,0,0,0,0,0,0,0,0
fm_cbrt,cbrt,(D)D,"G,Lstar,Ole",fm_cbrt#M058,3018,org.pitest.mutationtest.engine.gregor.mutators.MathMutator,MathMutator,KILLED,D1,1,1,0,0,0,0,0,0,0,0,0,0,0,0,0,0,0,0,0,0,0,0,0,0,0,0,0,0,0,0,0,0,0,0,0,0,0,0,0,1,0,0,0,0,0,0,0,0,0,0,0,0,0,0,0,0,0,0,0,0,0,0,0,0,0,0,0,0,0,0,0,0,0,0,0,0,0,0,0,0,0,0,0,0,0,0
fm_cbrt,cbrt,(D)D,"G,Lstar,Ole",fm_cbrt#M059,3021,org.pitest.mutationtest.engine.gregor.mutators.MathMutator,MathMutator,KILLED,D1,1,1,0,0,0,0,0,0,0,0,0,0,0,0,0,0,0,0,0,0,0,0,0,0,0,0,0,0,0,0,0,0,0,0,0,0,0,0,0,1,0,0,0,0,0,0,0,0,0,0,0,0,0,0,0,0,0,0,0,1,0,0,0,0,0,0,0,0,0,0,0,0,0,0,0,0,0,0,0,0,0,0,0,0,0,0
fm_cbrt,cbrt,(D)D,"G,Lstar,Ole",fm_cbrt#M060,3021,org.pitest.mutationtest.engine.gregor.mutators.MathMutator,MathMutator,KILLED,D1,1,1,0,0,0,0,0,0,0,0,0,0,0,0,0,0,0,0,0,0,0,0,0,0,0,0,0,0,0,0,0,0,0,0,0,0,0,0,0,1,0,0,0,0,0,0,0,0,0,0,0,0,0,0,0,0,0,0,0,1,0,0,0,0,0,0,0,0,0,0,0,0,0,0,0,0,0,0,0,0,0,0,0,0,0,0
fm_cbrt,cbrt,(D)D,"G,Lstar,Ole",fm_cbrt#M061,3021,org.pitest.mutationtest.engine.gregor.mutators.MathMutator,MathMutator,KILLED,D1,1,1,0,0,0,0,0,0,0,0,0,0,0,0,0,0,0,0,0,0,0,0,0,0,0,0,0,0,0,0,0,0,0,0,0,0,0,0,0,1,0,0,0,0,0,0,0,0,0,0,0,0,0,0,0,0,0,0,0,0,0,0,0,0,0,0,0,0,0,0,0,0,0,0,0,0,0,0,0,0,0,0,0,0,0,0
fm_cbrt,cbrt,(D)D,"G,Lstar,Ole",fm_cbrt#M062,3021,org.pitest.mutationtest.engine.gregor.mutators.MathMutator,MathMutator,KILLED,D1,1,1,0,0,0,0,0,0,0,0,0,0,0,0,0,0,0,0,0,0,0,0,0,0,0,0,0,0,0,0,0,0,0,0,0,0,0,0,0,1,0,0,0,0,0,0,0,0,0,0,0,0,0,0,0,0,0,0,0,1,0,0,0,0,0,0,0,0,0,0,0,0,0,0,0,0,0,0,0,0,0,0,0,0,0,0
fm_cbrt,cbrt,(D)D,"G,Lstar,Ole",fm_cbrt#M063,3021,org.pitest.mutationtest.engine.gregor.mutators.MathMutator,MathMutator,SURVIVED,D1,1,0,0,0,0,0,0,0,0,0,0,0,0,0,0,0,0,0,0,0,0,0,0,0,0,0,0,0,0,0,0,0,0,0,0,0,0,0,0,0,0,0,0,0,0,0,0,0,0,0,0,0,0,0,0,0,0,0,0,0,0,0,0,0,0,0,0,0,0,0,0,0,0,0,0,0,0,0,0,0,0,0,0,0,0,0
fm_cbrt,cbrt,(D)D,"G,Lstar,Ole",fm_cbrt#M064,3022,org.pitest.mutationtest.engine.gregor.mutators.MathMutator,MathMutator,KILLED,D1,1,1,0,0,0,0,0,0,0,0,0,0,0,0,0,0,0,0,0,0,0,0,0,0,0,0,0,0,0,0,0,0,0,0,0,0,0,0,0,1,0,0,0,0,0,0,0,0,0,0,0,0,0,0,0,0,0,0,0,1,0,0,0,0,0,0,0,0,0,0,0,0,0,0,0,0,0,0,0,0,0,0,0,0,0,0
fm_cbrt,cbrt,(D)D,"G,Lstar,Ole",fm_cbrt#M065,3024,org.pitest.mutationtest.engine.gregor.mutators.MathMutator,MathMutator,SURVIVED,D1,1,0,0,0,0,0,0,0,0,0,0,0,0,0,0,0,0,0,0,0,0,0,0,0,0,0,0,0,0,0,0,0,0,0,0,0,0,0,0,0,0,0,0,0,0,0,0,0,0,0,0,0,0,0,0,0,0,0,0,0,0,0,0,0,0,0,0,0,0,0,0,0,0,0,0,0,0,0,0,0,0,0,0,0,0,0
fm_cbrt,cbrt,(D)D,"G,Lstar,Ole",fm_cbrt#M066,3025,org.pitest.mutationtest.engine.gregor.mutators.MathMutator,MathMutator,KILLED,D1,1,1,0,0,0,0,0,0,0,0,0,0,0,0,0,0,0,0,0,0,0,0,0,0,0,0,0,0,0,0,0,0,0,0,0,0,0,0,0,1,0,0,0,0,0,0,0,0,0,0,0,0,0,0,0,0,0,0,0,0,0,0,0,0,0,0,0,0,0,0,0,0,0,0,0,0,0,0,0,0,0,0,0,0,0,0
fm_cbrt,cbrt,(D)D,"G,Lstar,Ole",fm_cbrt#M067,3025,org.pitest.mutationtest.engine.gregor.mutators.MathMutator,MathMutator,KILLED,D1,1,1,0,0,0,0,0,0,0,0,0,0,0,0,0,0,0,0,0,0,0,0,0,0,0,0,0,0,0,0,0,0,0,0,0,0,0,0,0,1,0,0,0,0,0,0,0,0,0,0,0,0,0,0,0,0,0,0,0,0,0,0,0,0,0,0,0,0,0,0,0,0,0,0,0,0,0,0,0,0,0,0,0,0,0,0
fm_cbrt,cbrt,(D)D,"G,Lstar,Ole",fm_cbrt#M068,3026,org.pitest.mutationtest.engine.gregor.mutators.MathMutator,MathMutator,KILLED,D1,1,1,0,0,0,0,0,0,0,0,0,0,0,0,0,0,0,0,0,0,0,0,0,0,0,0,0,0,0,0,0,0,0,0,0,0,0,0,0,1,0,0,0,0,0,0,0,0,0,0,0,0,0,0,0,0,0,0,0,0,0,0,0,0,0,0,0,0,0,0,0,0,0,0,0,0,0,0,0,0,0,0,0,0,0,0
fm_cbrt,cbrt,(D)D,"G,Lstar,Ole",fm_cbrt#M069,3028,org.pitest.mutationtest.engine.gregor.mutators.MathMutator,MathMutator,KILLED,D1,1,1,0,0,0,0,0,0,0,0,0,0,0,0,0,0,0,0,0,0,0,0,0,0,0,0,0,0,0,0,0,0,0,0,0,0,0,0,0,1,0,0,0,0,0,0,0,0,0,0,0,0,0,0,0,0,0,0,0,0,0,0,0,0,0,0,0,0,0,0,0,0,0,0,0,0,0,0,0,0,0,0,0,0,0,0
fm_cbrt,cbrt,(D)D,"G,Lstar,Ole",fm_cbrt#M070,3028,org.pitest.mutationtest.engine.gregor.mutators.MathMutator,MathMutator,SURVIVED,D1,1,0,0,0,0,0,0,0,0,0,0,0,0,0,0,0,0,0,0,0,0,0,0,0,0,0,0,0,0,0,0,0,0,0,0,0,0,0,0,0,0,0,0,0,0,0,0,0,0,0,0,0,0,0,0,0,0,0,0,0,0,0,0,0,0,0,0,0,0,0,0,0,0,0,0,0,0,0,0,0,0,0,0,0,0,0
fm_cbrt,cbrt,(D)D,"G,Lstar,Ole",fm_cbrt#M071,3028,org.pitest.mutationtest.engine.gregor.mutators.MathMutator,MathMutator,SURVIVED,D1,1,0,0,0,0,0,0,0,0,0,0,0,0,0,0,0,0,0,0,0,0,0,0,0,0,0,0,0,0,0,0,0,0,0,0,0,0,0,0,0,0,0,0,0,0,0,0,0,0,0,0,0,0,0,0,0,0,0,0,0,0,0,0,0,0,0,0,0,0,0,0,0,0,0,0,0,0,0,0,0,0,0,0,0,0,0
fm_cbrt,cbrt,(D)D,"G,Lstar,Ole",fm_cbrt#M072,3028,org.pitest.mutationtest.engine.gregor.mutators.MathMutator,MathMutator,SURVIVED,D1,1,0,0,0,0,0,0,0,0,0,0,0,0,0,0,0,0,0,0,0,0,0,0,0,0,0,0,0,0,0,0,0,0,0,0,0,0,0,0,0,0,0,0,0,0,0,0,0,0,0,0,0,0,0,0,0,0,0,0,0,0,0,0,0,0,0,0,0,0,0,0,0,0,0,0,0,0,0,0,0,0,0,0,0,0,0
fm_cbrt,cbrt,(D)D,"G,Lstar,Ole",fm_cbrt#M073,3028,org.pitest.mutationtest.engine.gregor.mutators.MathMutator,MathMutator,SURVIVED,D1,1,0,0,0,0,0,0,0,0,0,0,0,0,0,0,0,0,0,0,0,0,0,0,0,0,0,0,0,0,0,0,0,0,0,0,0,0,0,0,0,0,0,0,0,0,0,0,0,0,0,0,0,0,0,0,0,0,0,0,0,0,0,0,0,0,0,0,0,0,0,0,0,0,0,0,0,0,0,0,0,0,0,0,0,0,0
fm_cbrt,cbrt,(D)D,"G,Lstar,Ole",fm_cbrt#M074,3031,org.pitest.mutationtest.engine.gregor.mutators.MathMutator,MathMutator,KILLED,D1,1,1,0,0,0,0,0,0,0,0,0,0,0,0,0,0,0,0,0,0,0,0,0,0,0,0,0,0,0,0,0,0,0,0,0,0,0,0,0,1,0,0,0,0,0,0,0,0,0,0,0,0,0,0,0,0,0,0,0,1,0,0,0,0,0,0,0,0,0,0,0,0,0,0,0,0,0,0,0,0,0,0,0,0,0,0
fm_cbrt,cbrt,(D)D,"G,Lstar,Ole",fm_cbrt#M075,3034,org.pitest.mutationtest.engine.gregor.mutators.MathMutator,MathMutator,NO_COVERAGE,D1,0,0,0,0,0,0,0,0,0,0,0,0,0,0,0,0,0,0,0,0,0,0,0,0,0,0,0,0,0,0,0,0,0,0,0,0,0,0,0,0,0,0,0,0,0,0,0,0,0,0,0,0,0,0,0,0,0,0,0,0,0,0,0,0,0,0,0,0,0,0,0,0,0,0,0,0,0,0,0,0,0,0,0,0,0,0
fm_cbrt,cbrt,(D)D,"G,Lstar,Ole",fm_cbrt#M076,2966,org.pitest.mutationtest.engine.gregor.mutators.RemoveConditionalMutator_EQUAL_ELSE,RemoveConditionalMutator_EQUAL_ELSE,SURVIVED,D1,1,0,0,0,0,0,0,0,0,0,0,0,0,0,0,0,0,0,0,0,0,0,0,0,0,0,0,0,0,0,0,0,0,0,0,0,0,0,0,0,0,0,0,0,0,0,0,0,0,0,0,0,0,0,0,0,0,0,0,0,0,0,0,0,0,0,0,0,0,0,0,0,0,0,0,0,0,0,0,0,0,0,0,0,0,0
fm_cbrt,cbrt,(D)D,"G,Lstar,Ole",fm_cbrt#M077,2967,org.pitest.mutationtest.engine.gregor.mutators.RemoveConditionalMutator_EQUAL_ELSE,RemoveConditionalMutator_EQUAL_ELSE,SURVIVED,D1,1,0,0,0,0,0,0,0,0,0,0,0,0,0,0,0,0,0,0,0,0,0,0,0,0,0,0,0,0,0,0,0,0,0,0,0,0,0,0,0,0,0,0,0,0,0,0,0,0,0,0,0,0,0,0,0,0,0,0,0,0,0,0,0,0,0,0,0,0,0,0,0,0,0,0,0,0,0,0,0,0,0,0,0,0,0
fm_cbrt,cbrt,(D)D,"G,Lstar,Ole",fm_cbrt#M078,2978,org.pitest.mutationtest.engine.gregor.mutators.RemoveConditionalMutator_EQUAL_ELSE,RemoveConditionalMutator_EQUAL_ELSE,SURVIVED,D1,1,0,0,0,0,0,0,0,0,0,0,0,0,0,0,0,0,0,0,0,0,0,0,0,0,0,0,0,0,0,0,0,0,0,0,0,0,0,0,0,0,0,0,0,0,0,0,0,0,0,0,0,0,0,0,0,0,0,0,0,0,0,0,0,0,0,0,0,0,0,0,0,0,0,0,0,0,0,0,0,0,0,0,0,0,0
fm_cbrt,cbrt,(D)D,"G,Lstar,Ole",fm_cbrt#M079,3033,org.pitest.mutationtest.engine.gregor.mutators.RemoveConditionalMutator_EQUAL_ELSE,RemoveConditionalMutator_EQUAL_ELSE,SURVIVED,D1,1,0,0,0,0,0,0,0,0,0,0,0,0,0,0,0,0,0,0,0,0,0,0,0,0,0,0,0,0,0,0,0,0,0,0,0,0,0,0,0,0,0,0,0,0,0,0,0,0,0,0,0,0,0,0,0,0,0,0,0,0,0,0,0,0,0,0,0,0,0,0,0,0,0,0,0,0,0,0,0,0,0,0,0,0,0
fm_cbrt,cbrt,(D)D,"G,Lstar,Ole",fm_cbrt#M080,2968,org.pitest.mutationtest.engine.gregor.mutators.returns.PrimitiveReturnsMutator,PrimitiveReturnsMutator,SURVIVED,D2,1,0,0,0,0,0,0,0,0,0,0,0,0,0,0,0,0,0,0,0,0,0,0,0,0,0,0,0,0,0,0,0,0,0,0,0,0,0,0,0,0,0,0,0,0,0,0,0,0,0,0,0,0,0,0,0,0,0,0,0,0,0,0,0,0,0,0,0,0,0,0,0,0,0,0,0,0,0,0,0,0,0,0,0,0,0
fm_cbrt,cbrt,(D)D,"G,Lstar,Ole",fm_cbrt#M081,2980,org.pitest.mutationtest.engine.gregor.mutators.returns.PrimitiveReturnsMutator,PrimitiveReturnsMutator,NO_COVERAGE,D2,0,0,0,0,0,0,0,0,0,0,0,0,0,0,0,0,0,0,0,0,0,0,0,0,0,0,0,0,0,0,0,0,0,0,0,0,0,0,0,0,0,0,0,0,0,0,0,0,0,0,0,0,0,0,0,0,0,0,0,0,0,0,0,0,0,0,0,0,0,0,0,0,0,0,0,0,0,0,0,0,0,0,0,0,0,0
fm_cbrt,cbrt,(D)D,"G,Lstar,Ole",fm_cbrt#M082,3037,org.pitest.mutationtest.engine.gregor.mutators.returns.PrimitiveReturnsMutator,PrimitiveReturnsMutator,KILLED,D2,1,1,0,0,0,0,0,0,0,0,0,0,0,0,0,0,0,0,0,0,0,0,0,0,0,0,0,0,0,0,0,0,0,0,0,0,0,0,0,1,0,0,0,0,0,0,0,0,0,0,0,0,0,0,0,0,0,0,0,0,0,0,0,0,0,0,0,0,0,0,0,0,0,0,0,0,0,0,0,0,0,0,0,0,0,0
fm_sin,sin,(D)D,"G,Lstar,Ole",fm_sin#M001,2329,org.pitest.mutationtest.engine.gregor.mutators.ConditionalsBoundaryMutator,ConditionalsBoundaryMutator,SURVIVED,D1,1,0,0,0,0,0,0,0,0,0,0,0,0,0,0,0,0,0,0,0,0,0,0,0,0,0,0,0,0,0,0,0,0,0,0,0,0,0,0,0,0,0,0,0,0,0,0,0,0,0,0,0,0,0,0,0,0,0,0,0,0,0,0,0,0,0,0,0,0,0,0,0,0,0,0,0,0,0,0,0,0,0,0,0,0,0
fm_sin,sin,(D)D,"G,Lstar,Ole",fm_sin#M002,2337,org.pitest.mutationtest.engine.gregor.mutators.ConditionalsBoundaryMutator,ConditionalsBoundaryMutator,SURVIVED,D1,1,0,0,0,0,0,0,0,0,0,0,0,0,0,0,0,0,0,0,0,0,0,0,0,0,0,0,0,0,0,0,0,0,0,0,0,0,0,0,0,0,0,0,0,0,0,0,0,0,0,0,0,0,0,0,0,0,0,0,0,0,0,0,0,0,0,0,0,0,0,0,0,0,0,0,0,0,0,0,0,0,0,0,0,0,0
fm_sin,sin,(D)D,"G,Lstar,Ole",fm_sin#M003,2348,org.pitest.mutationtest.engine.gregor.mutators.ConditionalsBoundaryMutator,ConditionalsBoundaryMutator,SURVIVED,D1,1,0,0,0,0,0,0,0,0,0,0,0,0,0,0,0,0,0,0,0,0,0,0,0,0,0,0,0,0,0,0,0,0,0,0,0,0,0,0,0,0,0,0,0,0,0,0,0,0,0,0,0,0,0,0,0,0,0,0,0,0,0,0,0,0,0,0,0,0,0,0,0,0,0,0,0,0,0,0,0,0,0,0,0,0,0
fm_sin,sin,(D)D,"G,Lstar,Ole",fm_sin#M004,2357,org.pitest.mutationtest.engine.gregor.mutators.ConditionalsBoundaryMutator,ConditionalsBoundaryMutator,SURVIVED,D1,1,0,0,0,0,0,0,0,0,0,0,0,0,0,0,0,0,0,0,0,0,0,0,0,0,0,0,0,0,0,0,0,0,0,0,0,0,0,0,0,0,0,0,0,0,0,0,0,0,0,0,0,0,0,0,0,0,0,0,0,0,0,0,0,0,0,0,0,0,0,0,0,0,0,0,0,0,0,0,0,0,0,0,0,0,0
fm_sin,sin,(D)D,"G,Lstar,Ole",fm_sin#M005,2331,org.pitest.mutationtest.engine.gregor.mutators.InvertNegsMutator,InvertNegsMutator,KILLED,D1,1,1,1,1,0,0,1,0,0,0,0,0,0,0,0,0,0,0,0,0,0,0,0,0,0,1,0,0,1,0,0,0,0,0,0,0,1,0,0,0,0,0,0,0,0,0,0,0,0,0,0,0,0,0,0,0,0,0,0,0,0,0,0,1,0,0,1,0,0,0,0,0,0,0,0,0,0,0,0,0,1,0,0,0,0,0
fm_sin,sin,(D)D,"G,Lstar,Ole",fm_sin#M006,2374,org.pitest.mutationtest.engine.gregor.mutators.InvertNegsMutator,InvertNegsMutator,KILLED,D1,1,1,0,1,0,0,0,0,0,0,0,0,0,0,0,0,0,0,0,0,0,0,0,0,0,1,0,0,1,0,0,0,0,0,0,0,0,0,0,0,0,0,0,0,0,0,0,0,0,0,0,0,0,0,0,0,0,0,0,0,0,0,0,1,0,0,1,0,0,0,0,0,0,0,0,0,0,0,0,0,1,0,0,0,0,0
fm_sin,sin,(D)D,"G,Lstar,Ole",fm_sin#M007,2376,org.pitest.mutationtest.engine.gregor.mutators.InvertNegsMutator,InvertNegsMutator,KILLED,D1,1,1,0,1,0,0,0,0,0,0,0,0,0,0,0,0,0,0,0,0,0,0,0,0,0,1,0,0,1,0,0,0,0,0,0,0,0,0,0,0,0,0,0,0,0,0,0,0,0,0,0,0,0,0,0,0,0,0,0,0,0,0,0,1,0,0,1,0,0,0,0,0,0,0,0,0,0,0,0,0,1,0,0,0,0,0
fm_sin,sin,(D)D,"G,Lstar,Ole",fm_sin#M008,2354,org.pitest.mutationtest.engine.gregor.mutators.MathMutator,MathMutator,NO_COVERAGE,D1,0,0,0,0,0,0,0,0,0,0,0,0,0,0,0,0,0,0,0,0,0,0,0,0,0,0,0,0,0,0,0,0,0,0,0,0,0,0,0,0,0,0,0,0,0,0,0,0,0,0,0,0,0,0,0,0,0,0,0,0,0,0,0,0,0,0,0,0,0,0,0,0,0,0,0,0,0,0,0,0,0,0,0,0,0,0
fm_sin,sin,(D)D,"G,Lstar,Ole",fm_sin#M009,2359,org.pitest.mutationtest.engine.gregor.mutators.MathMutator,MathMutator,KILLED,D1,1,1,0,1,0,0,0,0,0,0,0,0,0,0,0,0,0,0,0,0,0,0,0,0,0,1,0,0,0,0,0,0,0,0,0,0,0,0,0,0,0,0,0,0,0,0,0,0,0,0,0,0,0,0,0,0,0,0,0,0,0,0,0,0,0,0,1,0,0,0,0,0,0,0,0,0,0,0,0,0,1,0,0,0,0,0
fm_sin,sin,(D)D,"G,Lstar,Ole",fm_sin#M010,2365,org.pitest.mutationtest.engine.gregor.mutators.MathMutator,MathMutator,KILLED,D1,1,1,0,1,0,0,0,0,0,0,0,0,0,0,0,0,0,0,0,0,0,0,0,0,0,1,0,0,1,0,0,0,0,0,0,0,0,0,0,0,0,0,0,0,0,0,0,0,0,0,0,0,0,0,0,0,0,0,0,0,0,0,0,1,0,0,1,0,0,0,0,0,0,0,0,0,0,0,0,0,1,0,0,0,0,0
fm_sin,sin,(D)D,"G,Lstar,Ole",fm_sin#M011,2335,org.pitest.mutationtest.engine.gregor.mutators.RemoveConditionalMutator_EQUAL_ELSE,RemoveConditionalMutator_EQUAL_ELSE,SURVIVED,D1,1,0,0,0,0,0,0,0,0,0,0,0,0,0,0,0,0,0,0,0,0,0,0,0,0,0,0,0,0,0,0,0,0,0,0,0,0,0,0,0,0,0,0,0,0,0,0,0,0,0,0,0,0,0,0,0,0,0,0,0,0,0,0,0,0,0,0,0,0,0,0,0,0,0,0,0,0,0,0,0,0,0,0,0,0,0
fm_sin,sin,(D)D,"G,Lstar,Ole",fm_sin#M012,2343,org.pitest.mutationtest.engine.gregor.mutators.RemoveConditionalMutator_EQUAL_ELSE,RemoveConditionalMutator_EQUAL_ELSE,KILLED,D1,1,1,1,1,0,0,1,0,0,0,0,0,0,0,0,0,0,0,0,0,0,0,0,0,0,1,0,0,0,0,0,0,0,0,0,0,1,0,0,0,0,0,0,0,0,0,0,0,0,0,0,0,0,0,0,0,0,0,0,0,0,0,0,0,0,0,1,0,0,0,0,0,0,0,0,0,0,0,0,0,1,0,0,0,0,0
fm_sin,sin,(D)D,"G,Lstar,Ole",fm_sin#M013,2343,org.pitest.mutationtest.engine.gregor.mutators.RemoveConditionalMutator_EQUAL_ELSE,RemoveConditionalMutator_EQUAL_ELSE,SURVIVED,D1,1,0,0,0,0,0,0,0,0,0,0,0,0,0,0,0,0,0,0,0,0,0,0,0,0,0,0,0,0,0,0,0,0,0,0,0,0,0,0,0,0,0,0,0,0,0,0,0,0,0,0,0,0,0,0,0,0,0,0,0,0,0,0,0,0,0,0,0,0,0,0,0,0,0,0,0,0,0,0,0,0,0,0,0,0,0
fm_sin,sin,(D)D,"G,Lstar,Ole",fm_sin#M014,2364,org.pitest.mutationtest.engine.gregor.mutators.RemoveConditionalMutator_EQUAL_ELSE,RemoveConditionalMutator_EQUAL_ELSE,KILLED,D1,1,1,0,1,0,0,0,0,0,0,0,0,0,0,0,0,0,0,0,0,0,0,0,0,0,1,0,0,1,0,0,0,0,0,0,0,0,0,0,0,0,0,0,0,0,0,0,0,0,0,0,0,0,0,0,0,0,0,0,0,0,0,0,1,0,0,1,0,0,0,0,0,0,0,0,0,0,0,0,0,1,0,0,0,0,0
fm_sin,sin,(D)D,"G,Lstar,Ole",fm_sin#M015,2329,org.pitest.mutationtest.engine.gregor.mutators.RemoveConditionalMutator_ORDER_ELSE,RemoveConditionalMutator_ORDER_ELSE,KILLED,D1,1,1,1,1,0,0,1,0,0,0,0,0,0,0,0,0,0,0,0,0,0,0,0,0,0,1,0,0,1,0,0,0,0,0,0,0,1,0,0,0,0,0,0,0,0,0,0,0,0,0,0,0,0,0,0,0,0,0,0,0,0,0,0,1,0,0,1,0,0,0,0,0,0,0,0,0,0,0,0,0,1,0,0,0,0,0
fm_sin,sin,(D)D,"G,Lstar,Ole",fm_sin#M016,2337,org.pitest.mutationtest.engine.gregor.mutators.RemoveConditionalMutator_ORDER_ELSE,RemoveConditionalMutator_ORDER_ELSE,SURVIVED,D1,1,0,0,0,0,0,0,0,0,0,0,0,0,0,0,0,0,0,0,0,0,0,0,0,0,0,0,0,0,0,0,0,0,0,0,0,0,0,0,0,0,0,0,0,0,0,0,0,0,0,0,0,0,0,0,0,0,0,0,0,0,0,0,0,0,0,0,0,0,0,0,0,0,0,0,0,0,0,0,0,0,0,0,0,0,0
fm_sin,sin,(D)D,"G,Lstar,Ole",fm_sin#M017,2348,org.pitest.mutationtest.engine.gregor.mutators.RemoveConditionalMutator_ORDER_ELSE,RemoveConditionalMutator_ORDER_ELSE,SURVIVED,D1,1,0,0,0,0,0,0,0,0,0,0,0,0,0,0,0,0,0,0,0,0,0,0,0,0,0,0,0,0,0,0,0,0,0,0,0,0,0,0,0,0,0,0,0,0,0,0,0,0,0,0,0,0,0,0,0,0,0,0,0,0,0,0,0,0,0,0,0,0,0,0,0,0,0,0,0,0,0,0,0,0,0,0,0,0,0
fm_sin,sin,(D)D,"G,Lstar,Ole",fm_sin#M018,2357,org.pitest.mutationtest.engine.gregor.mutators.RemoveConditionalMutator_ORDER_ELSE,RemoveConditionalMutator_ORDER_ELSE,KILLED,D1,1,1,1,1,0,0,1,0,0,0,0,0,0,0,0,0,0,0,0,0,0,0,0,0,0,1,0,0,1,0,0,0,0,0,0,0,1,0,0,0,0,0,0,0,0,0,0,0,0,0,0,0,0,0,0,0,0,0,0,0,0,0,0,1,0,0,1,0,0,0,0,0,0,0,0,0,0,0,0,0,1,0,0,0,0,0
fm_sin,sin,(D)D,"G,Lstar,Ole",fm_sin#M019,2353,org.pitest.mutationtest.engine.gregor.mutators.VoidMethodCallMutator,VoidMethodCallMutator,NO_COVERAGE,D2,0,0,0,0,0,0,0,0,0,0,0,0,0,0,0,0,0,0,0,0,0,0,0,0,0,0,0,0,0,0,0,0,0,0,0,0,0,0,0,0,0,0,0,0,0,0,0,0,0,0,0,0,0,0,0,0,0,0,0,0,0,0,0,0,0,0,0,0,0,0,0,0,0,0,0,0,0,0,0,0,0,0,0,0,0,0
fm_sin,sin,(D)D,"G,Lstar,Ole",fm_sin#M020,2338,org.pitest.mutationtest.engine.gregor.mutators.returns.PrimitiveReturnsMutator,PrimitiveReturnsMutator,SURVIVED,D2,1,0,0,0,0,0,0,0,0,0,0,0,0,0,0,0,0,0,0,0,0,0,0,0,0,0,0,0,0,0,0,0,0,0,0,0,0,0,0,0,0,0,0,0,0,0,0,0,0,0,0,0,0,0,0,0,0,0,0,0,0,0,0,0,0,0,0,0,0,0,0,0,0,0,0,0,0,0,0,0,0,0,0,0,0,0
fm_sin,sin,(D)D,"G,Lstar,Ole",fm_sin#M021,2344,org.pitest.mutationtest.engine.gregor.mutators.returns.PrimitiveReturnsMutator,PrimitiveReturnsMutator,NO_COVERAGE,D2,0,0,0,0,0,0,0,0,0,0,0,0,0,0,0,0,0,0,0,0,0,0,0,0,0,0,0,0,0,0,0,0,0,0,0,0,0,0,0,0,0,0,0,0,0,0,0,0,0,0,0,0,0,0,0,0,0,0,0,0,0,0,0,0,0,0,0,0,0,0,0,0,0,0,0,0,0,0,0,0,0,0,0,0,0,0
fm_sin,sin,(D)D,"G,Lstar,Ole",fm_sin#M022,2370,org.pitest.mutationtest.engine.gregor.mutators.returns.PrimitiveReturnsMutator,PrimitiveReturnsMutator,KILLED,D2,1,1,0,1,0,0,0,0,0,0,0,0,0,0,0,0,0,0,0,0,0,0,0,0,0,0,0,0,1,0,0,0,0,0,0,0,0,0,0,0,0,0,0,0,0,0,0,0,0,0,0,0,0,0,0,0,0,0,0,0,0,0,0,1,0,0,0,0,0,0,0,0,0,0,0,0,0,0,0,0,1,0,0,0,0,0
fm_sin,sin,(D)D,"G,Lstar,Ole",fm_sin#M023,2372,org.pitest.mutationtest.engine.gregor.mutators.returns.PrimitiveReturnsMutator,PrimitiveReturnsMutator,KILLED,D2,1,1,0,1,0,0,0,0,0,0,0,0,0,0,0,0,0,0,0,0,0,0,0,0,0,0,0,0,1,0,0,0,0,0,0,0,0,0,0,0,0,0,0,0,0,0,0,0,0,0,0,0,0,0,0,0,0,0,0,0,0,0,0,1,0,0,0,0,0,0,0,0,0,0,0,0,0,0,0,0,1,0,0,0,0,0
fm_sin,sin,(D)D,"G,Lstar,Ole",fm_sin#M024,2374,org.pitest.mutationtest.engine.gregor.mutators.returns.PrimitiveReturnsMutator,PrimitiveReturnsMutator,KILLED,D2,1,1,0,1,0,0,0,0,0,0,0,0,0,0,0,0,0,0,0,0,0,0,0,0,0,1,0,0,1,0,0,0,0,0,0,0,0,0,0,0,0,0,0,0,0,0,0,0,0,0,0,0,0,0,0,0,0,0,0,0,0,0,0,1,0,0,1,0,0,0,0,0,0,0,0,0,0,0,0,0,1,0,0,0,0,0
fm_sin,sin,(D)D,"G,Lstar,Ole",fm_sin#M025,2376,org.pitest.mutationtest.engine.gregor.mutators.returns.PrimitiveReturnsMutator,PrimitiveReturnsMutator,KILLED,D2,1,1,0,1,0,0,0,0,0,0,0,0,0,0,0,0,0,0,0,0,0,0,0,0,0,1,0,0,1,0,0,0,0,0,0,0,0,0,0,0,0,0,0,0,0,0,0,0,0,0,0,0,0,0,0,0,0,0,0,0,0,0,0,1,0,0,1,0,0,0,0,0,0,0,0,0,0,0,0,0,1,0,0,0,0,0
fm_sin,sin,(D)D,"G,Lstar,Ole",fm_sin#M026,2378,org.pitest.mutationtest.engine.gregor.mutators.returns.PrimitiveReturnsMutator,PrimitiveReturnsMutator,NO_COVERAGE,D2,0,0,0,0,0,0,0,0,0,0,0,0,0,0,0,0,0,0,0,0,0,0,0,0,0,0,0,0,0,0,0,0,0,0,0,0,0,0,0,0,0,0,0,0,0,0,0,0,0,0,0,0,0,0,0,0,0,0,0,0,0,0,0,0,0,0,0,0,0,0,0,0,0,0,0,0,0,0,0,0,0,0,0,0,0,0
fm_cos,cos,(D)D,"G,Lstar,Ole",fm_cos#M001,2393,org.pitest.mutationtest.engine.gregor.mutators.ConditionalsBoundaryMutator,ConditionalsBoundaryMutator,SURVIVED,D1,1,0,0,0,0,0,0,0,0,0,0,0,0,0,0,0,0,0,0,0,0,0,0,0,0,0,0,0,0,0,0,0,0,0,0,0,0,0,0,0,0,0,0,0,0,0,0,0,0,0,0,0,0,0,0,0,0,0,0,0,0,0,0,0,0,0,0,0,0,0,0,0,0,0,0,0,0,0,0,0,0,0,0,0,0,0
fm_cos,cos,(D)D,"G,Lstar,Ole",fm_cos#M002,2403,org.pitest.mutationtest.engine.gregor.mutators.ConditionalsBoundaryMutator,ConditionalsBoundaryMutator,SURVIVED,D1,1,0,0,0,0,0,0,0,0,0,0,0,0,0,0,0,0,0,0,0,0,0,0,0,0,0,0,0,0,0,0,0,0,0,0,0,0,0,0,0,0,0,0,0,0,0,0,0,0,0,0,0,0,0,0,0,0,0,0,0,0,0,0,0,0,0,0,0,0,0,0,0,0,0,0,0,0,0,0,0,0,0,0,0,0,0
fm_cos,cos,(D)D,"G,Lstar,Ole",fm_cos#M003,2412,org.pitest.mutationtest.engine.gregor.mutators.ConditionalsBoundaryMutator,ConditionalsBoundaryMutator,SURVIVED,D1,1,0,0,0,0,0,0,0,0,0,0,0,0,0,0,0,0,0,0,0,0,0,0,0,0,0,0,0,0,0,0,0,0,0,0,0,0,0,0,0,0,0,0,0,0,0,0,0,0,0,0,0,0,0,0,0,0,0,0,0,0,0,0,0,0,0,0,0,0,0,0,0,0,0,0,0,0,0,0,0,0,0,0,0,0,0
fm_cos,cos,(D)D,"G,Lstar,Ole",fm_cos#M004,2394,org.pitest.mutationtest.engine.gregor.mutators.InvertNegsMutator,InvertNegsMutator,KILLED,D1,1,1,1,1,0,0,1,0,0,0,0,0,0,0,0,0,0,0,0,0,0,0,0,0,0,1,0,0,0,1,0,0,0,0,0,0,1,0,0,0,0,0,0,0,1,0,0,0,0,0,0,0,0,0,0,0,0,0,0,0,0,0,0,0,0,0,1,0,0,0,0,0,0,0,0,0,0,0,0,0,1,0,0,0,0,0
fm_cos,cos,(D)D,"G,Lstar,Ole",fm_cos#M005,2426,org.pitest.mutationtest.engine.gregor.mutators.InvertNegsMutator,InvertNegsMutator,KILLED,D1,1,1,0,1,0,0,0,0,0,0,0,0,0,0,0,0,0,0,0,0,0,0,0,0,0,1,0,0,0,0,0,0,0,0,0,0,0,0,0,0,0,0,0,0,0,0,0,0,0,0,0,0,0,0,0,0,0,0,0,0,0,0,0,0,0,0,1,0,0,0,0,0,0,0,0,0,0,0,0,0,1,0,0,0,0,0
fm_cos,cos,(D)D,"G,Lstar,Ole",fm_cos#M006,2428,org.pitest.mutationtest.engine.gregor.mutators.InvertNegsMutator,InvertNegsMutator,KILLED,D1,1,1,0,1,0,0,0,0,0,0,0,0,0,0,0,0,0,0,0,0,0,0,0,0,0,1,0,0,0,0,0,0,0,0,0,0,0,0,0,0,0,0,0,0,0,0,0,0,0,0,0,0,0,0,0,0,0,0,0,0,0,0,0,0,0,0,1,0,0,0,0,0,0,0,0,0,0,0,0,0,1,0,0,0,0,0
fm_cos,cos,(D)D,"G,Lstar,Ole",fm_cos#M007,2409,org.pitest.mutationtest.engine.gregor.mutators.MathMutator,MathMutator,NO_COVERAGE,D1,0,0,0,0,0,0,0,0,0,0,0,0,0,0,0,0,0,0,0,0,0,0,0,0,0,0,0,0,0,0,0,0,0,0,0,0,0,0,0,0,0,0,0,0,0,0,0,0,0,0,0,0,0,0,0,0,0,0,0,0,0,0,0,0,0,0,0,0,0,0,0,0,0,0,0,0,0,0,0,0,0,0,0,0,0,0
fm_cos,cos,(D)D,"G,Lstar,Ole",fm_cos#M008,2414,org.pitest.mutationtest.engine.gregor.mutators.MathMutator,MathMutator,KILLED,D1,1,1,0,1,0,0,0,0,0,0,0,0,0,0,0,0,0,0,0,0,0,0,0,0,0,1,0,0,0,0,0,0,0,0,0,0,0,0,0,0,0,0,0,0,0,0,0,0,0,0,0,0,0,0,0,0,0,0,0,0,0,0,0,0,0,0,1,0,0,0,0,0,0,0,0,0,0,0,0,0,1,0,0,0,0,0
fm_cos,cos,(D)D,"G,Lstar,Ole",fm_cos#M009,2397,org.pitest.mutationtest.engine.gregor.mutators.RemoveConditionalMutator_EQUAL_ELSE,RemoveConditionalMutator_EQUAL_ELSE,KILLED,D1,1,1,1,0,0,0,1,0,0,0,0,0,0,0,0,0,0,0,0,0,0,0,0,0,0,0,0,0,0,0,0,0,0,0,0,0,1,0,0,0,0,0,0,0,0,0,0,0,0,0,0,0,0,0,0,0,0,0,0,0,0,0,0,0,0,0,0,0,0,0,0,0,0,0,0,0,0,0,0,0,0,0,0,0,0,0
fm_cos,cos,(D)D,"G,Lstar,Ole",fm_cos#M010,2397,org.pitest.mutationtest.engine.gregor.mutators.RemoveConditionalMutator_EQUAL_ELSE,RemoveConditionalMutator_EQUAL_ELSE,SURVIVED,D1,1,0,0,0,0,0,0,0,0,0,0,0,0,0,0,0,0,0,0,0,0,0,0,0,0,0,0,0,0,0,0,0,0,0,0,0,0,0,0,0,0,0,0,0,0,0,0,0,0,0,0,0,0,0,0,0,0,0,0,0,0,0,0,0,0,0,0,0,0,0,0,0,0,0,0,0,0,0,0,0,0,0,0,0,0,0
fm_cos,cos,(D)D,"G,Lstar,Ole",fm_cos#M011,2393,org.pitest.mutationtest.engine.gregor.mutators.RemoveConditionalMutator_ORDER_ELSE,RemoveConditionalMutator_ORDER_ELSE,KILLED,D1,1,1,1,1,0,0,1,0,0,0,0,0,0,0,0,0,0,0,0,0,0,0,0,0,0,1,0,0,0,1,0,0,0,0,0,0,1,0,0,0,0,0,0,0,1,0,0,0,0,0,0,0,0,0,0,0,0,0,0,0,0,0,0,0,0,0,1,0,0,0,0,0,0,0,0,0,0,0,0,0,1,0,0,0,0,0
fm_cos,cos,(D)D,"G,Lstar,Ole",fm_cos#M012,2403,org.pitest.mutationtest.engine.gregor.mutators.RemoveConditionalMutator_ORDER_ELSE,RemoveConditionalMutator_ORDER_ELSE,SURVIVED,D1,1,0,0,0,0,0,0,0,0,0,0,0,0,0,0,0,0,0,0,0,0,0,0,0,0,0,0,0,0,0,0,0,0,0,0,0,0,0,0,0,0,0,0,0,0,0,0,0,0,0,0,0,0,0,0,0,0,0,0,0,0,0,0,0,0,0,0,0,0,0,0,0,0,0,0,0,0,0,0,0,0,0,0,0,0,0
fm_cos,cos,(D)D,"G,Lstar,Ole",fm_cos#M013,2412,org.pitest.mutationtest.engine.gregor.mutators.RemoveConditionalMutator_ORDER_ELSE,RemoveConditionalMutator_ORDER_ELSE,KILLED,D1,1,1,1,1,0,0,1,0,0,0,0,0,0,0,0,0,0,0,0,0,0,0,0,0,0,1,0,0,0,1,0,0,0,0,0,0,1,0,0,0,0,0,0,0,1,0,0,0,0,0,0,0,0,0,0,0,0,0,0,0,0,0,0,0,0,0,1,0,0,0,0,0,0,0,0,0,0,0,0,0,1,0,0,0,0,0
fm_cos,cos,(D)D,"G,Lstar,Ole",fm_cos#M014,2408,org.pitest.mutationtest.engine.gregor.mutators.VoidMethodCallMutator,VoidMethodCallMutator,NO_COVERAGE,D2,0,0,0,0,0,0,0,0,0,0,0,0,0,0,0,0,0,0,0,0,0,0,0,0,0,0,0,0,0,0,0,0,0,0,0,0,0,0,0,0,0,0,0,0,0,0,0,0,0,0,0,0,0,0,0,0,0,0,0,0,0,0,0,0,0,0,0,0,0,0,0,0,0,0,0,0,0,0,0,0,0,0,0,0,0,0
fm_cos,cos,(D)D,"G,Lstar,Ole",fm_cos#M015,2398,org.pitest.mutationtest.engine.gregor.mutators.returns.PrimitiveReturnsMutator,PrimitiveReturnsMutator,NO_COVERAGE,D2,0,0,0,0,0,0,0,0,0,0,0,0,0,0,0,0,0,0,0,0,0,0,0,0,0,0,0,0,0,0,0,0,0,0,0,0,0,0,0,0,0,0,0,0,0,0,0,0,0,0,0,0,0,0,0,0,0,0,0,0,0,0,0,0,0,0,0,0,0,0,0,0,0,0,0,0,0,0,0,0,0,0,0,0,0,0
fm_cos,cos,(D)D,"G,Lstar,Ole",fm_cos#M016,2424,org.pitest.mutationtest.engine.gregor.mutators.returns.PrimitiveReturnsMutator,PrimitiveReturnsMutator,KILLED,D2,1,1,0,1,0,0,0,0,0,0,0,0,0,0,0,0,0,0,0,0,0,0,0,0,0,1,0,0,0,0,0,0,0,0,0,0,0,0,0,0,0,0,0,0,0,0,0,0,0,0,0,0,0,0,0,0,0,0,0,0,0,0,0,0,0,0,1,0,0,0,0,0,0,0,0,0,0,0,0,0,1,0,0,0,0,0
fm_cos,cos,(D)D,"G,Lstar,Ole",fm_cos#M017,2426,org.pitest.mutationtest.engine.gregor.mutators.returns.PrimitiveReturnsMutator,PrimitiveReturnsMutator,KILLED,D2,1,1,0,1,0,0,0,0,0,0,0,0,0,0,0,0,0,0,0,0,0,0,0,0,0,1,0,0,0,0,0,0,0,0,0,0,0,0,0,0,0,0,0,0,0,0,0,0,0,0,0,0,0,0,0,0,0,0,0,0,0,0,0,0,0,0,1,0,0,0,0,0,0,0,0,0,0,0,0,0,1,0,0,0,0,0
fm_cos,cos,(D)D,"G,Lstar,Ole",fm_cos#M018,2428,org.pitest.mutationtest.engine.gregor.mutators.returns.PrimitiveReturnsMutator,PrimitiveReturnsMutator,KILLED,D2,1,1,0,1,0,0,0,0,0,0,0,0,0,0,0,0,0,0,0,0,0,0,0,0,0,1,0,0,0,0,0,0,0,0,0,0,0,0,0,0,0,0,0,0,0,0,0,0,0,0,0,0,0,0,0,0,0,0,0,0,0,0,0,0,0,0,1,0,0,0,0,0,0,0,0,0,0,0,0,0,1,0,0,0,0,0
fm_cos,cos,(D)D,"G,Lstar,Ole",fm_cos#M019,2430,org.pitest.mutationtest.engine.gregor.mutators.returns.PrimitiveReturnsMutator,PrimitiveReturnsMutator,KILLED,D2,1,1,0,1,0,0,0,0,0,0,0,0,0,0,0,0,0,0,0,0,0,0,0,0,0,1,0,0,0,0,0,0,0,0,0,0,0,0,0,0,0,0,0,0,0,0,0,0,0,0,0,0,0,0,0,0,0,0,0,0,0,0,0,0,0,0,1,0,0,0,0,0,0,0,0,0,0,0,0,0,1,0,0,0,0,0
fm_cos,cos,(D)D,"G,Lstar,Ole",fm_cos#M020,2432,org.pitest.mutationtest.engine.gregor.mutators.returns.PrimitiveReturnsMutator,PrimitiveReturnsMutator,NO_COVERAGE,D2,0,0,0,0,0,0,0,0,0,0,0,0,0,0,0,0,0,0,0,0,0,0,0,0,0,0,0,0,0,0,0,0,0,0,0,0,0,0,0,0,0,0,0,0,0,0,0,0,0,0,0,0,0,0,0,0,0,0,0,0,0,0,0,0,0,0,0,0,0,0,0,0,0,0,0,0,0,0,0,0,0,0,0,0,0,0
fm_tan,tan,(D)D,"G,Lstar,Ole",fm_tan#M001,2448,org.pitest.mutationtest.engine.gregor.mutators.ConditionalsBoundaryMutator,ConditionalsBoundaryMutator,SURVIVED,D1,1,0,0,0,0,0,0,0,0,0,0,0,0,0,0,0,0,0,0,0,0,0,0,0,0,0,0,0,0,0,0,0,0,0,0,0,0,0,0,0,0,0,0,0,0,0,0,0,0,0,0,0,0,0,0,0,0,0,0,0,0,0,0,0,0,0,0,0,0,0,0,0,0,0,0,0,0,0,0,0,0,0,0,0,0,0
fm_tan,tan,(D)D,"G,Lstar,Ole",fm_tan#M002,2456,org.pitest.mutationtest.engine.gregor.mutators.ConditionalsBoundaryMutator,ConditionalsBoundaryMutator,SURVIVED,D1,1,0,0,0,0,0,0,0,0,0,0,0,0,0,0,0,0,0,0,0,0,0,0,0,0,0,0,0,0,0,0,0,0,0,0,0,0,0,0,0,0,0,0,0,0,0,0,0,0,0,0,0,0,0,0,0,0,0,0,0,0,0,0,0,0,0,0,0,0,0,0,0,0,0,0,0,0,0,0,0,0,0,0,0,0,0
fm_tan,tan,(D)D,"G,Lstar,Ole",fm_tan#M003,2468,org.pitest.mutationtest.engine.gregor.mutators.ConditionalsBoundaryMutator,ConditionalsBoundaryMutator,SURVIVED,D1,1,0,0,0,0,0,0,0,0,0,0,0,0,0,0,0,0,0,0,0,0,0,0,0,0,0,0,0,0,0,0,0,0,0,0,0,0,0,0,0,0,0,0,0,0,0,0,0,0,0,0,0,0,0,0,0,0,0,0,0,0,0,0,0,0,0,0,0,0,0,0,0,0,0,0,0,0,0,0,0,0,0,0,0,0,0
fm_tan,tan,(D)D,"G,Lstar,Ole",fm_tan#M004,2477,org.pitest.mutationtest.engine.gregor.mutators.ConditionalsBoundaryMutator,ConditionalsBoundaryMutator,SURVIVED,D1,1,0,0,0,0,0,0,0,0,0,0,0,0,0,0,0,0,0,0,0,0,0,0,0,0,0,0,0,0,0,0,0,0,0,0,0,0,0,0,0,0,0,0,0,0,0,0,0,0,0,0,0,0,0,0,0,0,0,0,0,0,0,0,0,0,0,0,0,0,0,0,0,0,0,0,0,0,0,0,0,0,0,0,0,0,0
fm_tan,tan,(D)D,"G,Lstar,Ole",fm_tan#M005,2484,org.pitest.mutationtest.engine.gregor.mutators.ConditionalsBoundaryMutator,ConditionalsBoundaryMutator,SURVIVED,D1,1,0,0,0,0,0,0,0,0,0,0,0,0,0,0,0,0,0,0,0,0,0,0,0,0,0,0,0,0,0,0,0,0,0,0,0,0,0,0,0,0,0,0,0,0,0,0,0,0,0,0,0,0,0,0,0,0,0,0,0,0,0,0,0,0,0,0,0,0,0,0,0,0,0,0,0,0,0,0,0,0,0,0,0,0,0
fm_tan,tan,(D)D,"G,Lstar,Ole",fm_tan#M006,2450,org.pitest.mutationtest.engine.gregor.mutators.InvertNegsMutator,InvertNegsMutator,KILLED,D1,1,1,1,1,0,0,0,0,0,0,0,0,0,0,0,0,0,1,0,0,0,0,0,0,0,0,0,0,1,0,0,0,0,0,0,0,0,0,0,0,0,0,0,0,0,0,0,0,0,0,0,0,0,0,0,0,0,0,0,0,0,0,0,1,0,0,1,0,0,0,0,0,0,1,0,0,0,0,0,0,0,0,0,0,0,0
fm_tan,tan,(D)D,"G,Lstar,Ole",fm_tan#M007,2490,org.pitest.mutationtest.engine.gregor.mutators.InvertNegsMutator,InvertNegsMutator,SURVIVED,D1,1,0,0,0,0,0,0,0,0,0,0,0,0,0,0,0,0,0,0,0,0,0,0,0,0,0,0,0,0,0,0,0,0,0,0,0,0,0,0,0,0,0,0,0,0,0,0,0,0,0,0,0,0,0,0,0,0,0,0,0,0,0,0,0,0,0,0,0,0,0,0,0,0,0,0,0,0,0,0,0,0,0,0,0,0,0
fm_tan,tan,(D)D,"G,Lstar,Ole",fm_tan#M008,2494,org.pitest.mutationtest.engine.gregor.mutators.InvertNegsMutator,InvertNegsMutator,SURVIVED,D1,1,0,0,0,0,0,0,0,0,0,0,0,0,0,0,0,0,0,0,0,0,0,0,0,0,0,0,0,0,0,0,0,0,0,0,0,0,0,0,0,0,0,0,0,0,0,0,0,0,0,0,0,0,0,0,0,0,0,0,0,0,0,0,0,0,0,0,0,0,0,0,0,0,0,0,0,0,0,0,0,0,0,0,0,0,0
fm_tan,tan,(D)D,"G,Lstar,Ole",fm_tan#M009,2503,org.pitest.mutationtest.engine.gregor.mutators.InvertNegsMutator,InvertNegsMutator,KILLED,D1,1,1,0,0,0,0,0,0,0,0,0,0,0,0,0,0,0,0,0,0,0,0,0,0,0,0,0,0,0,0,0,0,0,0,0,0,0,0,0,0,0,0,0,0,0,0,0,0,0,0,0,0,0,0,0,0,0,0,0,0,0,0,0,0,0,0,1,0,0,0,0,0,0,1,0,0,0,0,0,0,0,0,0,0,0,0
fm_tan,tan,(D)D,"G,Lstar,Ole",fm_tan#M010,2507,org.pitest.mutationtest.engine.gregor.mutators.InvertNegsMutator,InvertNegsMutator,KILLED,D1,1,1,1,1,0,0,0,0,0,0,0,0,0,0,0,0,0,1,0,0,0,0,0,0,0,0,0,0,1,0,0,0,0,0,0,0,0,0,0,0,0,0,0,0,0,0,0,0,0,0,0,0,0,0,0,0,0,0,0,0,0,0,0,1,0,0,1,0,0,0,0,0,0,1,0,0,0,0,0,0,0,0,0,0,0,0
fm_tan,tan,(D)D,"G,Lstar,Ole",fm_tan#M011,2474,org.pitest.mutationtest.engine.gregor.mutators.MathMutator,MathMutator,NO_COVERAGE,D1,0,0,0,0,0,0,0,0,0,0,0,0,0,0,0,0,0,0,0,0,0,0,0,0,0,0,0,0,0,0,0,0,0,0,0,0,0,0,0,0,0,0,0,0,0,0,0,0,0,0,0,0,0,0,0,0,0,0,0,0,0,0,0,0,0,0,0,0,0,0,0,0,0,0,0,0,0,0,0,0,0,0,0,0,0,0
fm_tan,tan,(D)D,"G,Lstar,Ole",fm_tan#M012,2479,org.pitest.mutationtest.engine.gregor.mutators.MathMutator,MathMutator,KILLED,D1,1,1,0,0,0,0,0,0,0,0,0,0,0,0,0,0,0,0,0,0,0,0,0,0,0,0,0,0,0,0,0,0,0,0,0,0,0,0,0,0,0,0,0,0,0,0,0,0,0,0,0,0,0,0,0,0,0,0,0,0,0,0,0,0,0,0,1,0,0,0,0,0,0,0,0,0,0,0,0,0,0,0,0,0,0,0
fm_tan,tan,(D)D,"G,Lstar,Ole",fm_tan#M013,2489,org.pitest.mutationtest.engine.gregor.mutators.MathMutator,MathMutator,SURVIVED,D1,1,0,0,0,0,0,0,0,0,0,0,0,0,0,0,0,0,0,0,0,0,0,0,0,0,0,0,0,0,0,0,0,0,0,0,0,0,0,0,0,0,0,0,0,0,0,0,0,0,0,0,0,0,0,0,0,0,0,0,0,0,0,0,0,0,0,0,0,0,0,0,0,0,0,0,0,0,0,0,0,0,0,0,0,0,0
fm_tan,tan,(D)D,"G,Lstar,Ole",fm_tan#M014,2490,org.pitest.mutationtest.engine.gregor.mutators.MathMutator,MathMutator,KILLED,D1,1,1,0,0,0,0,0,0,0,0,0,0,0,0,0,0,0,0,0,0,0,0,0,0,0,0,0,0,0,0,0,0,0,0,0,0,0,0,0,0,0,0,0,0,0,0,0,0,0,0,0,0,0,0,0,0,0,0,0,0,0,0,0,0,0,0,1,0,0,0,0,0,0,0,0,0,0,0,0,0,0,0,0,0,0,0
fm_tan,tan,(D)D,"G,Lstar,Ole",fm_tan#M015,2490,org.pitest.mutationtest.engine.gregor.mutators.MathMutator,MathMutator,KILLED,D1,1,1,0,0,0,0,0,0,0,0,0,0,0,0,0,0,0,0,0,0,0,0,0,0,0,0,0,0,0,0,0,0,0,0,0,0,0,0,0,0,0,0,0,0,0,0,0,0,0,0,0,0,0,0,0,0,0,0,0,0,0,0,0,0,0,0,1,0,0,0,0,0,0,0,0,0,0,0,0,0,0,0,0,0,0,0
fm_tan,tan,(D)D,"G,Lstar,Ole",fm_tan#M016,2491,org.pitest.mutationtest.engine.gregor.mutators.MathMutator,MathMutator,SURVIVED,D1,1,0,0,0,0,0,0,0,0,0,0,0,0,0,0,0,0,0,0,0,0,0,0,0,0,0,0,0,0,0,0,0,0,0,0,0,0,0,0,0,0,0,0,0,0,0,0,0,0,0,0,0,0,0,0,0,0,0,0,0,0,0,0,0,0,0,0,0,0,0,0,0,0,0,0,0,0,0,0,0,0,0,0,0,0,0
fm_tan,tan,(D)D,"G,Lstar,Ole",fm_tan#M017,2491,org.pitest.mutationtest.engine.gregor.mutators.MathMutator,MathMutator,SURVIVED,D1,1,0,0,0,0,0,0,0,0,0,0,0,0,0,0,0,0,0,0,0,0,0,0,0,0,0,0,0,0,0,0,0,0,0,0,0,0,0,0,0,0,0,0,0,0,0,0,0,0,0,0,0,0,0,0,0,0,0,0,0,0,0,0,0,0,0,0,0,0,0,0,0,0,0,0,0,0,0,0,0,0,0,0,0,0,0
fm_tan,tan,(D)D,"G,Lstar,Ole",fm_tan#M018,2493,org.pitest.mutationtest.engine.gregor.mutators.MathMutator,MathMutator,SURVIVED,D1,1,0,0,0,0,0,0,0,0,0,0,0,0,0,0,0,0,0,0,0,0,0,0,0,0,0,0,0,0,0,0,0,0,0,0,0,0,0,0,0,0,0,0,0,0,0,0,0,0,0,0,0,0,0,0,0,0,0,0,0,0,0,0,0,0,0,0,0,0,0,0,0,0,0,0,0,0,0,0,0,0,0,0,0,0,0
fm_tan,tan,(D)D,"G,Lstar,Ole",fm_tan#M019,2494,org.pitest.mutationtest.engine.gregor.mutators.MathMutator,MathMutator,SURVIVED,D1,1,0,0,0,0,0,0,0,0,0,0,0,0,0,0,0,0,0,0,0,0,0,0,0,0,0,0,0,0,0,0,0,0,0,0,0,0,0,0,0,0,0,0,0,0,0,0,0,0,0,0,0,0,0,0,0,0,0,0,0,0,0,0,0,0,0,0,0,0,0,0,0,0,0,0,0,0,0,0,0,0,0,0,0,0,0
fm_tan,tan,(D)D,"G,Lstar,Ole",fm_tan#M020,2494,org.pitest.mutationtest.engine.gregor.mutators.MathMutator,MathMutator,SURVIVED,D1,1,0,0,0,0,0,0,0,0,0,0,0,0,0,0,0,0,0,0,0,0,0,0,0,0,0,0,0,0,0,0,0,0,0,0,0,0,0,0,0,0,0,0,0,0,0,0,0,0,0,0,0,0,0,0,0,0,0,0,0,0,0,0,0,0,0,0,0,0,0,0,0,0,0,0,0,0,0,0,0,0,0,0,0,0,0
fm_tan,tan,(D)D,"G,Lstar,Ole",fm_tan#M021,2495,org.pitest.mutationtest.engine.gregor.mutators.MathMutator,MathMutator,KILLED,D1,1,1,0,0,0,0,0,0,0,0,0,0,0,0,0,0,0,0,0,0,0,0,0,0,0,0,0,0,0,0,0,0,0,0,0,0,0,0,0,0,0,0,0,0,0,0,0,0,0,0,0,0,0,0,0,0,0,0,0,0,0,0,0,0,0,0,1,0,0,0,0,0,0,0,0,0,0,0,0,0,0,0,0,0,0,0
fm_tan,tan,(D)D,"G,Lstar,Ole",fm_tan#M022,2496,org.pitest.mutationtest.engine.gregor.mutators.MathMutator,MathMutator,SURVIVED,D1,1,0,0,0,0,0,0,0,0,0,0,0,0,0,0,0,0,0,0,0,0,0,0,0,0,0,0,0,0,0,0,0,0,0,0,0,0,0,0,0,0,0,0,0,0,0,0,0,0,0,0,0,0,0,0,0,0,0,0,0,0,0,0,0,0,0,0,0,0,0,0,0,0,0,0,0,0,0,0,0,0,0,0,0,0,0
fm_tan,tan,(D)D,"G,Lstar,Ole",fm_tan#M023,2500,org.pitest.mutationtest.engine.gregor.mutators.MathMutator,MathMutator,KILLED,D1,1,1,0,0,0,0,0,0,0,0,0,0,0,0,0,0,0,0,0,0,0,0,0,0,0,0,0,0,0,0,0,0,0,0,0,0,0,0,0,0,0,0,0,0,0,0,0,0,0,0,0,0,0,0,0,0,0,0,0,0,0,0,0,0,0,0,1,0,0,0,0,0,0,1,0,0,0,0,0,0,0,0,0,0,0,0
fm_tan,tan,(D)D,"G,Lstar,Ole",fm_tan#M024,2454,org.pitest.mutationtest.engine.gregor.mutators.RemoveConditionalMutator_EQUAL_ELSE,RemoveConditionalMutator_EQUAL_ELSE,SURVIVED,D1,1,0,0,0,0,0,0,0,0,0,0,0,0,0,0,0,0,0,0,0,0,0,0,0,0,0,0,0,0,0,0,0,0,0,0,0,0,0,0,0,0,0,0,0,0,0,0,0,0,0,0,0,0,0,0,0,0,0,0,0,0,0,0,0,0,0,0,0,0,0,0,0,0,0,0,0,0,0,0,0,0,0,0,0,0,0
fm_tan,tan,(D)D,"G,Lstar,Ole",fm_tan#M025,2462,org.pitest.mutationtest.engine.gregor.mutators.RemoveConditionalMutator_EQUAL_ELSE,RemoveConditionalMutator_EQUAL_ELSE,KILLED,D1,1,1,0,0,0,0,0,0,0,0,0,0,0,0,0,0,0,0,0,0,0,0,0,0,0,0,0,0,0,0,0,0,0,0,0,0,0,0,0,0,0,0,0,0,0,0,0,0,0,0,0,0,0,0,0,0,0,0,0,0,0,0,0,0,0,0,1,0,0,0,0,0,0,1,0,0,0,0,0,0,0,0,0,0,0,0
fm_tan,tan,(D)D,"G,Lstar,Ole",fm_tan#M026,2462,org.pitest.mutationtest.engine.gregor.mutators.RemoveConditionalMutator_EQUAL_ELSE,RemoveConditionalMutator_EQUAL_ELSE,SURVIVED,D1,1,0,0,0,0,0,0,0,0,0,0,0,0,0,0,0,0,0,0,0,0,0,0,0,0,0,0,0,0,0,0,0,0,0,0,0,0,0,0,0,0,0,0,0,0,0,0,0,0,0,0,0,0,0,0,0,0,0,0,0,0,0,0,0,0,0,0,0,0,0,0,0,0,0,0,0,0,0,0,0,0,0,0,0,0,0
fm_tan,tan,(D)D,"G,Lstar,Ole",fm_tan#M027,2500,org.pitest.mutationtest.engine.gregor.mutators.RemoveConditionalMutator_EQUAL_ELSE,RemoveConditionalMutator_EQUAL_ELSE,KILLED,D1,1,1,0,0,0,0,0,0,0,0,0,0,0,0,0,0,0,0,0,0,0,0,0,0,0,0,0,0,0,0,0,0,0,0,0,0,0,0,0,0,0,0,0,0,0,0,0,0,0,0,0,0,0,0,0,0,0,0,0,0,0,0,0,0,0,0,1,0,0,0,0,0,0,1,0,0,0,0,0,0,0,0,0,0,0,0
fm_tan,tan,(D)D,"G,Lstar,Ole",fm_tan#M028,2506,org.pitest.mutationtest.engine.gregor.mutators.RemoveConditionalMutator_EQUAL_ELSE,RemoveConditionalMutator_EQUAL_ELSE,KILLED,D1,1,1,1,1,0,0,0,0,0,0,0,0,0,0,0,0,0,1,0,0,0,0,0,0,0,0,0,0,1,0,0,0,0,0,0,0,0,0,0,0,0,0,0,0,0,0,0,0,0,0,0,0,0,0,0,0,0,0,0,0,0,0,0,1,0,0,1,0,0,0,0,0,0,1,0,0,0,0,0,0,0,0,0,0,0,0
fm_tan,tan,(D)D,"G,Lstar,Ole",fm_tan#M029,2448,org.pitest.mutationtest.engine.gregor.mutators.RemoveConditionalMutator_ORDER_ELSE,RemoveConditionalMutator_ORDER_ELSE,KILLED,D1,1,1,1,1,0,0,0,0,0,0,0,0,0,0,0,0,0,1,0,0,0,0,0,0,0,0,0,0,1,0,0,0,0,0,0,0,0,0,0,0,0,0,0,0,0,0,0,0,0,0,0,0,0,0,0,0,0,0,0,0,0,0,0,1,0,0,1,0,0,0,0,0,0,1,0,0,0,0,0,0,0,0,0,0,0,0
fm_tan,tan,(D)D,"G,Lstar,Ole",fm_tan#M030,2456,org.pitest.mutationtest.engine.gregor.mutators.RemoveConditionalMutator_ORDER_ELSE,RemoveConditionalMutator_ORDER_ELSE,SURVIVED,D1,1,0,0,0,0,0,0,0,0,0,0,0,0,0,0,0,0,0,0,0,0,0,0,0,0,0,0,0,0,0,0,0,0,0,0,0,0,0,0,0,0,0,0,0,0,0,0,0,0,0,0,0,0,0,0,0,0,0,0,0,0,0,0,0,0,0,0,0,0,0,0,0,0,0,0,0,0,0,0,0,0,0,0,0,0,0
fm_tan,tan,(D)D,"G,Lstar,Ole",fm_tan#M031,2468,org.pitest.mutationtest.engine.gregor.mutators.RemoveConditionalMutator_ORDER_ELSE,RemoveConditionalMutator_ORDER_ELSE,SURVIVED,D1,1,0,0,0,0,0,0,0,0,0,0,0,0,0,0,0,0,0,0,0,0,0,0,0,0,0,0,0,0,0,0,0,0,0,0,0,0,0,0,0,0,0,0,0,0,0,0,0,0,0,0,0,0,0,0,0,0,0,0,0,0,0,0,0,0,0,0,0,0,0,0,0,0,0,0,0,0,0,0,0,0,0,0,0,0,0
fm_tan,tan,(D)D,"G,Lstar,Ole",fm_tan#M032,2477,org.pitest.mutationtest.engine.gregor.mutators.RemoveConditionalMutator_ORDER_ELSE,RemoveConditionalMutator_ORDER_ELSE,KILLED,D1,1,1,1,1,0,0,0,0,0,0,0,0,0,0,0,0,0,1,0,0,0,0,0,0,0,0,0,0,1,0,0,0,0,0,0,0,0,0,0,0,0,0,0,0,0,0,0,0,0,0,0,0,0,0,0,0,0,0,0,0,0,0,0,1,0,0,1,0,0,0,0,0,0,1,0,0,0,0,0,0,0,0,0,0,0,0
fm_tan,tan,(D)D,"G,Lstar,Ole",fm_tan#M033,2484,org.pitest.mutationtest.engine.gregor.mutators.RemoveConditionalMutator_ORDER_ELSE,RemoveConditionalMutator_ORDER_ELSE,SURVIVED,D1,1,0,0,0,0,0,0,0,0,0,0,0,0,0,0,0,0,0,0,0,0,0,0,0,0,0,0,0,0,0,0,0,0,0,0,0,0,0,0,0,0,0,0,0,0,0,0,0,0,0,0,0,0,0,0,0,0,0,0,0,0,0,0,0,0,0,0,0,0,0,0,0,0,0,0,0,0,0,0,0,0,0,0,0,0,0
fm_tan,tan,(D)D,"G,Lstar,Ole",fm_tan#M034,2473,org.pitest.mutationtest.engine.gregor.mutators.VoidMethodCallMutator,VoidMethodCallMutator,NO_COVERAGE,D2,0,0,0,0,0,0,0,0,0,0,0,0,0,0,0,0,0,0,0,0,0,0,0,0,0,0,0,0,0,0,0,0,0,0,0,0,0,0,0,0,0,0,0,0,0,0,0,0,0,0,0,0,0,0,0,0,0,0,0,0,0,0,0,0,0,0,0,0,0,0,0,0,0,0,0,0,0,0,0,0,0,0,0,0,0,0
fm_tan,tan,(D)D,"G,Lstar,Ole",fm_tan#M035,2457,org.pitest.mutationtest.engine.gregor.mutators.returns.PrimitiveReturnsMutator,PrimitiveReturnsMutator,SURVIVED,D2,1,0,0,0,0,0,0,0,0,0,0,0,0,0,0,0,0,0,0,0,0,0,0,0,0,0,0,0,0,0,0,0,0,0,0,0,0,0,0,0,0,0,0,0,0,0,0,0,0,0,0,0,0,0,0,0,0,0,0,0,0,0,0,0,0,0,0,0,0,0,0,0,0,0,0,0,0,0,0,0,0,0,0,0,0,0
fm_tan,tan,(D)D,"G,Lstar,Ole",fm_tan#M036,2463,org.pitest.mutationtest.engine.gregor.mutators.returns.PrimitiveReturnsMutator,PrimitiveReturnsMutator,NO_COVERAGE,D2,0,0,0,0,0,0,0,0,0,0,0,0,0,0,0,0,0,0,0,0,0,0,0,0,0,0,0,0,0,0,0,0,0,0,0,0,0,0,0,0,0,0,0,0,0,0,0,0,0,0,0,0,0,0,0,0,0,0,0,0,0,0,0,0,0,0,0,0,0,0,0,0,0,0,0,0,0,0,0,0,0,0,0,0,0,0
fm_tan,tan,(D)D,"G,Lstar,Ole",fm_tan#M037,2510,org.pitest.mutationtest.engine.gregor.mutators.returns.PrimitiveReturnsMutator,PrimitiveReturnsMutator,KILLED,D2,1,1,0,0,0,0,0,0,0,0,0,0,0,0,0,0,0,0,0,0,0,0,0,0,0,0,0,0,0,0,0,0,0,0,0,0,0,0,0,0,0,0,0,0,0,0,0,0,0,0,0,0,0,0,0,0,0,0,0,0,0,0,0,0,0,0,0,0,0,0,0,0,0,1,0,0,0,0,0,0,0,0,0,0,0,0
fm_sinh,sinh,(D)D,"G,Lstar,Ole",fm_sinh#M001,481,org.pitest.mutationtest.engine.gregor.mutators.ConditionalsBoundaryMutator,ConditionalsBoundaryMutator,SURVIVED,D1,1,0,0,0,0,0,0,0,0,0,0,0,0,0,0,0,0,0,0,0,0,0,0,0,0,0,0,0,0,0,0,0,0,0,0,0,0,0,0,0,0,0,0,0,0,0,0,0,0,0,0,0,0,0,0,0,0,0,0,0,0,0,0,0,0,0,0,0,0,0,0,0,0,0,0,0,0,0,0,0,0,0,0,0,0,0
fm_sinh,sinh,(D)D,"G,Lstar,Ole",fm_sinh#M002,482,org.pitest.mutationtest.engine.gregor.mutators.ConditionalsBoundaryMutator,ConditionalsBoundaryMutator,NO_COVERAGE,D1,0,0,0,0,0,0,0,0,0,0,0,0,0,0,0,0,0,0,0,0,0,0,0,0,0,0,0,0,0,0,0,0,0,0,0,0,0,0,0,0,0,0,0,0,0,0,0,0,0,0,0,0,0,0,0,0,0,0,0,0,0,0,0,0,0,0,0,0,0,0,0,0,0,0,0,0,0,0,0,0,0,0,0,0,0,0
fm_sinh,sinh,(D)D,"G,Lstar,Ole",fm_sinh#M003,489,org.pitest.mutationtest.engine.gregor.mutators.ConditionalsBoundaryMutator,ConditionalsBoundaryMutator,SURVIVED,D1,1,0,0,0,0,0,0,0,0,0,0,0,0,0,0,0,0,0,0,0,0,0,0,0,0,0,0,0,0,0,0,0,0,0,0,0,0,0,0,0,0,0,0,0,0,0,0,0,0,0,0,0,0,0,0,0,0,0,0,0,0,0,0,0,0,0,0,0,0,0,0,0,0,0,0,0,0,0,0,0,0,0,0,0,0,0
fm_sinh,sinh,(D)D,"G,Lstar,Ole",fm_sinh#M004,490,org.pitest.mutationtest.engine.gregor.mutators.ConditionalsBoundaryMutator,ConditionalsBoundaryMutator,NO_COVERAGE,D1,0,0,0,0,0,0,0,0,0,0,0,0,0,0,0,0,0,0,0,0,0,0,0,0,0,0,0,0,0,0,0,0,0,0,0,0,0,0,0,0,0,0,0,0,0,0,0,0,0,0,0,0,0,0,0,0,0,0,0,0,0,0,0,0,0,0,0,0,0,0,0,0,0,0,0,0,0,0,0,0,0,0,0,0,0,0
fm_sinh,sinh,(D)D,"G,Lstar,Ole",fm_sinh#M005,503,org.pitest.mutationtest.engine.gregor.mutators.ConditionalsBoundaryMutator,ConditionalsBoundaryMutator,SURVIVED,D1,1,0,0,0,0,0,0,0,0,0,0,0,0,0,0,0,0,0,0,0,0,0,0,0,0,0,0,0,0,0,0,0,0,0,0,0,0,0,0,0,0,0,0,0,0,0,0,0,0,0,0,0,0,0,0,0,0,0,0,0,0,0,0,0,0,0,0,0,0,0,0,0,0,0,0,0,0,0,0,0,0,0,0,0,0,0
fm_sinh,sinh,(D)D,"G,Lstar,Ole",fm_sinh#M006,510,org.pitest.mutationtest.engine.gregor.mutators.ConditionalsBoundaryMutator,ConditionalsBoundaryMutator,SURVIVED,D1,1,0,0,0,0,0,0,0,0,0,0,0,0,0,0,0,0,0,0,0,0,0,0,0,0,0,0,0,0,0,0,0,0,0,0,0,0,0,0,0,0,0,0,0,0,0,0,0,0,0,0,0,0,0,0,0,0,0,0,0,0,0,0,0,0,0,0,0,0,0,0,0,0,0,0,0,0,0,0,0,0,0,0,0,0,0
fm_sinh,sinh,(D)D,"G,Lstar,Ole",fm_sinh#M007,490,org.pitest.mutationtest.engine.gregor.mutators.InvertNegsMutator,InvertNegsMutator,NO_COVERAGE,D1,0,0,0,0,0,0,0,0,0,0,0,0,0,0,0,0,0,0,0,0,0,0,0,0,0,0,0,0,0,0,0,0,0,0,0,0,0,0,0,0,0,0,0,0,0,0,0,0,0,0,0,0,0,0,0,0,0,0,0,0,0,0,0,0,0,0,0,0,0,0,0,0,0,0,0,0,0,0,0,0,0,0,0,0,0,0
fm_sinh,sinh,(D)D,"G,Lstar,Ole",fm_sinh#M008,495,org.pitest.mutationtest.engine.gregor.mutators.InvertNegsMutator,InvertNegsMutator,NO_COVERAGE,D1,0,0,0,0,0,0,0,0,0,0,0,0,0,0,0,0,0,0,0,0,0,0,0,0,0,0,0,0,0,0,0,0,0,0,0,0,0,0,0,0,0,0,0,0,0,0,0,0,0,0,0,0,0,0,0,0,0,0,0,0,0,0,0,0,0,0,0,0,0,0,0,0,0,0,0,0,0,0,0,0,0,0,0,0,0,0
fm_sinh,sinh,(D)D,"G,Lstar,Ole",fm_sinh#M009,504,org.pitest.mutationtest.engine.gregor.mutators.InvertNegsMutator,InvertNegsMutator,KILLED,D1,1,1,1,1,0,0,0,0,0,0,0,0,0,0,0,0,0,1,0,0,0,0,0,0,0,0,0,0,1,0,0,0,0,0,0,0,0,0,0,0,0,0,0,0,0,0,0,0,0,0,0,0,0,0,0,0,0,0,0,1,0,0,0,1,0,0,0,0,0,0,0,0,0,0,0,0,0,0,0,0,0,0,0,0,0,0
fm_sinh,sinh,(D)D,"G,Lstar,Ole",fm_sinh#M010,515,org.pitest.mutationtest.engine.gregor.mutators.InvertNegsMutator,InvertNegsMutator,SURVIVED,D1,1,0,0,0,0,0,0,0,0,0,0,0,0,0,0,0,0,0,0,0,0,0,0,0,0,0,0,0,0,0,0,0,0,0,0,0,0,0,0,0,0,0,0,0,0,0,0,0,0,0,0,0,0,0,0,0,0,0,0,0,0,0,0,0,0,0,0,0,0,0,0,0,0,0,0,0,0,0,0,0,0,0,0,0,0,0
fm_sinh,sinh,(D)D,"G,Lstar,Ole",fm_sinh#M011,530,org.pitest.mutationtest.engine.gregor.mutators.InvertNegsMutator,InvertNegsMutator,SURVIVED,D1,1,0,0,0,0,0,0,0,0,0,0,0,0,0,0,0,0,0,0,0,0,0,0,0,0,0,0,0,0,0,0,0,0,0,0,0,0,0,0,0,0,0,0,0,0,0,0,0,0,0,0,0,0,0,0,0,0,0,0,0,0,0,0,0,0,0,0,0,0,0,0,0,0,0,0,0,0,0,0,0,0,0,0,0,0,0
fm_sinh,sinh,(D)D,"G,Lstar,Ole",fm_sinh#M012,532,org.pitest.mutationtest.engine.gregor.mutators.InvertNegsMutator,InvertNegsMutator,SURVIVED,D1,1,0,0,0,0,0,0,0,0,0,0,0,0,0,0,0,0,0,0,0,0,0,0,0,0,0,0,0,0,0,0,0,0,0,0,0,0,0,0,0,0,0,0,0,0,0,0,0,0,0,0,0,0,0,0,0,0,0,0,0,0,0,0,0,0,0,0,0,0,0,0,0,0,0,0,0,0,0,0,0,0,0,0,0,0,0
fm_sinh,sinh,(D)D,"G,Lstar,Ole",fm_sinh#M013,533,org.pitest.mutationtest.engine.gregor.mutators.InvertNegsMutator,InvertNegsMutator,SURVIVED,D1,1,0,0,0,0,0,0,0,0,0,0,0,0,0,0,0,0,0,0,0,0,0,0,0,0,0,0,0,0,0,0,0,0,0,0,0,0,0,0,0,0,0,0,0,0,0,0,0,0,0,0,0,0,0,0,0,0,0,0,0,0,0,0,0,0,0,0,0,0,0,0,0,0,0,0,0,0,0,0,0,0,0,0,0,0,0
fm_sinh,sinh,(D)D,"G,Lstar,Ole",fm_sinh#M014,537,org.pitest.mutationtest.engine.gregor.mutators.InvertNegsMutator,InvertNegsMutator,SURVIVED,D1,1,0,0,0,0,0,0,0,0,0,0,0,0,0,0,0,0,0,0,0,0,0,0,0,0,0,0,0,0,0,0,0,0,0,0,0,0,0,0,0,0,0,0,0,0,0,0,0,0,0,0,0,0,0,0,0,0,0,0,0,0,0,0,0,0,0,0,0,0,0,0,0,0,0,0,0,0,0,0,0,0,0,0,0,0,0
fm_sinh,sinh,(D)D,"G,Lstar,Ole",fm_sinh#M015,540,org.pitest.mutationtest.engine.gregor.mutators.InvertNegsMutator,InvertNegsMutator,SURVIVED,D1,1,0,0,0,0,0,0,0,0,0,0,0,0,0,0,0,0,0,0,0,0,0,0,0,0,0,0,0,0,0,0,0,0,0,0,0,0,0,0,0,0,0,0,0,0,0,0,0,0,0,0,0,0,0,0,0,0,0,0,0,0,0,0,0,0,0,0,0,0,0,0,0,0,0,0,0,0,0,0,0,0,0,0,0,0,0
fm_sinh,sinh,(D)D,"G,Lstar,Ole",fm_sinh#M016,551,org.pitest.mutationtest.engine.gregor.mutators.InvertNegsMutator,InvertNegsMutator,SURVIVED,D1,1,0,0,0,0,0,0,0,0,0,0,0,0,0,0,0,0,0,0,0,0,0,0,0,0,0,0,0,0,0,0,0,0,0,0,0,0,0,0,0,0,0,0,0,0,0,0,0,0,0,0,0,0,0,0,0,0,0,0,0,0,0,0,0,0,0,0,0,0,0,0,0,0,0,0,0,0,0,0,0,0,0,0,0,0,0
fm_sinh,sinh,(D)D,"G,Lstar,Ole",fm_sinh#M017,556,org.pitest.mutationtest.engine.gregor.mutators.InvertNegsMutator,InvertNegsMutator,SURVIVED,D1,1,0,0,0,0,0,0,0,0,0,0,0,0,0,0,0,0,0,0,0,0,0,0,0,0,0,0,0,0,0,0,0,0,0,0,0,0,0,0,0,0,0,0,0,0,0,0,0,0,0,0,0,0,0,0,0,0,0,0,0,0,0,0,0,0,0,0,0,0,0,0,0,0,0,0,0,0,0,0,0,0,0,0,0,0,0
fm_sinh,sinh,(D)D,"G,Lstar,Ole",fm_sinh#M018,570,org.pitest.mutationtest.engine.gregor.mutators.InvertNegsMutator,InvertNegsMutator,SURVIVED,D1,1,0,0,0,0,0,0,0,0,0,0,0,0,0,0,0,0,0,0,0,0,0,0,0,0,0,0,0,0,0,0,0,0,0,0,0,0,0,0,0,0,0,0,0,0,0,0,0,0,0,0,0,0,0,0,0,0,0,0,0,0,0,0,0,0,0,0,0,0,0,0,0,0,0,0,0,0,0,0,0,0,0,0,0,0,0
fm_sinh,sinh,(D)D,"G,Lstar,Ole",fm_sinh#M019,574,org.pitest.mutationtest.engine.gregor.mutators.InvertNegsMutator,InvertNegsMutator,SURVIVED,D1,1,0,0,0,0,0,0,0,0,0,0,0,0,0,0,0,0,0,0,0,0,0,0,0,0,0,0,0,0,0,0,0,0,0,0,0,0,0,0,0,0,0,0,0,0,0,0,0,0,0,0,0,0,0,0,0,0,0,0,0,0,0,0,0,0,0,0,0,0,0,0,0,0,0,0,0,0,0,0,0,0,0,0,0,0,0
fm_sinh,sinh,(D)D,"G,Lstar,Ole",fm_sinh#M020,577,org.pitest.mutationtest.engine.gregor.mutators.InvertNegsMutator,InvertNegsMutator,SURVIVED,D1,1,0,0,0,0,0,0,0,0,0,0,0,0,0,0,0,0,0,0,0,0,0,0,0,0,0,0,0,0,0,0,0,0,0,0,0,0,0,0,0,0,0,0,0,0,0,0,0,0,0,0,0,0,0,0,0,0,0,0,0,0,0,0,0,0,0,0,0,0,0,0,0,0,0,0,0,0,0,0,0,0,0,0,0,0,0
fm_sinh,sinh,(D)D,"G,Lstar,Ole",fm_sinh#M021,585,org.pitest.mutationtest.engine.gregor.mutators.InvertNegsMutator,InvertNegsMutator,KILLED,D1,1,1,1,1,0,0,0,0,0,0,0,0,0,0,0,0,0,1,0,0,0,0,0,0,0,0,0,0,1,0,0,0,0,0,0,0,0,0,0,0,0,0,0,0,0,0,0,0,0,0,0,0,0,0,0,0,0,0,0,1,0,0,0,1,0,0,0,0,0,0,0,0,0,0,0,0,0,0,0,0,0,0,0,0,0,0
fm_sinh,sinh,(D)D,"G,Lstar,Ole",fm_sinh#M022,484,org.pitest.mutationtest.engine.gregor.mutators.MathMutator,MathMutator,NO_COVERAGE,D1,0,0,0,0,0,0,0,0,0,0,0,0,0,0,0,0,0,0,0,0,0,0,0,0,0,0,0,0,0,0,0,0,0,0,0,0,0,0,0,0,0,0,0,0,0,0,0,0,0,0,0,0,0,0,0,0,0,0,0,0,0,0,0,0,0,0,0,0,0,0,0,0,0,0,0,0,0,0,0,0,0,0,0,0,0,0
fm_sinh,sinh,(D)D,"G,Lstar,Ole",fm_sinh#M023,485,org.pitest.mutationtest.engine.gregor.mutators.MathMutator,MathMutator,NO_COVERAGE,D1,0,0,0,0,0,0,0,0,0,0,0,0,0,0,0,0,0,0,0,0,0,0,0,0,0,0,0,0,0,0,0,0,0,0,0,0,0,0,0,0,0,0,0,0,0,0,0,0,0,0,0,0,0,0,0,0,0,0,0,0,0,0,0,0,0,0,0,0,0,0,0,0,0,0,0,0,0,0,0,0,0,0,0,0,0,0
fm_sinh,sinh,(D)D,"G,Lstar,Ole",fm_sinh#M024,485,org.pitest.mutationtest.engine.gregor.mutators.MathMutator,MathMutator,NO_COVERAGE,D1,0,0,0,0,0,0,0,0,0,0,0,0,0,0,0,0,0,0,0,0,0,0,0,0,0,0,0,0,0,0,0,0,0,0,0,0,0,0,0,0,0,0,0,0,0,0,0,0,0,0,0,0,0,0,0,0,0,0,0,0,0,0,0,0,0,0,0,0,0,0,0,0,0,0,0,0,0,0,0,0,0,0,0,0,0,0
fm_sinh,sinh,(D)D,"G,Lstar,Ole",fm_sinh#M025,487,org.pitest.mutationtest.engine.gregor.mutators.MathMutator,MathMutator,NO_COVERAGE,D1,0,0,0,0,0,0,0,0,0,0,0,0,0,0,0,0,0,0,0,0,0,0,0,0,0,0,0,0,0,0,0,0,0,0,0,0,0,0,0,0,0,0,0,0,0,0,0,0,0,0,0,0,0,0,0,0,0,0,0,0,0,0,0,0,0,0,0,0,0,0,0,0,0,0,0,0,0,0,0,0,0,0,0,0,0,0
fm_sinh,sinh,(D)D,"G,Lstar,Ole",fm_sinh#M026,492,org.pitest.mutationtest.engine.gregor.mutators.MathMutator,MathMutator,NO_COVERAGE,D1,0,0,0,0,0,0,0,0,0,0,0,0,0,0,0,0,0,0,0,0,0,0,0,0,0,0,0,0,0,0,0,0,0,0,0,0,0,0,0,0,0,0,0,0,0,0,0,0,0,0,0,0,0,0,0,0,0,0,0,0,0,0,0,0,0,0,0,0,0,0,0,0,0,0,0,0,0,0,0,0,0,0,0,0,0,0
fm_sinh,sinh,(D)D,"G,Lstar,Ole",fm_sinh#M027,493,org.pitest.mutationtest.engine.gregor.mutators.MathMutator,MathMutator,NO_COVERAGE,D1,0,0,0,0,0,0,0,0,0,0,0,0,0,0,0,0,0,0,0,0,0,0,0,0,0,0,0,0,0,0,0,0,0,0,0,0,0,0,0,0,0,0,0,0,0,0,0,0,0,0,0,0,0,0,0,0,0,0,0,0,0,0,0,0,0,0,0,0,0,0,0,0,0,0,0,0,0,0,0,0,0,0,0,0,0,0
fm_sinh,sinh,(D)D,"G,Lstar,Ole",fm_sinh#M028,493,org.pitest.mutationtest.engine.gregor.mutators.MathMutator,MathMutator,NO_COVERAGE,D1,0,0,0,0,0,0,0,0,0,0,0,0,0,0,0,0,0,0,0,0,0,0,0,0,0,0,0,0,0,0,0,0,0,0,0,0,0,0,0,0,0,0,0,0,0,0,0,0,0,0,0,0,0,0,0,0,0,0,0,0,0,0,0,0,0,0,0,0,0,0,0,0,0,0,0,0,0,0,0,0,0,0,0,0,0,0
fm_sinh,sinh,(D)D,"G,Lstar,Ole",fm_sinh#M029,495,org.pitest.mutationtest.engine.gregor.mutators.MathMutator,MathMutator,NO_COVERAGE,D1,0,0,0,0,0,0,0,0,0,0,0,0,0,0,0,0,0,0,0,0,0,0,0,0,0,0,0,0,0,0,0,0,0,0,0,0,0,0,0,0,0,0,0,0,0,0,0,0,0,0,0,0,0,0,0,0,0,0,0,0,0,0,0,0,0,0,0,0,0,0,0,0,0,0,0,0,0,0,0,0,0,0,0,0,0,0
fm_sinh,sinh,(D)D,"G,Lstar,Ole",fm_sinh#M030,514,org.pitest.mutationtest.engine.gregor.mutators.MathMutator,MathMutator,SURVIVED,D1,1,0,0,0,0,0,0,0,0,0,0,0,0,0,0,0,0,0,0,0,0,0,0,0,0,0,0,0,0,0,0,0,0,0,0,0,0,0,0,0,0,0,0,0,0,0,0,0,0,0,0,0,0,0,0,0,0,0,0,0,0,0,0,0,0,0,0,0,0,0,0,0,0,0,0,0,0,0,0,0,0,0,0,0,0,0
fm_sinh,sinh,(D)D,"G,Lstar,Ole",fm_sinh#M031,515,org.pitest.mutationtest.engine.gregor.mutators.MathMutator,MathMutator,KILLED,D1,1,1,0,0,0,0,0,0,0,0,0,0,0,0,0,0,0,0,0,0,0,0,0,0,0,0,0,0,0,0,0,0,0,0,0,0,0,0,0,0,0,0,0,0,0,0,0,0,0,0,0,0,0,0,0,0,0,0,0,1,0,0,0,0,0,0,0,0,0,0,0,0,0,0,0,0,0,0,0,0,0,0,0,0,0,0
fm_sinh,sinh,(D)D,"G,Lstar,Ole",fm_sinh#M032,515,org.pitest.mutationtest.engine.gregor.mutators.MathMutator,MathMutator,SURVIVED,D1,1,0,0,0,0,0,0,0,0,0,0,0,0,0,0,0,0,0,0,0,0,0,0,0,0,0,0,0,0,0,0,0,0,0,0,0,0,0,0,0,0,0,0,0,0,0,0,0,0,0,0,0,0,0,0,0,0,0,0,0,0,0,0,0,0,0,0,0,0,0,0,0,0,0,0,0,0,0,0,0,0,0,0,0,0,0
fm_sinh,sinh,(D)D,"G,Lstar,Ole",fm_sinh#M033,517,org.pitest.mutationtest.engine.gregor.mutators.MathMutator,MathMutator,SURVIVED,D1,1,0,0,0,0,0,0,0,0,0,0,0,0,0,0,0,0,0,0,0,0,0,0,0,0,0,0,0,0,0,0,0,0,0,0,0,0,0,0,0,0,0,0,0,0,0,0,0,0,0,0,0,0,0,0,0,0,0,0,0,0,0,0,0,0,0,0,0,0,0,0,0,0,0,0,0,0,0,0,0,0,0,0,0,0,0
fm_sinh,sinh,(D)D,"G,Lstar,Ole",fm_sinh#M034,518,org.pitest.mutationtest.engine.gregor.mutators.MathMutator,MathMutator,SURVIVED,D1,1,0,0,0,0,0,0,0,0,0,0,0,0,0,0,0,0,0,0,0,0,0,0,0,0,0,0,0,0,0,0,0,0,0,0,0,0,0,0,0,0,0,0,0,0,0,0,0,0,0,0,0,0,0,0,0,0,0,0,0,0,0,0,0,0,0,0,0,0,0,0,0,0,0,0,0,0,0,0,0,0,0,0,0,0,0
fm_sinh,sinh,(D)D,"G,Lstar,Ole",fm_sinh#M035,518,org.pitest.mutationtest.engine.gregor.mutators.MathMutator,MathMutator,SURVIVED,D1,1,0,0,0,0,0,0,0,0,0,0,0,0,0,0,0,0,0,0,0,0,0,0,0,0,0,0,0,0,0,0,0,0,0,0,0,0,0,0,0,0,0,0,0,0,0,0,0,0,0,0,0,0,0,0,0,0,0,0,0,0,0,0,0,0,0,0,0,0,0,0,0,0,0,0,0,0,0,0,0,0,0,0,0,0,0
fm_sinh,sinh,(D)D,"G,Lstar,Ole",fm_sinh#M036,519,org.pitest.mutationtest.engine.gregor.mutators.MathMutator,MathMutator,SURVIVED,D1,1,0,0,0,0,0,0,0,0,0,0,0,0,0,0,0,0,0,0,0,0,0,0,0,0,0,0,0,0,0,0,0,0,0,0,0,0,0,0,0,0,0,0,0,0,0,0,0,0,0,0,0,0,0,0,0,0,0,0,0,0,0,0,0,0,0,0,0,0,0,0,0,0,0,0,0,0,0,0,0,0,0,0,0,0,0
fm_sinh,sinh,(D)D,"G,Lstar,Ole",fm_sinh#M037,522,org.pitest.mutationtest.engine.gregor.mutators.MathMutator,MathMutator,SURVIVED,D1,1,0,0,0,0,0,0,0,0,0,0,0,0,0,0,0,0,0,0,0,0,0,0,0,0,0,0,0,0,0,0,0,0,0,0,0,0,0,0,0,0,0,0,0,0,0,0,0,0,0,0,0,0,0,0,0,0,0,0,0,0,0,0,0,0,0,0,0,0,0,0,0,0,0,0,0,0,0,0,0,0,0,0,0,0,0
fm_sinh,sinh,(D)D,"G,Lstar,Ole",fm_sinh#M038,523,org.pitest.mutationtest.engine.gregor.mutators.MathMutator,MathMutator,SURVIVED,D1,1,0,0,0,0,0,0,0,0,0,0,0,0,0,0,0,0,0,0,0,0,0,0,0,0,0,0,0,0,0,0,0,0,0,0,0,0,0,0,0,0,0,0,0,0,0,0,0,0,0,0,0,0,0,0,0,0,0,0,0,0,0,0,0,0,0,0,0,0,0,0,0,0,0,0,0,0,0,0,0,0,0,0,0,0,0
fm_sinh,sinh,(D)D,"G,Lstar,Ole",fm_sinh#M039,524,org.pitest.mutationtest.engine.gregor.mutators.MathMutator,MathMutator,SURVIVED,D1,1,0,0,0,0,0,0,0,0,0,0,0,0,0,0,0,0,0,0,0,0,0,0,0,0,0,0,0,0,0,0,0,0,0,0,0,0,0,0,0,0,0,0,0,0,0,0,0,0,0,0,0,0,0,0,0,0,0,0,0,0,0,0,0,0,0,0,0,0,0,0,0,0,0,0,0,0,0,0,0,0,0,0,0,0,0
fm_sinh,sinh,(D)D,"G,Lstar,Ole",fm_sinh#M040,524,org.pitest.mutationtest.engine.gregor.mutators.MathMutator,MathMutator,SURVIVED,D1,1,0,0,0,0,0,0,0,0,0,0,0,0,0,0,0,0,0,0,0,0,0,0,0,0,0,0,0,0,0,0,0,0,0,0,0,0,0,0,0,0,0,0,0,0,0,0,0,0,0,0,0,0,0,0,0,0,0,0,0,0,0,0,0,0,0,0,0,0,0,0,0,0,0,0,0,0,0,0,0,0,0,0,0,0,0
fm_sinh,sinh,(D)D,"G,Lstar,Ole",fm_sinh#M041,525,org.pitest.mutationtest.engine.gregor.mutators.MathMutator,MathMutator,SURVIVED,D1,1,0,0,0,0,0,0,0,0,0,0,0,0,0,0,0,0,0,0,0,0,0,0,0,0,0,0,0,0,0,0,0,0,0,0,0,0,0,0,0,0,0,0,0,0,0,0,0,0,0,0,0,0,0,0,0,0,0,0,0,0,0,0,0,0,0,0,0,0,0,0,0,0,0,0,0,0,0,0,0,0,0,0,0,0,0
fm_sinh,sinh,(D)D,"G,Lstar,Ole",fm_sinh#M042,528,org.pitest.mutationtest.engine.gregor.mutators.MathMutator,MathMutator,SURVIVED,D1,1,0,0,0,0,0,0,0,0,0,0,0,0,0,0,0,0,0,0,0,0,0,0,0,0,0,0,0,0,0,0,0,0,0,0,0,0,0,0,0,0,0,0,0,0,0,0,0,0,0,0,0,0,0,0,0,0,0,0,0,0,0,0,0,0,0,0,0,0,0,0,0,0,0,0,0,0,0,0,0,0,0,0,0,0,0
fm_sinh,sinh,(D)D,"G,Lstar,Ole",fm_sinh#M043,528,org.pitest.mutationtest.engine.gregor.mutators.MathMutator,MathMutator,KILLED,D1,1,1,0,0,0,0,0,0,0,0,0,0,0,0,0,0,0,0,0,0,0,0,0,0,0,0,0,0,0,0,0,0,0,0,0,0,0,0,0,0,0,0,0,0,0,0,0,0,0,0,0,0,0,0,0,0,0,0,0,1,0,0,0,0,0,0,0,0,0,0,0,0,0,0,0,0,0,0,0,0,0,0,0,0,0,0
fm_sinh,sinh,(D)D,"G,Lstar,Ole",fm_sinh#M044,528,org.pitest.mutationtest.engine.gregor.mutators.MathMutator,MathMutator,KILLED,D1,1,1,0,0,0,0,0,0,0,0,0,0,0,0,0,0,0,0,0,0,0,0,0,0,0,0,0,0,0,0,0,0,0,0,0,0,0,0,0,0,0,0,0,0,0,0,0,0,0,0,0,0,0,0,0,0,0,0,0,1,0,0,0,0,0,0,0,0,0,0,0,0,0,0,0,0,0,0,0,0,0,0,0,0,0,0
fm_sinh,sinh,(D)D,"G,Lstar,Ole",fm_sinh#M045,528,org.pitest.mutationtest.engine.gregor.mutators.MathMutator,MathMutator,SURVIVED,D1,1,0,0,0,0,0,0,0,0,0,0,0,0,0,0,0,0,0,0,0,0,0,0,0,0,0,0,0,0,0,0,0,0,0,0,0,0,0,0,0,0,0,0,0,0,0,0,0,0,0,0,0,0,0,0,0,0,0,0,0,0,0,0,0,0,0,0,0,0,0,0,0,0,0,0,0,0,0,0,0,0,0,0,0,0,0
fm_sinh,sinh,(D)D,"G,Lstar,Ole",fm_sinh#M046,528,org.pitest.mutationtest.engine.gregor.mutators.MathMutator,MathMutator,SURVIVED,D1,1,0,0,0,0,0,0,0,0,0,0,0,0,0,0,0,0,0,0,0,0,0,0,0,0,0,0,0,0,0,0,0,0,0,0,0,0,0,0,0,0,0,0,0,0,0,0,0,0,0,0,0,0,0,0,0,0,0,0,0,0,0,0,0,0,0,0,0,0,0,0,0,0,0,0,0,0,0,0,0,0,0,0,0,0,0
fm_sinh,sinh,(D)D,"G,Lstar,Ole",fm_sinh#M047,528,org.pitest.mutationtest.engine.gregor.mutators.MathMutator,MathMutator,SURVIVED,D1,1,0,0,0,0,0,0,0,0,0,0,0,0,0,0,0,0,0,0,0,0,0,0,0,0,0,0,0,0,0,0,0,0,0,0,0,0,0,0,0,0,0,0,0,0,0,0,0,0,0,0,0,0,0,0,0,0,0,0,0,0,0,0,0,0,0,0,0,0,0,0,0,0,0,0,0,0,0,0,0,0,0,0,0,0,0
fm_sinh,sinh,(D)D,"G,Lstar,Ole",fm_sinh#M048,528,org.pitest.mutationtest.engine.gregor.mutators.MathMutator,MathMutator,KILLED,D1,1,1,0,0,0,0,0,0,0,0,0,0,0,0,0,0,0,0,0,0,0,0,0,0,0,0,0,0,0,0,0,0,0,0,0,0,0,0,0,0,0,0,0,0,0,0,0,0,0,0,0,0,0,0,0,0,0,0,0,1,0,0,0,0,0,0,0,0,0,0,0,0,0,0,0,0,0,0,0,0,0,0,0,0,0,0
fm_sinh,sinh,(D)D,"G,Lstar,Ole",fm_sinh#M049,528,org.pitest.mutationtest.engine.gregor.mutators.MathMutator,MathMutator,SURVIVED,D1,1,0,0,0,0,0,0,0,0,0,0,0,0,0,0,0,0,0,0,0,0,0,0,0,0,0,0,0,0,0,0,0,0,0,0,0,0,0,0,0,0,0,0,0,0,0,0,0,0,0,0,0,0,0,0,0,0,0,0,0,0,0,0,0,0,0,0,0,0,0,0,0,0,0,0,0,0,0,0,0,0,0,0,0,0,0
fm_sinh,sinh,(D)D,"G,Lstar,Ole",fm_sinh#M050,528,org.pitest.mutationtest.engine.gregor.mutators.MathMutator,MathMutator,SURVIVED,D1,1,0,0,0,0,0,0,0,0,0,0,0,0,0,0,0,0,0,0,0,0,0,0,0,0,0,0,0,0,0,0,0,0,0,0,0,0,0,0,0,0,0,0,0,0,0,0,0,0,0,0,0,0,0,0,0,0,0,0,0,0,0,0,0,0,0,0,0,0,0,0,0,0,0,0,0,0,0,0,0,0,0,0,0,0,0
fm_sinh,sinh,(D)D,"G,Lstar,Ole",fm_sinh#M051,528,org.pitest.mutationtest.engine.gregor.mutators.MathMutator,MathMutator,SURVIVED,D1,1,0,0,0,0,0,0,0,0,0,0,0,0,0,0,0,0,0,0,0,0,0,0,0,0,0,0,0,0,0,0,0,0,0,0,0,0,0,0,0,0,0,0,0,0,0,0,0,0,0,0,0,0,0,0,0,0,0,0,0,0,0,0,0,0,0,0,0,0,0,0,0,0,0,0,0,0,0,0,0,0,0,0,0,0,0
fm_sinh,sinh,(D)D,"G,Lstar,Ole",fm_sinh#M052,530,org.pitest.mutationtest.engine.gregor.mutators.MathMutator,MathMutator,SURVIVED,D1,1,0,0,0,0,0,0,0,0,0,0,0,0,0,0,0,0,0,0,0,0,0,0,0,0,0,0,0,0,0,0,0,0,0,0,0,0,0,0,0,0,0,0,0,0,0,0,0,0,0,0,0,0,0,0,0,0,0,0,0,0,0,0,0,0,0,0,0,0,0,0,0,0,0,0,0,0,0,0,0,0,0,0,0,0,0
fm_sinh,sinh,(D)D,"G,Lstar,Ole",fm_sinh#M053,530,org.pitest.mutationtest.engine.gregor.mutators.MathMutator,MathMutator,SURVIVED,D1,1,0,0,0,0,0,0,0,0,0,0,0,0,0,0,0,0,0,0,0,0,0,0,0,0,0,0,0,0,0,0,0,0,0,0,0,0,0,0,0,0,0,0,0,0,0,0,0,0,0,0,0,0,0,0,0,0,0,0,0,0,0,0,0,0,0,0,0,0,0,0,0,0,0,0,0,0,0,0,0,0,0,0,0,0,0
fm_sinh,sinh,(D)D,"G,Lstar,Ole",fm_sinh#M054,530,org.pitest.mutationtest.engine.gregor.mutators.MathMutator,MathMutator,SURVIVED,D1,1,0,0,0,0,0,0,0,0,0,0,0,0,0,0,0,0,0,0,0,0,0,0,0,0,0,0,0,0,0,0,0,0,0,0,0,0,0,0,0,0,0,0,0,0,0,0,0,0,0,0,0,0,0,0,0,0,0,0,0,0,0,0,0,0,0,0,0,0,0,0,0,0,0,0,0,0,0,0,0,0,0,0,0,0,0
fm_sinh,sinh,(D)D,"G,Lstar,Ole",fm_sinh#M055,536,org.pitest.mutationtest.engine.gregor.mutators.MathMutator,MathMutator,SURVIVED,D1,1,0,0,0,0,0,0,0,0,0,0,0,0,0,0,0,0,0,0,0,0,0,0,0,0,0,0,0,0,0,0,0,0,0,0,0,0,0,0,0,0,0,0,0,0,0,0,0,0,0,0,0,0,0,0,0,0,0,0,0,0,0,0,0,0,0,0,0,0,0,0,0,0,0,0,0,0,0,0,0,0,0,0,0,0,0
fm_sinh,sinh,(D)D,"G,Lstar,Ole",fm_sinh#M056,537,org.pitest.mutationtest.engine.gregor.mutators.MathMutator,MathMutator,KILLED,D1,1,1,0,0,0,0,0,0,0,0,0,0,0,0,0,0,0,0,0,0,0,0,0,0,0,0,0,0,0,0,0,0,0,0,0,0,0,0,0,0,0,0,0,0,0,0,0,0,0,0,0,0,0,0,0,0,0,0,0,1,0,0,0,0,0,0,0,0,0,0,0,0,0,0,0,0,0,0,0,0,0,0,0,0,0,0
fm_sinh,sinh,(D)D,"G,Lstar,Ole",fm_sinh#M057,537,org.pitest.mutationtest.engine.gregor.mutators.MathMutator,MathMutator,SURVIVED,D1,1,0,0,0,0,0,0,0,0,0,0,0,0,0,0,0,0,0,0,0,0,0,0,0,0,0,0,0,0,0,0,0,0,0,0,0,0,0,0,0,0,0,0,0,0,0,0,0,0,0,0,0,0,0,0,0,0,0,0,0,0,0,0,0,0,0,0,0,0,0,0,0,0,0,0,0,0,0,0,0,0,0,0,0,0,0
fm_sinh,sinh,(D)D,"G,Lstar,Ole",fm_sinh#M058,537,org.pitest.mutationtest.engine.gregor.mutators.MathMutator,MathMutator,SURVIVED,D1,1,0,0,0,0,0,0,0,0,0,0,0,0,0,0,0,0,0,0,0,0,0,0,0,0,0,0,0,0,0,0,0,0,0,0,0,0,0,0,0,0,0,0,0,0,0,0,0,0,0,0,0,0,0,0,0,0,0,0,0,0,0,0,0,0,0,0,0,0,0,0,0,0,0,0,0,0,0,0,0,0,0,0,0,0,0
fm_sinh,sinh,(D)D,"G,Lstar,Ole",fm_sinh#M059,539,org.pitest.mutationtest.engine.gregor.mutators.MathMutator,MathMutator,SURVIVED,D1,1,0,0,0,0,0,0,0,0,0,0,0,0,0,0,0,0,0,0,0,0,0,0,0,0,0,0,0,0,0,0,0,0,0,0,0,0,0,0,0,0,0,0,0,0,0,0,0,0,0,0,0,0,0,0,0,0,0,0,0,0,0,0,0,0,0,0,0,0,0,0,0,0,0,0,0,0,0,0,0,0,0,0,0,0,0
fm_sinh,sinh,(D)D,"G,Lstar,Ole",fm_sinh#M060,540,org.pitest.mutationtest.engine.gregor.mutators.MathMutator,MathMutator,KILLED,D1,1,1,0,0,0,0,0,0,0,0,0,0,0,0,0,0,0,0,0,0,0,0,0,0,0,0,0,0,0,0,0,0,0,0,0,0,0,0,0,0,0,0,0,0,0,0,0,0,0,0,0,0,0,0,0,0,0,0,0,1,0,0,0,0,0,0,0,0,0,0,0,0,0,0,0,0,0,0,0,0,0,0,0,0,0,0
fm_sinh,sinh,(D)D,"G,Lstar,Ole",fm_sinh#M061,540,org.pitest.mutationtest.engine.gregor.mutators.MathMutator,MathMutator,SURVIVED,D1,1,0,0,0,0,0,0,0,0,0,0,0,0,0,0,0,0,0,0,0,0,0,0,0,0,0,0,0,0,0,0,0,0,0,0,0,0,0,0,0,0,0,0,0,0,0,0,0,0,0,0,0,0,0,0,0,0,0,0,0,0,0,0,0,0,0,0,0,0,0,0,0,0,0,0,0,0,0,0,0,0,0,0,0,0,0
fm_sinh,sinh,(D)D,"G,Lstar,Ole",fm_sinh#M062,540,org.pitest.mutationtest.engine.gregor.mutators.MathMutator,MathMutator,SURVIVED,D1,1,0,0,0,0,0,0,0,0,0,0,0,0,0,0,0,0,0,0,0,0,0,0,0,0,0,0,0,0,0,0,0,0,0,0,0,0,0,0,0,0,0,0,0,0,0,0,0,0,0,0,0,0,0,0,0,0,0,0,0,0,0,0,0,0,0,0,0,0,0,0,0,0,0,0,0,0,0,0,0,0,0,0,0,0,0
fm_sinh,sinh,(D)D,"G,Lstar,Ole",fm_sinh#M063,543,org.pitest.mutationtest.engine.gregor.mutators.MathMutator,MathMutator,SURVIVED,D1,1,0,0,0,0,0,0,0,0,0,0,0,0,0,0,0,0,0,0,0,0,0,0,0,0,0,0,0,0,0,0,0,0,0,0,0,0,0,0,0,0,0,0,0,0,0,0,0,0,0,0,0,0,0,0,0,0,0,0,0,0,0,0,0,0,0,0,0,0,0,0,0,0,0,0,0,0,0,0,0,0,0,0,0,0,0
fm_sinh,sinh,(D)D,"G,Lstar,Ole",fm_sinh#M064,544,org.pitest.mutationtest.engine.gregor.mutators.MathMutator,MathMutator,SURVIVED,D1,1,0,0,0,0,0,0,0,0,0,0,0,0,0,0,0,0,0,0,0,0,0,0,0,0,0,0,0,0,0,0,0,0,0,0,0,0,0,0,0,0,0,0,0,0,0,0,0,0,0,0,0,0,0,0,0,0,0,0,0,0,0,0,0,0,0,0,0,0,0,0,0,0,0,0,0,0,0,0,0,0,0,0,0,0,0
fm_sinh,sinh,(D)D,"G,Lstar,Ole",fm_sinh#M065,550,org.pitest.mutationtest.engine.gregor.mutators.MathMutator,MathMutator,SURVIVED,D1,1,0,0,0,0,0,0,0,0,0,0,0,0,0,0,0,0,0,0,0,0,0,0,0,0,0,0,0,0,0,0,0,0,0,0,0,0,0,0,0,0,0,0,0,0,0,0,0,0,0,0,0,0,0,0,0,0,0,0,0,0,0,0,0,0,0,0,0,0,0,0,0,0,0,0,0,0,0,0,0,0,0,0,0,0,0
fm_sinh,sinh,(D)D,"G,Lstar,Ole",fm_sinh#M066,551,org.pitest.mutationtest.engine.gregor.mutators.MathMutator,MathMutator,KILLED,D1,1,1,0,0,0,0,0,0,0,0,0,0,0,0,0,0,0,0,0,0,0,0,0,0,0,0,0,0,0,0,0,0,0,0,0,0,0,0,0,0,0,0,0,0,0,0,0,0,0,0,0,0,0,0,0,0,0,0,0,1,0,0,0,0,0,0,0,0,0,0,0,0,0,0,0,0,0,0,0,0,0,0,0,0,0,0
fm_sinh,sinh,(D)D,"G,Lstar,Ole",fm_sinh#M067,551,org.pitest.mutationtest.engine.gregor.mutators.MathMutator,MathMutator,SURVIVED,D1,1,0,0,0,0,0,0,0,0,0,0,0,0,0,0,0,0,0,0,0,0,0,0,0,0,0,0,0,0,0,0,0,0,0,0,0,0,0,0,0,0,0,0,0,0,0,0,0,0,0,0,0,0,0,0,0,0,0,0,0,0,0,0,0,0,0,0,0,0,0,0,0,0,0,0,0,0,0,0,0,0,0,0,0,0,0
fm_sinh,sinh,(D)D,"G,Lstar,Ole",fm_sinh#M068,554,org.pitest.mutationtest.engine.gregor.mutators.MathMutator,MathMutator,SURVIVED,D1,1,0,0,0,0,0,0,0,0,0,0,0,0,0,0,0,0,0,0,0,0,0,0,0,0,0,0,0,0,0,0,0,0,0,0,0,0,0,0,0,0,0,0,0,0,0,0,0,0,0,0,0,0,0,0,0,0,0,0,0,0,0,0,0,0,0,0,0,0,0,0,0,0,0,0,0,0,0,0,0,0,0,0,0,0,0
fm_sinh,sinh,(D)D,"G,Lstar,Ole",fm_sinh#M069,555,org.pitest.mutationtest.engine.gregor.mutators.MathMutator,MathMutator,SURVIVED,D1,1,0,0,0,0,0,0,0,0,0,0,0,0,0,0,0,0,0,0,0,0,0,0,0,0,0,0,0,0,0,0,0,0,0,0,0,0,0,0,0,0,0,0,0,0,0,0,0,0,0,0,0,0,0,0,0,0,0,0,0,0,0,0,0,0,0,0,0,0,0,0,0,0,0,0,0,0,0,0,0,0,0,0,0,0,0
fm_sinh,sinh,(D)D,"G,Lstar,Ole",fm_sinh#M070,556,org.pitest.mutationtest.engine.gregor.mutators.MathMutator,MathMutator,SURVIVED,D1,1,0,0,0,0,0,0,0,0,0,0,0,0,0,0,0,0,0,0,0,0,0,0,0,0,0,0,0,0,0,0,0,0,0,0,0,0,0,0,0,0,0,0,0,0,0,0,0,0,0,0,0,0,0,0,0,0,0,0,0,0,0,0,0,0,0,0,0,0,0,0,0,0,0,0,0,0,0,0,0,0,0,0,0,0,0
fm_sinh,sinh,(D)D,"G,Lstar,Ole",fm_sinh#M071,556,org.pitest.mutationtest.engine.gregor.mutators.MathMutator,MathMutator,SURVIVED,D1,1,0,0,0,0,0,0,0,0,0,0,0,0,0,0,0,0,0,0,0,0,0,0,0,0,0,0,0,0,0,0,0,0,0,0,0,0,0,0,0,0,0,0,0,0,0,0,0,0,0,0,0,0,0,0,0,0,0,0,0,0,0,0,0,0,0,0,0,0,0,0,0,0,0,0,0,0,0,0,0,0,0,0,0,0,0
fm_sinh,sinh,(D)D,"G,Lstar,Ole",fm_sinh#M072,556,org.pitest.mutationtest.engine.gregor.mutators.MathMutator,MathMutator,SURVIVED,D1,1,0,0,0,0,0,0,0,0,0,0,0,0,0,0,0,0,0,0,0,0,0,0,0,0,0,0,0,0,0,0,0,0,0,0,0,0,0,0,0,0,0,0,0,0,0,0,0,0,0,0,0,0,0,0,0,0,0,0,0,0,0,0,0,0,0,0,0,0,0,0,0,0,0,0,0,0,0,0,0,0,0,0,0,0,0
fm_sinh,sinh,(D)D,"G,Lstar,Ole",fm_sinh#M073,557,org.pitest.mutationtest.engine.gregor.mutators.MathMutator,MathMutator,SURVIVED,D1,1,0,0,0,0,0,0,0,0,0,0,0,0,0,0,0,0,0,0,0,0,0,0,0,0,0,0,0,0,0,0,0,0,0,0,0,0,0,0,0,0,0,0,0,0,0,0,0,0,0,0,0,0,0,0,0,0,0,0,0,0,0,0,0,0,0,0,0,0,0,0,0,0,0,0,0,0,0,0,0,0,0,0,0,0,0
fm_sinh,sinh,(D)D,"G,Lstar,Ole",fm_sinh#M074,558,org.pitest.mutationtest.engine.gregor.mutators.MathMutator,MathMutator,SURVIVED,D1,1,0,0,0,0,0,0,0,0,0,0,0,0,0,0,0,0,0,0,0,0,0,0,0,0,0,0,0,0,0,0,0,0,0,0,0,0,0,0,0,0,0,0,0,0,0,0,0,0,0,0,0,0,0,0,0,0,0,0,0,0,0,0,0,0,0,0,0,0,0,0,0,0,0,0,0,0,0,0,0,0,0,0,0,0,0
fm_sinh,sinh,(D)D,"G,Lstar,Ole",fm_sinh#M075,559,org.pitest.mutationtest.engine.gregor.mutators.MathMutator,MathMutator,SURVIVED,D1,1,0,0,0,0,0,0,0,0,0,0,0,0,0,0,0,0,0,0,0,0,0,0,0,0,0,0,0,0,0,0,0,0,0,0,0,0,0,0,0,0,0,0,0,0,0,0,0,0,0,0,0,0,0,0,0,0,0,0,0,0,0,0,0,0,0,0,0,0,0,0,0,0,0,0,0,0,0,0,0,0,0,0,0,0,0
fm_sinh,sinh,(D)D,"G,Lstar,Ole",fm_sinh#M076,559,org.pitest.mutationtest.engine.gregor.mutators.MathMutator,MathMutator,SURVIVED,D1,1,0,0,0,0,0,0,0,0,0,0,0,0,0,0,0,0,0,0,0,0,0,0,0,0,0,0,0,0,0,0,0,0,0,0,0,0,0,0,0,0,0,0,0,0,0,0,0,0,0,0,0,0,0,0,0,0,0,0,0,0,0,0,0,0,0,0,0,0,0,0,0,0,0,0,0,0,0,0,0,0,0,0,0,0,0
fm_sinh,sinh,(D)D,"G,Lstar,Ole",fm_sinh#M077,560,org.pitest.mutationtest.engine.gregor.mutators.MathMutator,MathMutator,SURVIVED,D1,1,0,0,0,0,0,0,0,0,0,0,0,0,0,0,0,0,0,0,0,0,0,0,0,0,0,0,0,0,0,0,0,0,0,0,0,0,0,0,0,0,0,0,0,0,0,0,0,0,0,0,0,0,0,0,0,0,0,0,0,0,0,0,0,0,0,0,0,0,0,0,0,0,0,0,0,0,0,0,0,0,0,0,0,0,0
fm_sinh,sinh,(D)D,"G,Lstar,Ole",fm_sinh#M078,562,org.pitest.mutationtest.engine.gregor.mutators.MathMutator,MathMutator,SURVIVED,D1,1,0,0,0,0,0,0,0,0,0,0,0,0,0,0,0,0,0,0,0,0,0,0,0,0,0,0,0,0,0,0,0,0,0,0,0,0,0,0,0,0,0,0,0,0,0,0,0,0,0,0,0,0,0,0,0,0,0,0,0,0,0,0,0,0,0,0,0,0,0,0,0,0,0,0,0,0,0,0,0,0,0,0,0,0,0
fm_sinh,sinh,(D)D,"G,Lstar,Ole",fm_sinh#M079,563,org.pitest.mutationtest.engine.gregor.mutators.MathMutator,MathMutator,SURVIVED,D1,1,0,0,0,0,0,0,0,0,0,0,0,0,0,0,0,0,0,0,0,0,0,0,0,0,0,0,0,0,0,0,0,0,0,0,0,0,0,0,0,0,0,0,0,0,0,0,0,0,0,0,0,0,0,0,0,0,0,0,0,0,0,0,0,0,0,0,0,0,0,0,0,0,0,0,0,0,0,0,0,0,0,0,0,0,0
fm_sinh,sinh,(D)D,"G,Lstar,Ole",fm_sinh#M080,563,org.pitest.mutationtest.engine.gregor.mutators.MathMutator,MathMutator,SURVIVED,D1,1,0,0,0,0,0,0,0,0,0,0,0,0,0,0,0,0,0,0,0,0,0,0,0,0,0,0,0,0,0,0,0,0,0,0,0,0,0,0,0,0,0,0,0,0,0,0,0,0,0,0,0,0,0,0,0,0,0,0,0,0,0,0,0,0,0,0,0,0,0,0,0,0,0,0,0,0,0,0,0,0,0,0,0,0,0
fm_sinh,sinh,(D)D,"G,Lstar,Ole",fm_sinh#M081,564,org.pitest.mutationtest.engine.gregor.mutators.MathMutator,MathMutator,SURVIVED,D1,1,0,0,0,0,0,0,0,0,0,0,0,0,0,0,0,0,0,0,0,0,0,0,0,0,0,0,0,0,0,0,0,0,0,0,0,0,0,0,0,0,0,0,0,0,0,0,0,0,0,0,0,0,0,0,0,0,0,0,0,0,0,0,0,0,0,0,0,0,0,0,0,0,0,0,0,0,0,0,0,0,0,0,0,0,0
fm_sinh,sinh,(D)D,"G,Lstar,Ole",fm_sinh#M082,566,org.pitest.mutationtest.engine.gregor.mutators.MathMutator,MathMutator,KILLED,D1,1,1,0,0,0,0,0,0,0,0,0,0,0,0,0,0,0,0,0,0,0,0,0,0,0,0,0,0,0,0,0,0,0,0,0,0,0,0,0,0,0,0,0,0,0,0,0,0,0,0,0,0,0,0,0,0,0,0,0,1,0,0,0,0,0,0,0,0,0,0,0,0,0,0,0,0,0,0,0,0,0,0,0,0,0,0
fm_sinh,sinh,(D)D,"G,Lstar,Ole",fm_sinh#M083,566,org.pitest.mutationtest.engine.gregor.mutators.MathMutator,MathMutator,SURVIVED,D1,1,0,0,0,0,0,0,0,0,0,0,0,0,0,0,0,0,0,0,0,0,0,0,0,0,0,0,0,0,0,0,0,0,0,0,0,0,0,0,0,0,0,0,0,0,0,0,0,0,0,0,0,0,0,0,0,0,0,0,0,0,0,0,0,0,0,0,0,0,0,0,0,0,0,0,0,0,0,0,0,0,0,0,0,0,0
fm_sinh,sinh,(D)D,"G,Lstar,Ole",fm_sinh#M084,566,org.pitest.mutationtest.engine.gregor.mutators.MathMutator,MathMutator,KILLED,D1,1,1,0,0,0,0,0,0,0,0,0,0,0,0,0,0,0,0,0,0,0,0,0,0,0,0,0,0,0,0,0,0,0,0,0,0,0,0,0,0,0,0,0,0,0,0,0,0,0,0,0,0,0,0,0,0,0,0,0,1,0,0,0,0,0,0,0,0,0,0,0,0,0,0,0,0,0,0,0,0,0,0,0,0,0,0
fm_sinh,sinh,(D)D,"G,Lstar,Ole",fm_sinh#M085,566,org.pitest.mutationtest.engine.gregor.mutators.MathMutator,MathMutator,SURVIVED,D1,1,0,0,0,0,0,0,0,0,0,0,0,0,0,0,0,0,0,0,0,0,0,0,0,0,0,0,0,0,0,0,0,0,0,0,0,0,0,0,0,0,0,0,0,0,0,0,0,0,0,0,0,0,0,0,0,0,0,0,0,0,0,0,0,0,0,0,0,0,0,0,0,0,0,0,0,0,0,0,0,0,0,0,0,0,0
fm_sinh,sinh,(D)D,"G,Lstar,Ole",fm_sinh#M086,566,org.pitest.mutationtest.engine.gregor.mutators.MathMutator,MathMutator,SURVIVED,D1,1,0,0,0,0,0,0,0,0,0,0,0,0,0,0,0,0,0,0,0,0,0,0,0,0,0,0,0,0,0,0,0,0,0,0,0,0,0,0,0,0,0,0,0,0,0,0,0,0,0,0,0,0,0,0,0,0,0,0,0,0,0,0,0,0,0,0,0,0,0,0,0,0,0,0,0,0,0,0,0,0,0,0,0,0,0
fm_sinh,sinh,(D)D,"G,Lstar,Ole",fm_sinh#M087,566,org.pitest.mutationtest.engine.gregor.mutators.MathMutator,MathMutator,SURVIVED,D1,1,0,0,0,0,0,0,0,0,0,0,0,0,0,0,0,0,0,0,0,0,0,0,0,0,0,0,0,0,0,0,0,0,0,0,0,0,0,0,0,0,0,0,0,0,0,0,0,0,0,0,0,0,0,0,0,0,0,0,0,0,0,0,0,0,0,0,0,0,0,0,0,0,0,0,0,0,0,0,0,0,0,0,0,0,0
fm_sinh,sinh,(D)D,"G,Lstar,Ole",fm_sinh#M088,566,org.pitest.mutationtest.engine.gregor.mutators.MathMutator,MathMutator,KILLED,D1,1,1,0,0,0,0,0,0,0,0,0,0,0,0,0,0,0,0,0,0,0,0,0,0,0,0,0,0,0,0,0,0,0,0,0,0,0,0,0,0,0,0,0,0,0,0,0,0,0,0,0,0,0,0,0,0,0,0,0,1,0,0,0,0,0,0,0,0,0,0,0,0,0,0,0,0,0,0,0,0,0,0,0,0,0,0
fm_sinh,sinh,(D)D,"G,Lstar,Ole",fm_sinh#M089,566,org.pitest.mutationtest.engine.gregor.mutators.MathMutator,MathMutator,SURVIVED,D1,1,0,0,0,0,0,0,0,0,0,0,0,0,0,0,0,0,0,0,0,0,0,0,0,0,0,0,0,0,0,0,0,0,0,0,0,0,0,0,0,0,0,0,0,0,0,0,0,0,0,0,0,0,0,0,0,0,0,0,0,0,0,0,0,0,0,0,0,0,0,0,0,0,0,0,0,0,0,0,0,0,0,0,0,0,0
fm_sinh,sinh,(D)D,"G,Lstar,Ole",fm_sinh#M090,566,org.pitest.mutationtest.engine.gregor.mutators.MathMutator,MathMutator,SURVIVED,D1,1,0,0,0,0,0,0,0,0,0,0,0,0,0,0,0,0,0,0,0,0,0,0,0,0,0,0,0,0,0,0,0,0,0,0,0,0,0,0,0,0,0,0,0,0,0,0,0,0,0,0,0,0,0,0,0,0,0,0,0,0,0,0,0,0,0,0,0,0,0,0,0,0,0,0,0,0,0,0,0,0,0,0,0,0,0
fm_sinh,sinh,(D)D,"G,Lstar,Ole",fm_sinh#M091,566,org.pitest.mutationtest.engine.gregor.mutators.MathMutator,MathMutator,SURVIVED,D1,1,0,0,0,0,0,0,0,0,0,0,0,0,0,0,0,0,0,0,0,0,0,0,0,0,0,0,0,0,0,0,0,0,0,0,0,0,0,0,0,0,0,0,0,0,0,0,0,0,0,0,0,0,0,0,0,0,0,0,0,0,0,0,0,0,0,0,0,0,0,0,0,0,0,0,0,0,0,0,0,0,0,0,0,0,0
fm_sinh,sinh,(D)D,"G,Lstar,Ole",fm_sinh#M092,569,org.pitest.mutationtest.engine.gregor.mutators.MathMutator,MathMutator,SURVIVED,D1,1,0,0,0,0,0,0,0,0,0,0,0,0,0,0,0,0,0,0,0,0,0,0,0,0,0,0,0,0,0,0,0,0,0,0,0,0,0,0,0,0,0,0,0,0,0,0,0,0,0,0,0,0,0,0,0,0,0,0,0,0,0,0,0,0,0,0,0,0,0,0,0,0,0,0,0,0,0,0,0,0,0,0,0,0,0
fm_sinh,sinh,(D)D,"G,Lstar,Ole",fm_sinh#M093,569,org.pitest.mutationtest.engine.gregor.mutators.MathMutator,MathMutator,SURVIVED,D1,1,0,0,0,0,0,0,0,0,0,0,0,0,0,0,0,0,0,0,0,0,0,0,0,0,0,0,0,0,0,0,0,0,0,0,0,0,0,0,0,0,0,0,0,0,0,0,0,0,0,0,0,0,0,0,0,0,0,0,0,0,0,0,0,0,0,0,0,0,0,0,0,0,0,0,0,0,0,0,0,0,0,0,0,0,0
fm_sinh,sinh,(D)D,"G,Lstar,Ole",fm_sinh#M094,570,org.pitest.mutationtest.engine.gregor.mutators.MathMutator,MathMutator,KILLED,D1,1,1,0,0,0,0,0,0,0,0,0,0,0,0,0,0,0,0,0,0,0,0,0,0,0,0,0,0,0,0,0,0,0,0,0,0,0,0,0,0,0,0,0,0,0,0,0,0,0,0,0,0,0,0,0,0,0,0,0,1,0,0,0,0,0,0,0,0,0,0,0,0,0,0,0,0,0,0,0,0,0,0,0,0,0,0
fm_sinh,sinh,(D)D,"G,Lstar,Ole",fm_sinh#M095,570,org.pitest.mutationtest.engine.gregor.mutators.MathMutator,MathMutator,SURVIVED,D1,1,0,0,0,0,0,0,0,0,0,0,0,0,0,0,0,0,0,0,0,0,0,0,0,0,0,0,0,0,0,0,0,0,0,0,0,0,0,0,0,0,0,0,0,0,0,0,0,0,0,0,0,0,0,0,0,0,0,0,0,0,0,0,0,0,0,0,0,0,0,0,0,0,0,0,0,0,0,0,0,0,0,0,0,0,0
fm_sinh,sinh,(D)D,"G,Lstar,Ole",fm_sinh#M096,570,org.pitest.mutationtest.engine.gregor.mutators.MathMutator,MathMutator,SURVIVED,D1,1,0,0,0,0,0,0,0,0,0,0,0,0,0,0,0,0,0,0,0,0,0,0,0,0,0,0,0,0,0,0,0,0,0,0,0,0,0,0,0,0,0,0,0,0,0,0,0,0,0,0,0,0,0,0,0,0,0,0,0,0,0,0,0,0,0,0,0,0,0,0,0,0,0,0,0,0,0,0,0,0,0,0,0,0,0
fm_sinh,sinh,(D)D,"G,Lstar,Ole",fm_sinh#M097,570,org.pitest.mutationtest.engine.gregor.mutators.MathMutator,MathMutator,SURVIVED,D1,1,0,0,0,0,0,0,0,0,0,0,0,0,0,0,0,0,0,0,0,0,0,0,0,0,0,0,0,0,0,0,0,0,0,0,0,0,0,0,0,0,0,0,0,0,0,0,0,0,0,0,0,0,0,0,0,0,0,0,0,0,0,0,0,0,0,0,0,0,0,0,0,0,0,0,0,0,0,0,0,0,0,0,0,0,0
fm_sinh,sinh,(D)D,"G,Lstar,Ole",fm_sinh#M098,573,org.pitest.mutationtest.engine.gregor.mutators.MathMutator,MathMutator,SURVIVED,D1,1,0,0,0,0,0,0,0,0,0,0,0,0,0,0,0,0,0,0,0,0,0,0,0,0,0,0,0,0,0,0,0,0,0,0,0,0,0,0,0,0,0,0,0,0,0,0,0,0,0,0,0,0,0,0,0,0,0,0,0,0,0,0,0,0,0,0,0,0,0,0,0,0,0,0,0,0,0,0,0,0,0,0,0,0,0
fm_sinh,sinh,(D)D,"G,Lstar,Ole",fm_sinh#M099,574,org.pitest.mutationtest.engine.gregor.mutators.MathMutator,MathMutator,KILLED,D1,1,1,0,0,0,0,0,0,0,0,0,0,0,0,0,0,0,0,0,0,0,0,0,0,0,0,0,0,0,0,0,0,0,0,0,0,0,0,0,0,0,0,0,0,0,0,0,0,0,0,0,0,0,0,0,0,0,0,0,1,0,0,0,0,0,0,0,0,0,0,0,0,0,0,0,0,0,0,0,0,0,0,0,0,0,0
fm_sinh,sinh,(D)D,"G,Lstar,Ole",fm_sinh#M100,574,org.pitest.mutationtest.engine.gregor.mutators.MathMutator,MathMutator,SURVIVED,D1,1,0,0,0,0,0,0,0,0,0,0,0,0,0,0,0,0,0,0,0,0,0,0,0,0,0,0,0,0,0,0,0,0,0,0,0,0,0,0,0,0,0,0,0,0,0,0,0,0,0,0,0,0,0,0,0,0,0,0,0,0,0,0,0,0,0,0,0,0,0,0,0,0,0,0,0,0,0,0,0,0,0,0,0,0,0
fm_sinh,sinh,(D)D,"G,Lstar,Ole",fm_sinh#M101,574,org.pitest.mutationtest.engine.gregor.mutators.MathMutator,MathMutator,SURVIVED,D1,1,0,0,0,0,0,0,0,0,0,0,0,0,0,0,0,0,0,0,0,0,0,0,0,0,0,0,0,0,0,0,0,0,0,0,0,0,0,0,0,0,0,0,0,0,0,0,0,0,0,0,0,0,0,0,0,0,0,0,0,0,0,0,0,0,0,0,0,0,0,0,0,0,0,0,0,0,0,0,0,0,0,0,0,0,0
fm_sinh,sinh,(D)D,"G,Lstar,Ole",fm_sinh#M102,576,org.pitest.mutationtest.engine.gregor.mutators.MathMutator,MathMutator,SURVIVED,D1,1,0,0,0,0,0,0,0,0,0,0,0,0,0,0,0,0,0,0,0,0,0,0,0,0,0,0,0,0,0,0,0,0,0,0,0,0,0,0,0,0,0,0,0,0,0,0,0,0,0,0,0,0,0,0,0,0,0,0,0,0,0,0,0,0,0,0,0,0,0,0,0,0,0,0,0,0,0,0,0,0,0,0,0,0,0
fm_sinh,sinh,(D)D,"G,Lstar,Ole",fm_sinh#M103,577,org.pitest.mutationtest.engine.gregor.mutators.MathMutator,MathMutator,KILLED,D1,1,1,0,0,0,0,0,0,0,0,0,0,0,0,0,0,0,0,0,0,0,0,0,0,0,0,0,0,0,0,0,0,0,0,0,0,0,0,0,0,0,0,0,0,0,0,0,0,0,0,0,0,0,0,0,0,0,0,0,1,0,0,0,0,0,0,0,0,0,0,0,0,0,0,0,0,0,0,0,0,0,0,0,0,0,0
fm_sinh,sinh,(D)D,"G,Lstar,Ole",fm_sinh#M104,577,org.pitest.mutationtest.engine.gregor.mutators.MathMutator,MathMutator,SURVIVED,D1,1,0,0,0,0,0,0,0,0,0,0,0,0,0,0,0,0,0,0,0,0,0,0,0,0,0,0,0,0,0,0,0,0,0,0,0,0,0,0,0,0,0,0,0,0,0,0,0,0,0,0,0,0,0,0,0,0,0,0,0,0,0,0,0,0,0,0,0,0,0,0,0,0,0,0,0,0,0,0,0,0,0,0,0,0,0
fm_sinh,sinh,(D)D,"G,Lstar,Ole",fm_sinh#M105,577,org.pitest.mutationtest.engine.gregor.mutators.MathMutator,MathMutator,SURVIVED,D1,1,0,0,0,0,0,0,0,0,0,0,0,0,0,0,0,0,0,0,0,0,0,0,0,0,0,0,0,0,0,0,0,0,0,0,0,0,0,0,0,0,0,0,0,0,0,0,0,0,0,0,0,0,0,0,0,0,0,0,0,0,0,0,0,0,0,0,0,0,0,0,0,0,0,0,0,0,0,0,0,0,0,0,0,0,0
fm_sinh,sinh,(D)D,"G,Lstar,Ole",fm_sinh#M106,580,org.pitest.mutationtest.engine.gregor.mutators.MathMutator,MathMutator,SURVIVED,D1,1,0,0,0,0,0,0,0,0,0,0,0,0,0,0,0,0,0,0,0,0,0,0,0,0,0,0,0,0,0,0,0,0,0,0,0,0,0,0,0,0,0,0,0,0,0,0,0,0,0,0,0,0,0,0,0,0,0,0,0,0,0,0,0,0,0,0,0,0,0,0,0,0,0,0,0,0,0,0,0,0,0,0,0,0,0
fm_sinh,sinh,(D)D,"G,Lstar,Ole",fm_sinh#M107,581,org.pitest.mutationtest.engine.gregor.mutators.MathMutator,MathMutator,KILLED,D1,1,1,0,0,0,0,0,0,0,0,0,0,0,0,0,0,0,0,0,0,0,0,0,0,0,0,0,0,0,0,0,0,0,0,0,0,0,0,0,0,0,0,0,0,0,0,0,0,0,0,0,0,0,0,0,0,0,0,0,1,0,0,0,0,0,0,0,0,0,0,0,0,0,0,0,0,0,0,0,0,0,0,0,0,0,0
fm_sinh,sinh,(D)D,"G,Lstar,Ole",fm_sinh#M108,472,org.pitest.mutationtest.engine.gregor.mutators.RemoveConditionalMutator_EQUAL_ELSE,RemoveConditionalMutator_EQUAL_ELSE,SURVIVED,D1,1,0,0,0,0,0,0,0,0,0,0,0,0,0,0,0,0,0,0,0,0,0,0,0,0,0,0,0,0,0,0,0,0,0,0,0,0,0,0,0,0,0,0,0,0,0,0,0,0,0,0,0,0,0,0,0,0,0,0,0,0,0,0,0,0,0,0,0,0,0,0,0,0,0,0,0,0,0,0,0,0,0,0,0,0,0
fm_sinh,sinh,(D)D,"G,Lstar,Ole",fm_sinh#M109,499,org.pitest.mutationtest.engine.gregor.mutators.RemoveConditionalMutator_EQUAL_ELSE,RemoveConditionalMutator_EQUAL_ELSE,SURVIVED,D1,1,0,0,0,0,0,0,0,0,0,0,0,0,0,0,0,0,0,0,0,0,0,0,0,0,0,0,0,0,0,0,0,0,0,0,0,0,0,0,0,0,0,0,0,0,0,0,0,0,0,0,0,0,0,0,0,0,0,0,0,0,0,0,0,0,0,0,0,0,0,0,0,0,0,0,0,0,0,0,0,0,0,0,0,0,0
fm_sinh,sinh,(D)D,"G,Lstar,Ole",fm_sinh#M110,584,org.pitest.mutationtest.engine.gregor.mutators.RemoveConditionalMutator_EQUAL_ELSE,RemoveConditionalMutator_EQUAL_ELSE,KILLED,D1,1,1,1,1,0,0,0,0,0,0,0,0,0,0,0,0,0,1,0,0,0,0,0,0,0,0,0,0,1,0,0,0,0,0,0,0,0,0,0,0,0,0,0,0,0,0,0,0,0,0,0,0,0,0,0,0,0,0,0,1,0,0,0,1,0,0,0,0,0,0,0,0,0,0,0,0,0,0,0,0,0,0,0,0,0,0
fm_sinh,sinh,(D)D,"G,Lstar,Ole",fm_sinh#M111,481,org.pitest.mutationtest.engine.gregor.mutators.RemoveConditionalMutator_ORDER_ELSE,RemoveConditionalMutator_ORDER_ELSE,SURVIVED,D1,1,0,0,0,0,0,0,0,0,0,0,0,0,0,0,0,0,0,0,0,0,0,0,0,0,0,0,0,0,0,0,0,0,0,0,0,0,0,0,0,0,0,0,0,0,0,0,0,0,0,0,0,0,0,0,0,0,0,0,0,0,0,0,0,0,0,0,0,0,0,0,0,0,0,0,0,0,0,0,0,0,0,0,0,0,0
fm_sinh,sinh,(D)D,"G,Lstar,Ole",fm_sinh#M112,482,org.pitest.mutationtest.engine.gregor.mutators.RemoveConditionalMutator_ORDER_ELSE,RemoveConditionalMutator_ORDER_ELSE,NO_COVERAGE,D1,0,0,0,0,0,0,0,0,0,0,0,0,0,0,0,0,0,0,0,0,0,0,0,0,0,0,0,0,0,0,0,0,0,0,0,0,0,0,0,0,0,0,0,0,0,0,0,0,0,0,0,0,0,0,0,0,0,0,0,0,0,0,0,0,0,0,0,0,0,0,0,0,0,0,0,0,0,0,0,0,0,0,0,0,0,0
fm_sinh,sinh,(D)D,"G,Lstar,Ole",fm_sinh#M113,489,org.pitest.mutationtest.engine.gregor.mutators.RemoveConditionalMutator_ORDER_ELSE,RemoveConditionalMutator_ORDER_ELSE,SURVIVED,D1,1,0,0,0,0,0,0,0,0,0,0,0,0,0,0,0,0,0,0,0,0,0,0,0,0,0,0,0,0,0,0,0,0,0,0,0,0,0,0,0,0,0,0,0,0,0,0,0,0,0,0,0,0,0,0,0,0,0,0,0,0,0,0,0,0,0,0,0,0,0,0,0,0,0,0,0,0,0,0,0,0,0,0,0,0,0
fm_sinh,sinh,(D)D,"G,Lstar,Ole",fm_sinh#M114,490,org.pitest.mutationtest.engine.gregor.mutators.RemoveConditionalMutator_ORDER_ELSE,RemoveConditionalMutator_ORDER_ELSE,NO_COVERAGE,D1,0,0,0,0,0,0,0,0,0,0,0,0,0,0,0,0,0,0,0,0,0,0,0,0,0,0,0,0,0,0,0,0,0,0,0,0,0,0,0,0,0,0,0,0,0,0,0,0,0,0,0,0,0,0,0,0,0,0,0,0,0,0,0,0,0,0,0,0,0,0,0,0,0,0,0,0,0,0,0,0,0,0,0,0,0,0
fm_sinh,sinh,(D)D,"G,Lstar,Ole",fm_sinh#M115,503,org.pitest.mutationtest.engine.gregor.mutators.RemoveConditionalMutator_ORDER_ELSE,RemoveConditionalMutator_ORDER_ELSE,KILLED,D1,1,1,1,1,0,0,0,0,0,0,0,0,0,0,0,0,0,1,0,0,0,0,0,0,0,0,0,0,1,0,0,0,0,0,0,0,0,0,0,0,0,0,0,0,0,0,0,0,0,0,0,0,0,0,0,0,0,0,0,1,0,0,0,1,0,0,0,0,0,0,0,0,0,0,0,0,0,0,0,0,0,0,0,0,0,0
fm_sinh,sinh,(D)D,"G,Lstar,Ole",fm_sinh#M116,510,org.pitest.mutationtest.engine.gregor.mutators.RemoveConditionalMutator_ORDER_ELSE,RemoveConditionalMutator_ORDER_ELSE,KILLED,D1,1,1,0,0,0,0,0,0,0,0,0,0,0,0,0,0,0,0,0,0,0,0,0,0,0,0,0,0,0,0,0,0,0,0,0,0,0,0,0,0,0,0,0,0,0,0,0,0,0,0,0,0,0,0,0,0,0,0,0,1,0,0,0,0,0,0,0,0,0,0,0,0,0,0,0,0,0,0,0,0,0,0,0,0,0,0
fm_sinh,sinh,(D)D,"G,Lstar,Ole",fm_sinh#M117,473,org.pitest.mutationtest.engine.gregor.mutators.returns.PrimitiveReturnsMutator,PrimitiveReturnsMutator,NO_COVERAGE,D2,0,0,0,0,0,0,0,0,0,0,0,0,0,0,0,0,0,0,0,0,0,0,0,0,0,0,0,0,0,0,0,0,0,0,0,0,0,0,0,0,0,0,0,0,0,0,0,0,0,0,0,0,0,0,0,0,0,0,0,0,0,0,0,0,0,0,0,0,0,0,0,0,0,0,0,0,0,0,0,0,0,0,0,0,0,0
fm_sinh,sinh,(D)D,"G,Lstar,Ole",fm_sinh#M118,485,org.pitest.mutationtest.engine.gregor.mutators.returns.PrimitiveReturnsMutator,PrimitiveReturnsMutator,NO_COVERAGE,D2,0,0,0,0,0,0,0,0,0,0,0,0,0,0,0,0,0,0,0,0,0,0,0,0,0,0,0,0,0,0,0,0,0,0,0,0,0,0,0,0,0,0,0,0,0,0,0,0,0,0,0,0,0,0,0,0,0,0,0,0,0,0,0,0,0,0,0,0,0,0,0,0,0,0,0,0,0,0,0,0,0,0,0,0,0,0
fm_sinh,sinh,(D)D,"G,Lstar,Ole",fm_sinh#M119,487,org.pitest.mutationtest.engine.gregor.mutators.returns.PrimitiveReturnsMutator,PrimitiveReturnsMutator,NO_COVERAGE,D2,0,0,0,0,0,0,0,0,0,0,0,0,0,0,0,0,0,0,0,0,0,0,0,0,0,0,0,0,0,0,0,0,0,0,0,0,0,0,0,0,0,0,0,0,0,0,0,0,0,0,0,0,0,0,0,0,0,0,0,0,0,0,0,0,0,0,0,0,0,0,0,0,0,0,0,0,0,0,0,0,0,0,0,0,0,0
fm_sinh,sinh,(D)D,"G,Lstar,Ole",fm_sinh#M120,493,org.pitest.mutationtest.engine.gregor.mutators.returns.PrimitiveReturnsMutator,PrimitiveReturnsMutator,NO_COVERAGE,D2,0,0,0,0,0,0,0,0,0,0,0,0,0,0,0,0,0,0,0,0,0,0,0,0,0,0,0,0,0,0,0,0,0,0,0,0,0,0,0,0,0,0,0,0,0,0,0,0,0,0,0,0,0,0,0,0,0,0,0,0,0,0,0,0,0,0,0,0,0,0,0,0,0,0,0,0,0,0,0,0,0,0,0,0,0,0
fm_sinh,sinh,(D)D,"G,Lstar,Ole",fm_sinh#M121,495,org.pitest.mutationtest.engine.gregor.mutators.returns.PrimitiveReturnsMutator,PrimitiveReturnsMutator,NO_COVERAGE,D2,0,0,0,0,0,0,0,0,0,0,0,0,0,0,0,0,0,0,0,0,0,0,0,0,0,0,0,0,0,0,0,0,0,0,0,0,0,0,0,0,0,0,0,0,0,0,0,0,0,0,0,0,0,0,0,0,0,0,0,0,0,0,0,0,0,0,0,0,0,0,0,0,0,0,0,0,0,0,0,0,0,0,0,0,0,0
fm_sinh,sinh,(D)D,"G,Lstar,Ole",fm_sinh#M122,500,org.pitest.mutationtest.engine.gregor.mutators.returns.PrimitiveReturnsMutator,PrimitiveReturnsMutator,SURVIVED,D2,1,0,0,0,0,0,0,0,0,0,0,0,0,0,0,0,0,0,0,0,0,0,0,0,0,0,0,0,0,0,0,0,0,0,0,0,0,0,0,0,0,0,0,0,0,0,0,0,0,0,0,0,0,0,0,0,0,0,0,0,0,0,0,0,0,0,0,0,0,0,0,0,0,0,0,0,0,0,0,0,0,0,0,0,0,0
fm_sinh,sinh,(D)D,"G,Lstar,Ole",fm_sinh#M123,588,org.pitest.mutationtest.engine.gregor.mutators.returns.PrimitiveReturnsMutator,PrimitiveReturnsMutator,SURVIVED,D2,1,0,0,0,0,0,0,0,0,0,0,0,0,0,0,0,0,0,0,0,0,0,0,0,0,0,0,0,0,0,0,0,0,0,0,0,0,0,0,0,0,0,0,0,0,0,0,0,0,0,0,0,0,0,0,0,0,0,0,0,0,0,0,0,0,0,0,0,0,0,0,0,0,0,0,0,0,0,0,0,0,0,0,0,0,0
fm_cosh,cosh,(D)D,"G,Lstar,Ole",fm_cosh#M001,411,org.pitest.mutationtest.engine.gregor.mutators.ConditionalsBoundaryMutator,ConditionalsBoundaryMutator,SURVIVED,D1,1,0,0,0,0,0,0,0,0,0,0,0,0,0,0,0,0,0,0,0,0,0,0,0,0,0,0,0,0,0,0,0,0,0,0,0,0,0,0,0,0,0,0,0,0,0,0,0,0,0,0,0,0,0,0,0,0,0,0,0,0,0,0,0,0,0,0,0,0,0,0,0,0,0,0,0,0,0,0,0,0,0,0,0,0,0
fm_cosh,cosh,(D)D,"G,Lstar,Ole",fm_cosh#M002,412,org.pitest.mutationtest.engine.gregor.mutators.ConditionalsBoundaryMutator,ConditionalsBoundaryMutator,NO_COVERAGE,D1,0,0,0,0,0,0,0,0,0,0,0,0,0,0,0,0,0,0,0,0,0,0,0,0,0,0,0,0,0,0,0,0,0,0,0,0,0,0,0,0,0,0,0,0,0,0,0,0,0,0,0,0,0,0,0,0,0,0,0,0,0,0,0,0,0,0,0,0,0,0,0,0,0,0,0,0,0,0,0,0,0,0,0,0,0,0
fm_cosh,cosh,(D)D,"G,Lstar,Ole",fm_cosh#M003,419,org.pitest.mutationtest.engine.gregor.mutators.ConditionalsBoundaryMutator,ConditionalsBoundaryMutator,SURVIVED,D1,1,0,0,0,0,0,0,0,0,0,0,0,0,0,0,0,0,0,0,0,0,0,0,0,0,0,0,0,0,0,0,0,0,0,0,0,0,0,0,0,0,0,0,0,0,0,0,0,0,0,0,0,0,0,0,0,0,0,0,0,0,0,0,0,0,0,0,0,0,0,0,0,0,0,0,0,0,0,0,0,0,0,0,0,0,0
fm_cosh,cosh,(D)D,"G,Lstar,Ole",fm_cosh#M004,420,org.pitest.mutationtest.engine.gregor.mutators.ConditionalsBoundaryMutator,ConditionalsBoundaryMutator,NO_COVERAGE,D1,0,0,0,0,0,0,0,0,0,0,0,0,0,0,0,0,0,0,0,0,0,0,0,0,0,0,0,0,0,0,0,0,0,0,0,0,0,0,0,0,0,0,0,0,0,0,0,0,0,0,0,0,0,0,0,0,0,0,0,0,0,0,0,0,0,0,0,0,0,0,0,0,0,0,0,0,0,0,0,0,0,0,0,0,0,0
fm_cosh,cosh,(D)D,"G,Lstar,Ole",fm_cosh#M005,430,org.pitest.mutationtest.engine.gregor.mutators.ConditionalsBoundaryMutator,ConditionalsBoundaryMutator,SURVIVED,D1,1,0,0,0,0,0,0,0,0,0,0,0,0,0,0,0,0,0,0,0,0,0,0,0,0,0,0,0,0,0,0,0,0,0,0,0,0,0,0,0,0,0,0,0,0,0,0,0,0,0,0,0,0,0,0,0,0,0,0,0,0,0,0,0,0,0,0,0,0,0,0,0,0,0,0,0,0,0,0,0,0,0,0,0,0,0
fm_cosh,cosh,(D)D,"G,Lstar,Ole",fm_cosh#M006,420,org.pitest.mutationtest.engine.gregor.mutators.InvertNegsMutator,InvertNegsMutator,NO_COVERAGE,D1,0,0,0,0,0,0,0,0,0,0,0,0,0,0,0,0,0,0,0,0,0,0,0,0,0,0,0,0,0,0,0,0,0,0,0,0,0,0,0,0,0,0,0,0,0,0,0,0,0,0,0,0,0,0,0,0,0,0,0,0,0,0,0,0,0,0,0,0,0,0,0,0,0,0,0,0,0,0,0,0,0,0,0,0,0,0
fm_cosh,cosh,(D)D,"G,Lstar,Ole",fm_cosh#M007,425,org.pitest.mutationtest.engine.gregor.mutators.InvertNegsMutator,InvertNegsMutator,NO_COVERAGE,D1,0,0,0,0,0,0,0,0,0,0,0,0,0,0,0,0,0,0,0,0,0,0,0,0,0,0,0,0,0,0,0,0,0,0,0,0,0,0,0,0,0,0,0,0,0,0,0,0,0,0,0,0,0,0,0,0,0,0,0,0,0,0,0,0,0,0,0,0,0,0,0,0,0,0,0,0,0,0,0,0,0,0,0,0,0,0
fm_cosh,cosh,(D)D,"G,Lstar,Ole",fm_cosh#M008,431,org.pitest.mutationtest.engine.gregor.mutators.InvertNegsMutator,InvertNegsMutator,SURVIVED,D1,1,0,0,0,0,0,0,0,0,0,0,0,0,0,0,0,0,0,0,0,0,0,0,0,0,0,0,0,0,0,0,0,0,0,0,0,0,0,0,0,0,0,0,0,0,0,0,0,0,0,0,0,0,0,0,0,0,0,0,0,0,0,0,0,0,0,0,0,0,0,0,0,0,0,0,0,0,0,0,0,0,0,0,0,0,0
fm_cosh,cosh,(D)D,"G,Lstar,Ole",fm_cosh#M009,436,org.pitest.mutationtest.engine.gregor.mutators.InvertNegsMutator,InvertNegsMutator,SURVIVED,D1,1,0,0,0,0,0,0,0,0,0,0,0,0,0,0,0,0,0,0,0,0,0,0,0,0,0,0,0,0,0,0,0,0,0,0,0,0,0,0,0,0,0,0,0,0,0,0,0,0,0,0,0,0,0,0,0,0,0,0,0,0,0,0,0,0,0,0,0,0,0,0,0,0,0,0,0,0,0,0,0,0,0,0,0,0,0
fm_cosh,cosh,(D)D,"G,Lstar,Ole",fm_cosh#M010,451,org.pitest.mutationtest.engine.gregor.mutators.InvertNegsMutator,InvertNegsMutator,SURVIVED,D1,1,0,0,0,0,0,0,0,0,0,0,0,0,0,0,0,0,0,0,0,0,0,0,0,0,0,0,0,0,0,0,0,0,0,0,0,0,0,0,0,0,0,0,0,0,0,0,0,0,0,0,0,0,0,0,0,0,0,0,0,0,0,0,0,0,0,0,0,0,0,0,0,0,0,0,0,0,0,0,0,0,0,0,0,0,0
fm_cosh,cosh,(D)D,"G,Lstar,Ole",fm_cosh#M011,455,org.pitest.mutationtest.engine.gregor.mutators.InvertNegsMutator,InvertNegsMutator,SURVIVED,D1,1,0,0,0,0,0,0,0,0,0,0,0,0,0,0,0,0,0,0,0,0,0,0,0,0,0,0,0,0,0,0,0,0,0,0,0,0,0,0,0,0,0,0,0,0,0,0,0,0,0,0,0,0,0,0,0,0,0,0,0,0,0,0,0,0,0,0,0,0,0,0,0,0,0,0,0,0,0,0,0,0,0,0,0,0,0
fm_cosh,cosh,(D)D,"G,Lstar,Ole",fm_cosh#M012,458,org.pitest.mutationtest.engine.gregor.mutators.InvertNegsMutator,InvertNegsMutator,SURVIVED,D1,1,0,0,0,0,0,0,0,0,0,0,0,0,0,0,0,0,0,0,0,0,0,0,0,0,0,0,0,0,0,0,0,0,0,0,0,0,0,0,0,0,0,0,0,0,0,0,0,0,0,0,0,0,0,0,0,0,0,0,0,0,0,0,0,0,0,0,0,0,0,0,0,0,0,0,0,0,0,0,0,0,0,0,0,0,0
fm_cosh,cosh,(D)D,"G,Lstar,Ole",fm_cosh#M013,414,org.pitest.mutationtest.engine.gregor.mutators.MathMutator,MathMutator,NO_COVERAGE,D1,0,0,0,0,0,0,0,0,0,0,0,0,0,0,0,0,0,0,0,0,0,0,0,0,0,0,0,0,0,0,0,0,0,0,0,0,0,0,0,0,0,0,0,0,0,0,0,0,0,0,0,0,0,0,0,0,0,0,0,0,0,0,0,0,0,0,0,0,0,0,0,0,0,0,0,0,0,0,0,0,0,0,0,0,0,0
fm_cosh,cosh,(D)D,"G,Lstar,Ole",fm_cosh#M014,415,org.pitest.mutationtest.engine.gregor.mutators.MathMutator,MathMutator,NO_COVERAGE,D1,0,0,0,0,0,0,0,0,0,0,0,0,0,0,0,0,0,0,0,0,0,0,0,0,0,0,0,0,0,0,0,0,0,0,0,0,0,0,0,0,0,0,0,0,0,0,0,0,0,0,0,0,0,0,0,0,0,0,0,0,0,0,0,0,0,0,0,0,0,0,0,0,0,0,0,0,0,0,0,0,0,0,0,0,0,0
fm_cosh,cosh,(D)D,"G,Lstar,Ole",fm_cosh#M015,415,org.pitest.mutationtest.engine.gregor.mutators.MathMutator,MathMutator,NO_COVERAGE,D1,0,0,0,0,0,0,0,0,0,0,0,0,0,0,0,0,0,0,0,0,0,0,0,0,0,0,0,0,0,0,0,0,0,0,0,0,0,0,0,0,0,0,0,0,0,0,0,0,0,0,0,0,0,0,0,0,0,0,0,0,0,0,0,0,0,0,0,0,0,0,0,0,0,0,0,0,0,0,0,0,0,0,0,0,0,0
fm_cosh,cosh,(D)D,"G,Lstar,Ole",fm_cosh#M016,417,org.pitest.mutationtest.engine.gregor.mutators.MathMutator,MathMutator,NO_COVERAGE,D1,0,0,0,0,0,0,0,0,0,0,0,0,0,0,0,0,0,0,0,0,0,0,0,0,0,0,0,0,0,0,0,0,0,0,0,0,0,0,0,0,0,0,0,0,0,0,0,0,0,0,0,0,0,0,0,0,0,0,0,0,0,0,0,0,0,0,0,0,0,0,0,0,0,0,0,0,0,0,0,0,0,0,0,0,0,0
fm_cosh,cosh,(D)D,"G,Lstar,Ole",fm_cosh#M017,422,org.pitest.mutationtest.engine.gregor.mutators.MathMutator,MathMutator,NO_COVERAGE,D1,0,0,0,0,0,0,0,0,0,0,0,0,0,0,0,0,0,0,0,0,0,0,0,0,0,0,0,0,0,0,0,0,0,0,0,0,0,0,0,0,0,0,0,0,0,0,0,0,0,0,0,0,0,0,0,0,0,0,0,0,0,0,0,0,0,0,0,0,0,0,0,0,0,0,0,0,0,0,0,0,0,0,0,0,0,0
fm_cosh,cosh,(D)D,"G,Lstar,Ole",fm_cosh#M018,423,org.pitest.mutationtest.engine.gregor.mutators.MathMutator,MathMutator,NO_COVERAGE,D1,0,0,0,0,0,0,0,0,0,0,0,0,0,0,0,0,0,0,0,0,0,0,0,0,0,0,0,0,0,0,0,0,0,0,0,0,0,0,0,0,0,0,0,0,0,0,0,0,0,0,0,0,0,0,0,0,0,0,0,0,0,0,0,0,0,0,0,0,0,0,0,0,0,0,0,0,0,0,0,0,0,0,0,0,0,0
fm_cosh,cosh,(D)D,"G,Lstar,Ole",fm_cosh#M019,423,org.pitest.mutationtest.engine.gregor.mutators.MathMutator,MathMutator,NO_COVERAGE,D1,0,0,0,0,0,0,0,0,0,0,0,0,0,0,0,0,0,0,0,0,0,0,0,0,0,0,0,0,0,0,0,0,0,0,0,0,0,0,0,0,0,0,0,0,0,0,0,0,0,0,0,0,0,0,0,0,0,0,0,0,0,0,0,0,0,0,0,0,0,0,0,0,0,0,0,0,0,0,0,0,0,0,0,0,0,0
fm_cosh,cosh,(D)D,"G,Lstar,Ole",fm_cosh#M020,425,org.pitest.mutationtest.engine.gregor.mutators.MathMutator,MathMutator,NO_COVERAGE,D1,0,0,0,0,0,0,0,0,0,0,0,0,0,0,0,0,0,0,0,0,0,0,0,0,0,0,0,0,0,0,0,0,0,0,0,0,0,0,0,0,0,0,0,0,0,0,0,0,0,0,0,0,0,0,0,0,0,0,0,0,0,0,0,0,0,0,0,0,0,0,0,0,0,0,0,0,0,0,0,0,0,0,0,0,0,0
fm_cosh,cosh,(D)D,"G,Lstar,Ole",fm_cosh#M021,435,org.pitest.mutationtest.engine.gregor.mutators.MathMutator,MathMutator,SURVIVED,D1,1,0,0,0,0,0,0,0,0,0,0,0,0,0,0,0,0,0,0,0,0,0,0,0,0,0,0,0,0,0,0,0,0,0,0,0,0,0,0,0,0,0,0,0,0,0,0,0,0,0,0,0,0,0,0,0,0,0,0,0,0,0,0,0,0,0,0,0,0,0,0,0,0,0,0,0,0,0,0,0,0,0,0,0,0,0
fm_cosh,cosh,(D)D,"G,Lstar,Ole",fm_cosh#M022,436,org.pitest.mutationtest.engine.gregor.mutators.MathMutator,MathMutator,KILLED,D1,1,1,1,0,0,0,0,0,0,0,0,0,0,0,1,0,0,0,0,0,0,0,0,0,0,0,0,0,0,0,0,0,0,0,0,0,0,0,0,0,0,0,0,0,0,0,0,0,0,0,0,0,0,0,0,0,0,1,0,0,0,0,0,0,0,0,0,0,0,0,0,0,0,0,0,0,0,0,0,0,0,0,0,0,0,0
fm_cosh,cosh,(D)D,"G,Lstar,Ole",fm_cosh#M023,436,org.pitest.mutationtest.engine.gregor.mutators.MathMutator,MathMutator,SURVIVED,D1,1,0,0,0,0,0,0,0,0,0,0,0,0,0,0,0,0,0,0,0,0,0,0,0,0,0,0,0,0,0,0,0,0,0,0,0,0,0,0,0,0,0,0,0,0,0,0,0,0,0,0,0,0,0,0,0,0,0,0,0,0,0,0,0,0,0,0,0,0,0,0,0,0,0,0,0,0,0,0,0,0,0,0,0,0,0
fm_cosh,cosh,(D)D,"G,Lstar,Ole",fm_cosh#M024,438,org.pitest.mutationtest.engine.gregor.mutators.MathMutator,MathMutator,SURVIVED,D1,1,0,0,0,0,0,0,0,0,0,0,0,0,0,0,0,0,0,0,0,0,0,0,0,0,0,0,0,0,0,0,0,0,0,0,0,0,0,0,0,0,0,0,0,0,0,0,0,0,0,0,0,0,0,0,0,0,0,0,0,0,0,0,0,0,0,0,0,0,0,0,0,0,0,0,0,0,0,0,0,0,0,0,0,0,0
fm_cosh,cosh,(D)D,"G,Lstar,Ole",fm_cosh#M025,439,org.pitest.mutationtest.engine.gregor.mutators.MathMutator,MathMutator,SURVIVED,D1,1,0,0,0,0,0,0,0,0,0,0,0,0,0,0,0,0,0,0,0,0,0,0,0,0,0,0,0,0,0,0,0,0,0,0,0,0,0,0,0,0,0,0,0,0,0,0,0,0,0,0,0,0,0,0,0,0,0,0,0,0,0,0,0,0,0,0,0,0,0,0,0,0,0,0,0,0,0,0,0,0,0,0,0,0,0
fm_cosh,cosh,(D)D,"G,Lstar,Ole",fm_cosh#M026,439,org.pitest.mutationtest.engine.gregor.mutators.MathMutator,MathMutator,SURVIVED,D1,1,0,0,0,0,0,0,0,0,0,0,0,0,0,0,0,0,0,0,0,0,0,0,0,0,0,0,0,0,0,0,0,0,0,0,0,0,0,0,0,0,0,0,0,0,0,0,0,0,0,0,0,0,0,0,0,0,0,0,0,0,0,0,0,0,0,0,0,0,0,0,0,0,0,0,0,0,0,0,0,0,0,0,0,0,0
fm_cosh,cosh,(D)D,"G,Lstar,Ole",fm_cosh#M027,440,org.pitest.mutationtest.engine.gregor.mutators.MathMutator,MathMutator,KILLED,D1,1,1,1,0,0,0,0,0,0,0,0,0,0,0,1,0,0,0,0,0,0,0,0,0,0,0,0,0,0,0,0,0,0,0,0,0,0,0,0,0,0,0,0,0,0,0,0,0,0,0,0,0,0,0,0,0,0,1,0,0,0,0,0,0,0,0,0,0,0,0,0,0,0,0,0,0,0,0,0,0,0,0,0,0,0,1
fm_cosh,cosh,(D)D,"G,Lstar,Ole",fm_cosh#M028,443,org.pitest.mutationtest.engine.gregor.mutators.MathMutator,MathMutator,KILLED,D1,1,1,1,0,0,0,0,0,0,0,0,0,0,0,1,0,0,0,0,0,0,0,0,0,0,0,0,0,0,0,0,0,0,0,0,0,0,0,0,0,0,0,0,0,0,0,0,0,0,0,0,0,0,0,0,0,0,1,0,0,0,0,0,0,0,0,0,0,0,0,0,0,0,0,0,0,0,0,0,0,0,0,0,0,0,0
fm_cosh,cosh,(D)D,"G,Lstar,Ole",fm_cosh#M029,444,org.pitest.mutationtest.engine.gregor.mutators.MathMutator,MathMutator,SURVIVED,D1,1,0,0,0,0,0,0,0,0,0,0,0,0,0,0,0,0,0,0,0,0,0,0,0,0,0,0,0,0,0,0,0,0,0,0,0,0,0,0,0,0,0,0,0,0,0,0,0,0,0,0,0,0,0,0,0,0,0,0,0,0,0,0,0,0,0,0,0,0,0,0,0,0,0,0,0,0,0,0,0,0,0,0,0,0,0
fm_cosh,cosh,(D)D,"G,Lstar,Ole",fm_cosh#M030,445,org.pitest.mutationtest.engine.gregor.mutators.MathMutator,MathMutator,SURVIVED,D1,1,0,0,0,0,0,0,0,0,0,0,0,0,0,0,0,0,0,0,0,0,0,0,0,0,0,0,0,0,0,0,0,0,0,0,0,0,0,0,0,0,0,0,0,0,0,0,0,0,0,0,0,0,0,0,0,0,0,0,0,0,0,0,0,0,0,0,0,0,0,0,0,0,0,0,0,0,0,0,0,0,0,0,0,0,0
fm_cosh,cosh,(D)D,"G,Lstar,Ole",fm_cosh#M031,445,org.pitest.mutationtest.engine.gregor.mutators.MathMutator,MathMutator,SURVIVED,D1,1,0,0,0,0,0,0,0,0,0,0,0,0,0,0,0,0,0,0,0,0,0,0,0,0,0,0,0,0,0,0,0,0,0,0,0,0,0,0,0,0,0,0,0,0,0,0,0,0,0,0,0,0,0,0,0,0,0,0,0,0,0,0,0,0,0,0,0,0,0,0,0,0,0,0,0,0,0,0,0,0,0,0,0,0,0
fm_cosh,cosh,(D)D,"G,Lstar,Ole",fm_cosh#M032,446,org.pitest.mutationtest.engine.gregor.mutators.MathMutator,MathMutator,SURVIVED,D1,1,0,0,0,0,0,0,0,0,0,0,0,0,0,0,0,0,0,0,0,0,0,0,0,0,0,0,0,0,0,0,0,0,0,0,0,0,0,0,0,0,0,0,0,0,0,0,0,0,0,0,0,0,0,0,0,0,0,0,0,0,0,0,0,0,0,0,0,0,0,0,0,0,0,0,0,0,0,0,0,0,0,0,0,0,0
fm_cosh,cosh,(D)D,"G,Lstar,Ole",fm_cosh#M033,449,org.pitest.mutationtest.engine.gregor.mutators.MathMutator,MathMutator,KILLED,D1,1,1,1,0,0,0,0,0,0,0,0,0,0,0,1,0,0,0,0,0,0,0,0,0,0,0,0,0,0,0,0,0,0,0,0,0,0,0,0,0,0,0,0,0,0,0,0,0,0,0,0,0,0,0,0,0,0,1,0,0,0,0,0,0,0,0,0,0,0,0,0,0,0,0,0,0,0,0,0,0,0,0,0,0,0,0
fm_cosh,cosh,(D)D,"G,Lstar,Ole",fm_cosh#M034,449,org.pitest.mutationtest.engine.gregor.mutators.MathMutator,MathMutator,KILLED,D1,1,1,0,0,0,0,0,0,0,0,0,0,0,0,0,0,0,0,0,0,0,0,0,0,0,0,0,0,0,0,0,0,0,0,0,0,0,0,0,0,0,0,0,0,0,0,0,0,0,0,0,0,0,0,0,0,0,0,0,0,0,0,0,0,0,0,0,0,0,0,0,0,0,0,0,0,0,0,0,0,0,0,0,0,0,1
fm_cosh,cosh,(D)D,"G,Lstar,Ole",fm_cosh#M035,449,org.pitest.mutationtest.engine.gregor.mutators.MathMutator,MathMutator,KILLED,D1,1,1,1,0,0,0,0,0,0,0,0,0,0,0,1,0,0,0,0,0,0,0,0,0,0,0,0,0,0,0,0,0,0,0,0,0,0,0,0,0,0,0,0,0,0,0,0,0,0,0,0,0,0,0,0,0,0,1,0,0,0,0,0,0,0,0,0,0,0,0,0,0,0,0,0,0,0,0,0,0,0,0,0,0,0,1
fm_cosh,cosh,(D)D,"G,Lstar,Ole",fm_cosh#M036,449,org.pitest.mutationtest.engine.gregor.mutators.MathMutator,MathMutator,SURVIVED,D1,1,0,0,0,0,0,0,0,0,0,0,0,0,0,0,0,0,0,0,0,0,0,0,0,0,0,0,0,0,0,0,0,0,0,0,0,0,0,0,0,0,0,0,0,0,0,0,0,0,0,0,0,0,0,0,0,0,0,0,0,0,0,0,0,0,0,0,0,0,0,0,0,0,0,0,0,0,0,0,0,0,0,0,0,0,0
fm_cosh,cosh,(D)D,"G,Lstar,Ole",fm_cosh#M037,449,org.pitest.mutationtest.engine.gregor.mutators.MathMutator,MathMutator,SURVIVED,D1,1,0,0,0,0,0,0,0,0,0,0,0,0,0,0,0,0,0,0,0,0,0,0,0,0,0,0,0,0,0,0,0,0,0,0,0,0,0,0,0,0,0,0,0,0,0,0,0,0,0,0,0,0,0,0,0,0,0,0,0,0,0,0,0,0,0,0,0,0,0,0,0,0,0,0,0,0,0,0,0,0,0,0,0,0,0
fm_cosh,cosh,(D)D,"G,Lstar,Ole",fm_cosh#M038,449,org.pitest.mutationtest.engine.gregor.mutators.MathMutator,MathMutator,SURVIVED,D1,1,0,0,0,0,0,0,0,0,0,0,0,0,0,0,0,0,0,0,0,0,0,0,0,0,0,0,0,0,0,0,0,0,0,0,0,0,0,0,0,0,0,0,0,0,0,0,0,0,0,0,0,0,0,0,0,0,0,0,0,0,0,0,0,0,0,0,0,0,0,0,0,0,0,0,0,0,0,0,0,0,0,0,0,0,0
fm_cosh,cosh,(D)D,"G,Lstar,Ole",fm_cosh#M039,449,org.pitest.mutationtest.engine.gregor.mutators.MathMutator,MathMutator,KILLED,D1,1,1,1,0,0,0,0,0,0,0,0,0,0,0,1,0,0,0,0,0,0,0,0,0,0,0,0,0,0,0,0,0,0,0,0,0,0,0,0,0,0,0,0,0,0,0,0,0,0,0,0,0,0,0,0,0,0,1,0,0,0,0,0,0,0,0,0,0,0,0,0,0,0,0,0,0,0,0,0,0,0,0,0,0,0,1
fm_cosh,cosh,(D)D,"G,Lstar,Ole",fm_cosh#M040,449,org.pitest.mutationtest.engine.gregor.mutators.MathMutator,MathMutator,SURVIVED,D1,1,0,0,0,0,0,0,0,0,0,0,0,0,0,0,0,0,0,0,0,0,0,0,0,0,0,0,0,0,0,0,0,0,0,0,0,0,0,0,0,0,0,0,0,0,0,0,0,0,0,0,0,0,0,0,0,0,0,0,0,0,0,0,0,0,0,0,0,0,0,0,0,0,0,0,0,0,0,0,0,0,0,0,0,0,0
fm_cosh,cosh,(D)D,"G,Lstar,Ole",fm_cosh#M041,449,org.pitest.mutationtest.engine.gregor.mutators.MathMutator,MathMutator,SURVIVED,D1,1,0,0,0,0,0,0,0,0,0,0,0,0,0,0,0,0,0,0,0,0,0,0,0,0,0,0,0,0,0,0,0,0,0,0,0,0,0,0,0,0,0,0,0,0,0,0,0,0,0,0,0,0,0,0,0,0,0,0,0,0,0,0,0,0,0,0,0,0,0,0,0,0,0,0,0,0,0,0,0,0,0,0,0,0,0
fm_cosh,cosh,(D)D,"G,Lstar,Ole",fm_cosh#M042,449,org.pitest.mutationtest.engine.gregor.mutators.MathMutator,MathMutator,SURVIVED,D1,1,0,0,0,0,0,0,0,0,0,0,0,0,0,0,0,0,0,0,0,0,0,0,0,0,0,0,0,0,0,0,0,0,0,0,0,0,0,0,0,0,0,0,0,0,0,0,0,0,0,0,0,0,0,0,0,0,0,0,0,0,0,0,0,0,0,0,0,0,0,0,0,0,0,0,0,0,0,0,0,0,0,0,0,0,0
fm_cosh,cosh,(D)D,"G,Lstar,Ole",fm_cosh#M043,451,org.pitest.mutationtest.engine.gregor.mutators.MathMutator,MathMutator,SURVIVED,D1,1,0,0,0,0,0,0,0,0,0,0,0,0,0,0,0,0,0,0,0,0,0,0,0,0,0,0,0,0,0,0,0,0,0,0,0,0,0,0,0,0,0,0,0,0,0,0,0,0,0,0,0,0,0,0,0,0,0,0,0,0,0,0,0,0,0,0,0,0,0,0,0,0,0,0,0,0,0,0,0,0,0,0,0,0,0
fm_cosh,cosh,(D)D,"G,Lstar,Ole",fm_cosh#M044,451,org.pitest.mutationtest.engine.gregor.mutators.MathMutator,MathMutator,SURVIVED,D1,1,0,0,0,0,0,0,0,0,0,0,0,0,0,0,0,0,0,0,0,0,0,0,0,0,0,0,0,0,0,0,0,0,0,0,0,0,0,0,0,0,0,0,0,0,0,0,0,0,0,0,0,0,0,0,0,0,0,0,0,0,0,0,0,0,0,0,0,0,0,0,0,0,0,0,0,0,0,0,0,0,0,0,0,0,0
fm_cosh,cosh,(D)D,"G,Lstar,Ole",fm_cosh#M045,451,org.pitest.mutationtest.engine.gregor.mutators.MathMutator,MathMutator,SURVIVED,D1,1,0,0,0,0,0,0,0,0,0,0,0,0,0,0,0,0,0,0,0,0,0,0,0,0,0,0,0,0,0,0,0,0,0,0,0,0,0,0,0,0,0,0,0,0,0,0,0,0,0,0,0,0,0,0,0,0,0,0,0,0,0,0,0,0,0,0,0,0,0,0,0,0,0,0,0,0,0,0,0,0,0,0,0,0,0
fm_cosh,cosh,(D)D,"G,Lstar,Ole",fm_cosh#M046,454,org.pitest.mutationtest.engine.gregor.mutators.MathMutator,MathMutator,SURVIVED,D1,1,0,0,0,0,0,0,0,0,0,0,0,0,0,0,0,0,0,0,0,0,0,0,0,0,0,0,0,0,0,0,0,0,0,0,0,0,0,0,0,0,0,0,0,0,0,0,0,0,0,0,0,0,0,0,0,0,0,0,0,0,0,0,0,0,0,0,0,0,0,0,0,0,0,0,0,0,0,0,0,0,0,0,0,0,0
fm_cosh,cosh,(D)D,"G,Lstar,Ole",fm_cosh#M047,455,org.pitest.mutationtest.engine.gregor.mutators.MathMutator,MathMutator,KILLED,D1,1,1,1,0,0,0,0,0,0,0,0,0,0,0,1,0,0,0,0,0,0,0,0,0,0,0,0,0,0,0,0,0,0,0,0,0,0,0,0,0,0,0,0,0,0,0,0,0,0,0,0,0,0,0,0,0,0,1,0,0,0,0,0,0,0,0,0,0,0,0,0,0,0,0,0,0,0,0,0,0,0,0,0,0,0,1
fm_cosh,cosh,(D)D,"G,Lstar,Ole",fm_cosh#M048,455,org.pitest.mutationtest.engine.gregor.mutators.MathMutator,MathMutator,KILLED,D1,1,1,1,0,0,0,0,0,0,0,0,0,0,0,1,0,0,0,0,0,0,0,0,0,0,0,0,0,0,0,0,0,0,0,0,0,0,0,0,0,0,0,0,0,0,0,0,0,0,0,0,0,0,0,0,0,0,1,0,0,0,0,0,0,0,0,0,0,0,0,0,0,0,0,0,0,0,0,0,0,0,0,0,0,0,1
fm_cosh,cosh,(D)D,"G,Lstar,Ole",fm_cosh#M049,455,org.pitest.mutationtest.engine.gregor.mutators.MathMutator,MathMutator,SURVIVED,D1,1,0,0,0,0,0,0,0,0,0,0,0,0,0,0,0,0,0,0,0,0,0,0,0,0,0,0,0,0,0,0,0,0,0,0,0,0,0,0,0,0,0,0,0,0,0,0,0,0,0,0,0,0,0,0,0,0,0,0,0,0,0,0,0,0,0,0,0,0,0,0,0,0,0,0,0,0,0,0,0,0,0,0,0,0,0
fm_cosh,cosh,(D)D,"G,Lstar,Ole",fm_cosh#M050,457,org.pitest.mutationtest.engine.gregor.mutators.MathMutator,MathMutator,SURVIVED,D1,1,0,0,0,0,0,0,0,0,0,0,0,0,0,0,0,0,0,0,0,0,0,0,0,0,0,0,0,0,0,0,0,0,0,0,0,0,0,0,0,0,0,0,0,0,0,0,0,0,0,0,0,0,0,0,0,0,0,0,0,0,0,0,0,0,0,0,0,0,0,0,0,0,0,0,0,0,0,0,0,0,0,0,0,0,0
fm_cosh,cosh,(D)D,"G,Lstar,Ole",fm_cosh#M051,458,org.pitest.mutationtest.engine.gregor.mutators.MathMutator,MathMutator,KILLED,D1,1,1,1,0,0,0,0,0,0,0,0,0,0,0,1,0,0,0,0,0,0,0,0,0,0,0,0,0,0,0,0,0,0,0,0,0,0,0,0,0,0,0,0,0,0,0,0,0,0,0,0,0,0,0,0,0,0,1,0,0,0,0,0,0,0,0,0,0,0,0,0,0,0,0,0,0,0,0,0,0,0,0,0,0,0,1
fm_cosh,cosh,(D)D,"G,Lstar,Ole",fm_cosh#M052,458,org.pitest.mutationtest.engine.gregor.mutators.MathMutator,MathMutator,SURVIVED,D1,1,0,0,0,0,0,0,0,0,0,0,0,0,0,0,0,0,0,0,0,0,0,0,0,0,0,0,0,0,0,0,0,0,0,0,0,0,0,0,0,0,0,0,0,0,0,0,0,0,0,0,0,0,0,0,0,0,0,0,0,0,0,0,0,0,0,0,0,0,0,0,0,0,0,0,0,0,0,0,0,0,0,0,0,0,0
fm_cosh,cosh,(D)D,"G,Lstar,Ole",fm_cosh#M053,458,org.pitest.mutationtest.engine.gregor.mutators.MathMutator,MathMutator,SURVIVED,D1,1,0,0,0,0,0,0,0,0,0,0,0,0,0,0,0,0,0,0,0,0,0,0,0,0,0,0,0,0,0,0,0,0,0,0,0,0,0,0,0,0,0,0,0,0,0,0,0,0,0,0,0,0,0,0,0,0,0,0,0,0,0,0,0,0,0,0,0,0,0,0,0,0,0,0,0,0,0,0,0,0,0,0,0,0,0
fm_cosh,cosh,(D)D,"G,Lstar,Ole",fm_cosh#M054,461,org.pitest.mutationtest.engine.gregor.mutators.MathMutator,MathMutator,SURVIVED,D1,1,0,0,0,0,0,0,0,0,0,0,0,0,0,0,0,0,0,0,0,0,0,0,0,0,0,0,0,0,0,0,0,0,0,0,0,0,0,0,0,0,0,0,0,0,0,0,0,0,0,0,0,0,0,0,0,0,0,0,0,0,0,0,0,0,0,0,0,0,0,0,0,0,0,0,0,0,0,0,0,0,0,0,0,0,0
fm_cosh,cosh,(D)D,"G,Lstar,Ole",fm_cosh#M055,462,org.pitest.mutationtest.engine.gregor.mutators.MathMutator,MathMutator,KILLED,D1,1,1,0,0,0,0,0,0,0,0,0,0,0,0,0,0,0,0,0,0,0,0,0,0,0,0,0,0,0,0,0,0,0,0,0,0,0,0,0,0,0,0,0,0,0,0,0,0,0,0,0,0,0,0,0,0,0,0,0,0,0,0,0,0,0,0,0,0,0,0,0,0,0,0,0,0,0,0,0,0,0,0,0,0,0,1
fm_cosh,cosh,(D)D,"G,Lstar,Ole",fm_cosh#M056,402,org.pitest.mutationtest.engine.gregor.mutators.RemoveConditionalMutator_EQUAL_ELSE,RemoveConditionalMutator_EQUAL_ELSE,SURVIVED,D1,1,0,0,0,0,0,0,0,0,0,0,0,0,0,0,0,0,0,0,0,0,0,0,0,0,0,0,0,0,0,0,0,0,0,0,0,0,0,0,0,0,0,0,0,0,0,0,0,0,0,0,0,0,0,0,0,0,0,0,0,0,0,0,0,0,0,0,0,0,0,0,0,0,0,0,0,0,0,0,0,0,0,0,0,0,0
fm_cosh,cosh,(D)D,"G,Lstar,Ole",fm_cosh#M057,411,org.pitest.mutationtest.engine.gregor.mutators.RemoveConditionalMutator_ORDER_ELSE,RemoveConditionalMutator_ORDER_ELSE,SURVIVED,D1,1,0,0,0,0,0,0,0,0,0,0,0,0,0,0,0,0,0,0,0,0,0,0,0,0,0,0,0,0,0,0,0,0,0,0,0,0,0,0,0,0,0,0,0,0,0,0,0,0,0,0,0,0,0,0,0,0,0,0,0,0,0,0,0,0,0,0,0,0,0,0,0,0,0,0,0,0,0,0,0,0,0,0,0,0,0
fm_cosh,cosh,(D)D,"G,Lstar,Ole",fm_cosh#M058,412,org.pitest.mutationtest.engine.gregor.mutators.RemoveConditionalMutator_ORDER_ELSE,RemoveConditionalMutator_ORDER_ELSE,NO_COVERAGE,D1,0,0,0,0,0,0,0,0,0,0,0,0,0,0,0,0,0,0,0,0,0,0,0,0,0,0,0,0,0,0,0,0,0,0,0,0,0,0,0,0,0,0,0,0,0,0,0,0,0,0,0,0,0,0,0,0,0,0,0,0,0,0,0,0,0,0,0,0,0,0,0,0,0,0,0,0,0,0,0,0,0,0,0,0,0,0
fm_cosh,cosh,(D)D,"G,Lstar,Ole",fm_cosh#M059,419,org.pitest.mutationtest.engine.gregor.mutators.RemoveConditionalMutator_ORDER_ELSE,RemoveConditionalMutator_ORDER_ELSE,SURVIVED,D1,1,0,0,0,0,0,0,0,0,0,0,0,0,0,0,0,0,0,0,0,0,0,0,0,0,0,0,0,0,0,0,0,0,0,0,0,0,0,0,0,0,0,0,0,0,0,0,0,0,0,0,0,0,0,0,0,0,0,0,0,0,0,0,0,0,0,0,0,0,0,0,0,0,0,0,0,0,0,0,0,0,0,0,0,0,0
fm_cosh,cosh,(D)D,"G,Lstar,Ole",fm_cosh#M060,420,org.pitest.mutationtest.engine.gregor.mutators.RemoveConditionalMutator_ORDER_ELSE,RemoveConditionalMutator_ORDER_ELSE,NO_COVERAGE,D1,0,0,0,0,0,0,0,0,0,0,0,0,0,0,0,0,0,0,0,0,0,0,0,0,0,0,0,0,0,0,0,0,0,0,0,0,0,0,0,0,0,0,0,0,0,0,0,0,0,0,0,0,0,0,0,0,0,0,0,0,0,0,0,0,0,0,0,0,0,0,0,0,0,0,0,0,0,0,0,0,0,0,0,0,0,0
fm_cosh,cosh,(D)D,"G,Lstar,Ole",fm_cosh#M061,430,org.pitest.mutationtest.engine.gregor.mutators.RemoveConditionalMutator_ORDER_ELSE,RemoveConditionalMutator_ORDER_ELSE,SURVIVED,D1,1,0,0,0,0,0,0,0,0,0,0,0,0,0,0,0,0,0,0,0,0,0,0,0,0,0,0,0,0,0,0,0,0,0,0,0,0,0,0,0,0,0,0,0,0,0,0,0,0,0,0,0,0,0,0,0,0,0,0,0,0,0,0,0,0,0,0,0,0,0,0,0,0,0,0,0,0,0,0,0,0,0,0,0,0,0
fm_cosh,cosh,(D)D,"G,Lstar,Ole",fm_cosh#M062,403,org.pitest.mutationtest.engine.gregor.mutators.returns.PrimitiveReturnsMutator,PrimitiveReturnsMutator,NO_COVERAGE,D2,0,0,0,0,0,0,0,0,0,0,0,0,0,0,0,0,0,0,0,0,0,0,0,0,0,0,0,0,0,0,0,0,0,0,0,0,0,0,0,0,0,0,0,0,0,0,0,0,0,0,0,0,0,0,0,0,0,0,0,0,0,0,0,0,0,0,0,0,0,0,0,0,0,0,0,0,0,0,0,0,0,0,0,0,0,0
fm_cosh,cosh,(D)D,"G,Lstar,Ole",fm_cosh#M063,415,org.pitest.mutationtest.engine.gregor.mutators.returns.PrimitiveReturnsMutator,PrimitiveReturnsMutator,NO_COVERAGE,D2,0,0,0,0,0,0,0,0,0,0,0,0,0,0,0,0,0,0,0,0,0,0,0,0,0,0,0,0,0,0,0,0,0,0,0,0,0,0,0,0,0,0,0,0,0,0,0,0,0,0,0,0,0,0,0,0,0,0,0,0,0,0,0,0,0,0,0,0,0,0,0,0,0,0,0,0,0,0,0,0,0,0,0,0,0,0
fm_cosh,cosh,(D)D,"G,Lstar,Ole",fm_cosh#M064,417,org.pitest.mutationtest.engine.gregor.mutators.returns.PrimitiveReturnsMutator,PrimitiveReturnsMutator,NO_COVERAGE,D2,0,0,0,0,0,0,0,0,0,0,0,0,0,0,0,0,0,0,0,0,0,0,0,0,0,0,0,0,0,0,0,0,0,0,0,0,0,0,0,0,0,0,0,0,0,0,0,0,0,0,0,0,0,0,0,0,0,0,0,0,0,0,0,0,0,0,0,0,0,0,0,0,0,0,0,0,0,0,0,0,0,0,0,0,0,0
fm_cosh,cosh,(D)D,"G,Lstar,Ole",fm_cosh#M065,423,org.pitest.mutationtest.engine.gregor.mutators.returns.PrimitiveReturnsMutator,PrimitiveReturnsMutator,NO_COVERAGE,D2,0,0,0,0,0,0,0,0,0,0,0,0,0,0,0,0,0,0,0,0,0,0,0,0,0,0,0,0,0,0,0,0,0,0,0,0,0,0,0,0,0,0,0,0,0,0,0,0,0,0,0,0,0,0,0,0,0,0,0,0,0,0,0,0,0,0,0,0,0,0,0,0,0,0,0,0,0,0,0,0,0,0,0,0,0,0
fm_cosh,cosh,(D)D,"G,Lstar,Ole",fm_cosh#M066,425,org.pitest.mutationtest.engine.gregor.mutators.returns.PrimitiveReturnsMutator,PrimitiveReturnsMutator,NO_COVERAGE,D2,0,0,0,0,0,0,0,0,0,0,0,0,0,0,0,0,0,0,0,0,0,0,0,0,0,0,0,0,0,0,0,0,0,0,0,0,0,0,0,0,0,0,0,0,0,0,0,0,0,0,0,0,0,0,0,0,0,0,0,0,0,0,0,0,0,0,0,0,0,0,0,0,0,0,0,0,0,0,0,0,0,0,0,0,0,0
fm_cosh,cosh,(D)D,"G,Lstar,Ole",fm_cosh#M067,463,org.pitest.mutationtest.engine.gregor.mutators.returns.PrimitiveReturnsMutator,PrimitiveReturnsMutator,KILLED,D2,1,1,1,0,0,0,0,0,0,0,0,0,0,0,1,0,0,0,0,0,0,0,0,0,0,0,0,0,0,0,0,0,0,0,0,0,0,0,0,0,0,0,0,0,0,0,0,0,0,0,0,0,0,0,0,0,0,1,0,0,0,0,0,0,0,0,0,0,0,0,0,0,0,0,0,0,0,0,0,0,0,0,0,0,0,1
fm_tanh,tanh,(D)D,"G,Lstar,Ole",fm_tanh#M001,608,org.pitest.mutationtest.engine.gregor.mutators.ConditionalsBoundaryMutator,ConditionalsBoundaryMutator,SURVIVED,D1,1,0,0,0,0,0,0,0,0,0,0,0,0,0,0,0,0,0,0,0,0,0,0,0,0,0,0,0,0,0,0,0,0,0,0,0,0,0,0,0,0,0,0,0,0,0,0,0,0,0,0,0,0,0,0,0,0,0,0,0,0,0,0,0,0,0,0,0,0,0,0,0,0,0,0,0,0,0,0,0,0,0,0,0,0,0
fm_tanh,tanh,(D)D,"G,Lstar,Ole",fm_tanh#M002,612,org.pitest.mutationtest.engine.gregor.mutators.ConditionalsBoundaryMutator,ConditionalsBoundaryMutator,SURVIVED,D1,1,0,0,0,0,0,0,0,0,0,0,0,0,0,0,0,0,0,0,0,0,0,0,0,0,0,0,0,0,0,0,0,0,0,0,0,0,0,0,0,0,0,0,0,0,0,0,0,0,0,0,0,0,0,0,0,0,0,0,0,0,0,0,0,0,0,0,0,0,0,0,0,0,0,0,0,0,0,0,0,0,0,0,0,0,0
fm_tanh,tanh,(D)D,"G,Lstar,Ole",fm_tanh#M003,620,org.pitest.mutationtest.engine.gregor.mutators.ConditionalsBoundaryMutator,ConditionalsBoundaryMutator,SURVIVED,D1,1,0,0,0,0,0,0,0,0,0,0,0,0,0,0,0,0,0,0,0,0,0,0,0,0,0,0,0,0,0,0,0,0,0,0,0,0,0,0,0,0,0,0,0,0,0,0,0,0,0,0,0,0,0,0,0,0,0,0,0,0,0,0,0,0,0,0,0,0,0,0,0,0,0,0,0,0,0,0,0,0,0,0,0,0,0
fm_tanh,tanh,(D)D,"G,Lstar,Ole",fm_tanh#M004,626,org.pitest.mutationtest.engine.gregor.mutators.ConditionalsBoundaryMutator,ConditionalsBoundaryMutator,KILLED,D1,1,1,0,0,0,0,0,0,0,0,0,0,0,0,0,0,0,0,0,0,0,0,0,0,0,0,0,0,0,0,0,0,0,0,0,0,0,0,0,0,0,0,0,0,0,0,0,0,0,0,0,0,0,0,0,0,0,0,0,1,0,0,0,0,0,0,0,0,0,0,0,0,0,0,0,0,0,0,0,0,0,0,0,0,0,0
fm_tanh,tanh,(D)D,"G,Lstar,Ole",fm_tanh#M005,621,org.pitest.mutationtest.engine.gregor.mutators.InvertNegsMutator,InvertNegsMutator,KILLED,D1,1,1,0,1,0,0,0,0,0,0,0,0,0,0,0,0,0,0,0,0,0,0,0,0,0,0,0,0,1,0,0,0,0,0,0,0,0,0,0,0,0,0,0,0,0,0,0,0,0,0,0,0,0,0,0,0,0,0,0,1,0,0,0,1,0,0,0,0,0,0,0,0,0,0,0,0,0,0,0,0,0,0,0,0,0,0
fm_tanh,tanh,(D)D,"G,Lstar,Ole",fm_tanh#M006,632,org.pitest.mutationtest.engine.gregor.mutators.InvertNegsMutator,InvertNegsMutator,SURVIVED,D1,1,0,0,0,0,0,0,0,0,0,0,0,0,0,0,0,0,0,0,0,0,0,0,0,0,0,0,0,0,0,0,0,0,0,0,0,0,0,0,0,0,0,0,0,0,0,0,0,0,0,0,0,0,0,0,0,0,0,0,0,0,0,0,0,0,0,0,0,0,0,0,0,0,0,0,0,0,0,0,0,0,0,0,0,0,0
fm_tanh,tanh,(D)D,"G,Lstar,Ole",fm_tanh#M007,636,org.pitest.mutationtest.engine.gregor.mutators.InvertNegsMutator,InvertNegsMutator,SURVIVED,D1,1,0,0,0,0,0,0,0,0,0,0,0,0,0,0,0,0,0,0,0,0,0,0,0,0,0,0,0,0,0,0,0,0,0,0,0,0,0,0,0,0,0,0,0,0,0,0,0,0,0,0,0,0,0,0,0,0,0,0,0,0,0,0,0,0,0,0,0,0,0,0,0,0,0,0,0,0,0,0,0,0,0,0,0,0,0
fm_tanh,tanh,(D)D,"G,Lstar,Ole",fm_tanh#M008,638,org.pitest.mutationtest.engine.gregor.mutators.InvertNegsMutator,InvertNegsMutator,SURVIVED,D1,1,0,0,0,0,0,0,0,0,0,0,0,0,0,0,0,0,0,0,0,0,0,0,0,0,0,0,0,0,0,0,0,0,0,0,0,0,0,0,0,0,0,0,0,0,0,0,0,0,0,0,0,0,0,0,0,0,0,0,0,0,0,0,0,0,0,0,0,0,0,0,0,0,0,0,0,0,0,0,0,0,0,0,0,0,0
fm_tanh,tanh,(D)D,"G,Lstar,Ole",fm_tanh#M009,643,org.pitest.mutationtest.engine.gregor.mutators.InvertNegsMutator,InvertNegsMutator,SURVIVED,D1,1,0,0,0,0,0,0,0,0,0,0,0,0,0,0,0,0,0,0,0,0,0,0,0,0,0,0,0,0,0,0,0,0,0,0,0,0,0,0,0,0,0,0,0,0,0,0,0,0,0,0,0,0,0,0,0,0,0,0,0,0,0,0,0,0,0,0,0,0,0,0,0,0,0,0,0,0,0,0,0,0,0,0,0,0,0
fm_tanh,tanh,(D)D,"G,Lstar,Ole",fm_tanh#M010,645,org.pitest.mutationtest.engine.gregor.mutators.InvertNegsMutator,InvertNegsMutator,SURVIVED,D1,1,0,0,0,0,0,0,0,0,0,0,0,0,0,0,0,0,0,0,0,0,0,0,0,0,0,0,0,0,0,0,0,0,0,0,0,0,0,0,0,0,0,0,0,0,0,0,0,0,0,0,0,0,0,0,0,0,0,0,0,0,0,0,0,0,0,0,0,0,0,0,0,0,0,0,0,0,0,0,0,0,0,0,0,0,0
fm_tanh,tanh,(D)D,"G,Lstar,Ole",fm_tanh#M011,664,org.pitest.mutationtest.engine.gregor.mutators.InvertNegsMutator,InvertNegsMutator,SURVIVED,D1,1,0,0,0,0,0,0,0,0,0,0,0,0,0,0,0,0,0,0,0,0,0,0,0,0,0,0,0,0,0,0,0,0,0,0,0,0,0,0,0,0,0,0,0,0,0,0,0,0,0,0,0,0,0,0,0,0,0,0,0,0,0,0,0,0,0,0,0,0,0,0,0,0,0,0,0,0,0,0,0,0,0,0,0,0,0
fm_tanh,tanh,(D)D,"G,Lstar,Ole",fm_tanh#M012,674,org.pitest.mutationtest.engine.gregor.mutators.InvertNegsMutator,InvertNegsMutator,SURVIVED,D1,1,0,0,0,0,0,0,0,0,0,0,0,0,0,0,0,0,0,0,0,0,0,0,0,0,0,0,0,0,0,0,0,0,0,0,0,0,0,0,0,0,0,0,0,0,0,0,0,0,0,0,0,0,0,0,0,0,0,0,0,0,0,0,0,0,0,0,0,0,0,0,0,0,0,0,0,0,0,0,0,0,0,0,0,0,0
fm_tanh,tanh,(D)D,"G,Lstar,Ole",fm_tanh#M013,682,org.pitest.mutationtest.engine.gregor.mutators.InvertNegsMutator,InvertNegsMutator,SURVIVED,D1,1,0,0,0,0,0,0,0,0,0,0,0,0,0,0,0,0,0,0,0,0,0,0,0,0,0,0,0,0,0,0,0,0,0,0,0,0,0,0,0,0,0,0,0,0,0,0,0,0,0,0,0,0,0,0,0,0,0,0,0,0,0,0,0,0,0,0,0,0,0,0,0,0,0,0,0,0,0,0,0,0,0,0,0,0,0
fm_tanh,tanh,(D)D,"G,Lstar,Ole",fm_tanh#M014,684,org.pitest.mutationtest.engine.gregor.mutators.InvertNegsMutator,InvertNegsMutator,SURVIVED,D1,1,0,0,0,0,0,0,0,0,0,0,0,0,0,0,0,0,0,0,0,0,0,0,0,0,0,0,0,0,0,0,0,0,0,0,0,0,0,0,0,0,0,0,0,0,0,0,0,0,0,0,0,0,0,0,0,0,0,0,0,0,0,0,0,0,0,0,0,0,0,0,0,0,0,0,0,0,0,0,0,0,0,0,0,0,0
fm_tanh,tanh,(D)D,"G,Lstar,Ole",fm_tanh#M015,703,org.pitest.mutationtest.engine.gregor.mutators.InvertNegsMutator,InvertNegsMutator,SURVIVED,D1,1,0,0,0,0,0,0,0,0,0,0,0,0,0,0,0,0,0,0,0,0,0,0,0,0,0,0,0,0,0,0,0,0,0,0,0,0,0,0,0,0,0,0,0,0,0,0,0,0,0,0,0,0,0,0,0,0,0,0,0,0,0,0,0,0,0,0,0,0,0,0,0,0,0,0,0,0,0,0,0,0,0,0,0,0,0
fm_tanh,tanh,(D)D,"G,Lstar,Ole",fm_tanh#M016,709,org.pitest.mutationtest.engine.gregor.mutators.InvertNegsMutator,InvertNegsMutator,KILLED,D1,1,1,0,1,0,0,0,0,0,0,0,0,0,0,0,0,0,0,0,0,0,0,0,0,0,0,0,0,1,0,0,0,0,0,0,0,0,0,0,0,0,0,0,0,0,0,0,0,0,0,0,0,0,0,0,0,0,0,0,1,0,0,0,1,0,0,0,0,0,0,0,0,0,0,0,0,0,0,0,0,0,0,0,0,0,0
fm_tanh,tanh,(D)D,"G,Lstar,Ole",fm_tanh#M017,629,org.pitest.mutationtest.engine.gregor.mutators.MathMutator,MathMutator,KILLED,D1,1,1,0,0,0,0,0,0,0,0,0,0,0,0,0,0,0,0,0,0,0,0,0,0,0,0,0,0,0,0,0,0,0,0,0,0,0,0,0,0,0,0,0,0,0,0,0,0,0,0,0,0,0,0,0,0,0,0,0,1,0,0,0,0,0,0,0,0,0,0,0,0,0,0,0,0,0,0,0,0,0,0,0,0,0,0
fm_tanh,tanh,(D)D,"G,Lstar,Ole",fm_tanh#M018,631,org.pitest.mutationtest.engine.gregor.mutators.MathMutator,MathMutator,SURVIVED,D1,1,0,0,0,0,0,0,0,0,0,0,0,0,0,0,0,0,0,0,0,0,0,0,0,0,0,0,0,0,0,0,0,0,0,0,0,0,0,0,0,0,0,0,0,0,0,0,0,0,0,0,0,0,0,0,0,0,0,0,0,0,0,0,0,0,0,0,0,0,0,0,0,0,0,0,0,0,0,0,0,0,0,0,0,0,0
fm_tanh,tanh,(D)D,"G,Lstar,Ole",fm_tanh#M019,632,org.pitest.mutationtest.engine.gregor.mutators.MathMutator,MathMutator,KILLED,D1,1,1,1,0,0,0,1,0,0,0,0,0,0,0,0,0,0,0,0,0,0,0,0,0,0,0,0,0,0,0,0,0,0,0,0,0,1,0,0,0,0,0,0,0,0,0,0,0,0,0,0,0,0,0,0,0,0,0,0,1,0,0,0,0,0,0,0,0,0,0,0,0,0,0,0,0,0,0,0,0,0,0,0,0,0,0
fm_tanh,tanh,(D)D,"G,Lstar,Ole",fm_tanh#M020,632,org.pitest.mutationtest.engine.gregor.mutators.MathMutator,MathMutator,SURVIVED,D1,1,0,0,0,0,0,0,0,0,0,0,0,0,0,0,0,0,0,0,0,0,0,0,0,0,0,0,0,0,0,0,0,0,0,0,0,0,0,0,0,0,0,0,0,0,0,0,0,0,0,0,0,0,0,0,0,0,0,0,0,0,0,0,0,0,0,0,0,0,0,0,0,0,0,0,0,0,0,0,0,0,0,0,0,0,0
fm_tanh,tanh,(D)D,"G,Lstar,Ole",fm_tanh#M021,635,org.pitest.mutationtest.engine.gregor.mutators.MathMutator,MathMutator,SURVIVED,D1,1,0,0,0,0,0,0,0,0,0,0,0,0,0,0,0,0,0,0,0,0,0,0,0,0,0,0,0,0,0,0,0,0,0,0,0,0,0,0,0,0,0,0,0,0,0,0,0,0,0,0,0,0,0,0,0,0,0,0,0,0,0,0,0,0,0,0,0,0,0,0,0,0,0,0,0,0,0,0,0,0,0,0,0,0,0
fm_tanh,tanh,(D)D,"G,Lstar,Ole",fm_tanh#M022,636,org.pitest.mutationtest.engine.gregor.mutators.MathMutator,MathMutator,SURVIVED,D1,1,0,0,0,0,0,0,0,0,0,0,0,0,0,0,0,0,0,0,0,0,0,0,0,0,0,0,0,0,0,0,0,0,0,0,0,0,0,0,0,0,0,0,0,0,0,0,0,0,0,0,0,0,0,0,0,0,0,0,0,0,0,0,0,0,0,0,0,0,0,0,0,0,0,0,0,0,0,0,0,0,0,0,0,0,0
fm_tanh,tanh,(D)D,"G,Lstar,Ole",fm_tanh#M023,636,org.pitest.mutationtest.engine.gregor.mutators.MathMutator,MathMutator,KILLED,D1,1,1,0,0,0,0,0,0,0,0,0,0,0,0,0,0,0,0,0,0,0,0,0,0,0,0,0,0,0,0,0,0,0,0,0,0,0,0,0,0,0,0,0,0,0,0,0,0,0,0,0,0,0,0,0,0,0,0,0,1,0,0,0,0,0,0,0,0,0,0,0,0,0,0,0,0,0,0,0,0,0,0,0,0,0,0
fm_tanh,tanh,(D)D,"G,Lstar,Ole",fm_tanh#M024,637,org.pitest.mutationtest.engine.gregor.mutators.MathMutator,MathMutator,SURVIVED,D1,1,0,0,0,0,0,0,0,0,0,0,0,0,0,0,0,0,0,0,0,0,0,0,0,0,0,0,0,0,0,0,0,0,0,0,0,0,0,0,0,0,0,0,0,0,0,0,0,0,0,0,0,0,0,0,0,0,0,0,0,0,0,0,0,0,0,0,0,0,0,0,0,0,0,0,0,0,0,0,0,0,0,0,0,0,0
fm_tanh,tanh,(D)D,"G,Lstar,Ole",fm_tanh#M025,638,org.pitest.mutationtest.engine.gregor.mutators.MathMutator,MathMutator,KILLED,D1,1,1,0,0,0,0,0,0,0,0,0,0,0,0,0,0,0,0,0,0,0,0,0,0,0,0,0,0,0,0,0,0,0,0,0,0,0,0,0,0,0,0,0,0,0,0,0,0,0,0,0,0,0,0,0,0,0,0,0,1,0,0,0,0,0,0,0,0,0,0,0,0,0,0,0,0,0,0,0,0,0,0,0,0,0,0
fm_tanh,tanh,(D)D,"G,Lstar,Ole",fm_tanh#M026,638,org.pitest.mutationtest.engine.gregor.mutators.MathMutator,MathMutator,SURVIVED,D1,1,0,0,0,0,0,0,0,0,0,0,0,0,0,0,0,0,0,0,0,0,0,0,0,0,0,0,0,0,0,0,0,0,0,0,0,0,0,0,0,0,0,0,0,0,0,0,0,0,0,0,0,0,0,0,0,0,0,0,0,0,0,0,0,0,0,0,0,0,0,0,0,0,0,0,0,0,0,0,0,0,0,0,0,0,0
fm_tanh,tanh,(D)D,"G,Lstar,Ole",fm_tanh#M027,638,org.pitest.mutationtest.engine.gregor.mutators.MathMutator,MathMutator,SURVIVED,D1,1,0,0,0,0,0,0,0,0,0,0,0,0,0,0,0,0,0,0,0,0,0,0,0,0,0,0,0,0,0,0,0,0,0,0,0,0,0,0,0,0,0,0,0,0,0,0,0,0,0,0,0,0,0,0,0,0,0,0,0,0,0,0,0,0,0,0,0,0,0,0,0,0,0,0,0,0,0,0,0,0,0,0,0,0,0
fm_tanh,tanh,(D)D,"G,Lstar,Ole",fm_tanh#M028,642,org.pitest.mutationtest.engine.gregor.mutators.MathMutator,MathMutator,KILLED,D1,1,1,1,0,0,0,1,0,0,0,0,0,0,0,0,0,0,0,0,0,0,0,0,0,0,0,0,0,0,0,0,0,0,0,0,0,1,0,0,0,0,0,0,0,0,0,0,0,0,0,0,0,0,0,0,0,0,0,0,1,0,0,0,0,0,0,0,0,0,0,0,0,0,0,0,0,0,0,0,0,0,0,0,0,0,0
fm_tanh,tanh,(D)D,"G,Lstar,Ole",fm_tanh#M029,643,org.pitest.mutationtest.engine.gregor.mutators.MathMutator,MathMutator,SURVIVED,D1,1,0,0,0,0,0,0,0,0,0,0,0,0,0,0,0,0,0,0,0,0,0,0,0,0,0,0,0,0,0,0,0,0,0,0,0,0,0,0,0,0,0,0,0,0,0,0,0,0,0,0,0,0,0,0,0,0,0,0,0,0,0,0,0,0,0,0,0,0,0,0,0,0,0,0,0,0,0,0,0,0,0,0,0,0,0
fm_tanh,tanh,(D)D,"G,Lstar,Ole",fm_tanh#M030,643,org.pitest.mutationtest.engine.gregor.mutators.MathMutator,MathMutator,KILLED,D1,1,1,1,0,0,0,1,0,0,0,0,0,0,0,0,0,0,0,0,0,0,0,0,0,0,0,0,0,0,0,0,0,0,0,0,0,1,0,0,0,0,0,0,0,0,0,0,0,0,0,0,0,0,0,0,0,0,0,0,0,0,0,0,0,0,0,0,0,0,0,0,0,0,0,0,0,0,0,0,0,0,0,0,0,0,0
fm_tanh,tanh,(D)D,"G,Lstar,Ole",fm_tanh#M031,644,org.pitest.mutationtest.engine.gregor.mutators.MathMutator,MathMutator,SURVIVED,D1,1,0,0,0,0,0,0,0,0,0,0,0,0,0,0,0,0,0,0,0,0,0,0,0,0,0,0,0,0,0,0,0,0,0,0,0,0,0,0,0,0,0,0,0,0,0,0,0,0,0,0,0,0,0,0,0,0,0,0,0,0,0,0,0,0,0,0,0,0,0,0,0,0,0,0,0,0,0,0,0,0,0,0,0,0,0
fm_tanh,tanh,(D)D,"G,Lstar,Ole",fm_tanh#M032,645,org.pitest.mutationtest.engine.gregor.mutators.MathMutator,MathMutator,KILLED,D1,1,1,1,0,0,0,1,0,0,0,0,0,0,0,0,0,0,0,0,0,0,0,0,0,0,0,0,0,0,0,0,0,0,0,0,0,1,0,0,0,0,0,0,0,0,0,0,0,0,0,0,0,0,0,0,0,0,0,0,0,0,0,0,0,0,0,0,0,0,0,0,0,0,0,0,0,0,0,0,0,0,0,0,0,0,0
fm_tanh,tanh,(D)D,"G,Lstar,Ole",fm_tanh#M033,645,org.pitest.mutationtest.engine.gregor.mutators.MathMutator,MathMutator,SURVIVED,D1,1,0,0,0,0,0,0,0,0,0,0,0,0,0,0,0,0,0,0,0,0,0,0,0,0,0,0,0,0,0,0,0,0,0,0,0,0,0,0,0,0,0,0,0,0,0,0,0,0,0,0,0,0,0,0,0,0,0,0,0,0,0,0,0,0,0,0,0,0,0,0,0,0,0,0,0,0,0,0,0,0,0,0,0,0,0
fm_tanh,tanh,(D)D,"G,Lstar,Ole",fm_tanh#M034,645,org.pitest.mutationtest.engine.gregor.mutators.MathMutator,MathMutator,SURVIVED,D1,1,0,0,0,0,0,0,0,0,0,0,0,0,0,0,0,0,0,0,0,0,0,0,0,0,0,0,0,0,0,0,0,0,0,0,0,0,0,0,0,0,0,0,0,0,0,0,0,0,0,0,0,0,0,0,0,0,0,0,0,0,0,0,0,0,0,0,0,0,0,0,0,0,0,0,0,0,0,0,0,0,0,0,0,0,0
fm_tanh,tanh,(D)D,"G,Lstar,Ole",fm_tanh#M035,648,org.pitest.mutationtest.engine.gregor.mutators.MathMutator,MathMutator,SURVIVED,D1,1,0,0,0,0,0,0,0,0,0,0,0,0,0,0,0,0,0,0,0,0,0,0,0,0,0,0,0,0,0,0,0,0,0,0,0,0,0,0,0,0,0,0,0,0,0,0,0,0,0,0,0,0,0,0,0,0,0,0,0,0,0,0,0,0,0,0,0,0,0,0,0,0,0,0,0,0,0,0,0,0,0,0,0,0,0
fm_tanh,tanh,(D)D,"G,Lstar,Ole",fm_tanh#M036,649,org.pitest.mutationtest.engine.gregor.mutators.MathMutator,MathMutator,SURVIVED,D1,1,0,0,0,0,0,0,0,0,0,0,0,0,0,0,0,0,0,0,0,0,0,0,0,0,0,0,0,0,0,0,0,0,0,0,0,0,0,0,0,0,0,0,0,0,0,0,0,0,0,0,0,0,0,0,0,0,0,0,0,0,0,0,0,0,0,0,0,0,0,0,0,0,0,0,0,0,0,0,0,0,0,0,0,0,0
fm_tanh,tanh,(D)D,"G,Lstar,Ole",fm_tanh#M037,649,org.pitest.mutationtest.engine.gregor.mutators.MathMutator,MathMutator,SURVIVED,D1,1,0,0,0,0,0,0,0,0,0,0,0,0,0,0,0,0,0,0,0,0,0,0,0,0,0,0,0,0,0,0,0,0,0,0,0,0,0,0,0,0,0,0,0,0,0,0,0,0,0,0,0,0,0,0,0,0,0,0,0,0,0,0,0,0,0,0,0,0,0,0,0,0,0,0,0,0,0,0,0,0,0,0,0,0,0
fm_tanh,tanh,(D)D,"G,Lstar,Ole",fm_tanh#M038,650,org.pitest.mutationtest.engine.gregor.mutators.MathMutator,MathMutator,KILLED,D1,1,1,0,0,0,0,0,0,0,0,0,0,0,0,0,0,0,0,0,0,0,0,0,0,0,0,0,0,0,0,0,0,0,0,0,0,0,0,0,0,0,0,0,0,0,0,0,0,0,0,0,0,0,0,0,0,0,0,0,1,0,0,0,0,0,0,0,0,0,0,0,0,0,0,0,0,0,0,0,0,0,0,0,0,0,0
fm_tanh,tanh,(D)D,"G,Lstar,Ole",fm_tanh#M039,653,org.pitest.mutationtest.engine.gregor.mutators.MathMutator,MathMutator,SURVIVED,D1,1,0,0,0,0,0,0,0,0,0,0,0,0,0,0,0,0,0,0,0,0,0,0,0,0,0,0,0,0,0,0,0,0,0,0,0,0,0,0,0,0,0,0,0,0,0,0,0,0,0,0,0,0,0,0,0,0,0,0,0,0,0,0,0,0,0,0,0,0,0,0,0,0,0,0,0,0,0,0,0,0,0,0,0,0,0
fm_tanh,tanh,(D)D,"G,Lstar,Ole",fm_tanh#M040,654,org.pitest.mutationtest.engine.gregor.mutators.MathMutator,MathMutator,SURVIVED,D1,1,0,0,0,0,0,0,0,0,0,0,0,0,0,0,0,0,0,0,0,0,0,0,0,0,0,0,0,0,0,0,0,0,0,0,0,0,0,0,0,0,0,0,0,0,0,0,0,0,0,0,0,0,0,0,0,0,0,0,0,0,0,0,0,0,0,0,0,0,0,0,0,0,0,0,0,0,0,0,0,0,0,0,0,0,0
fm_tanh,tanh,(D)D,"G,Lstar,Ole",fm_tanh#M041,655,org.pitest.mutationtest.engine.gregor.mutators.MathMutator,MathMutator,SURVIVED,D1,1,0,0,0,0,0,0,0,0,0,0,0,0,0,0,0,0,0,0,0,0,0,0,0,0,0,0,0,0,0,0,0,0,0,0,0,0,0,0,0,0,0,0,0,0,0,0,0,0,0,0,0,0,0,0,0,0,0,0,0,0,0,0,0,0,0,0,0,0,0,0,0,0,0,0,0,0,0,0,0,0,0,0,0,0,0
fm_tanh,tanh,(D)D,"G,Lstar,Ole",fm_tanh#M042,655,org.pitest.mutationtest.engine.gregor.mutators.MathMutator,MathMutator,SURVIVED,D1,1,0,0,0,0,0,0,0,0,0,0,0,0,0,0,0,0,0,0,0,0,0,0,0,0,0,0,0,0,0,0,0,0,0,0,0,0,0,0,0,0,0,0,0,0,0,0,0,0,0,0,0,0,0,0,0,0,0,0,0,0,0,0,0,0,0,0,0,0,0,0,0,0,0,0,0,0,0,0,0,0,0,0,0,0,0
fm_tanh,tanh,(D)D,"G,Lstar,Ole",fm_tanh#M043,656,org.pitest.mutationtest.engine.gregor.mutators.MathMutator,MathMutator,SURVIVED,D1,1,0,0,0,0,0,0,0,0,0,0,0,0,0,0,0,0,0,0,0,0,0,0,0,0,0,0,0,0,0,0,0,0,0,0,0,0,0,0,0,0,0,0,0,0,0,0,0,0,0,0,0,0,0,0,0,0,0,0,0,0,0,0,0,0,0,0,0,0,0,0,0,0,0,0,0,0,0,0,0,0,0,0,0,0,0
fm_tanh,tanh,(D)D,"G,Lstar,Ole",fm_tanh#M044,659,org.pitest.mutationtest.engine.gregor.mutators.MathMutator,MathMutator,KILLED,D1,1,1,1,0,0,0,1,0,0,0,0,0,0,0,0,0,0,0,0,0,0,0,0,0,0,0,0,0,0,0,0,0,0,0,0,0,1,0,0,0,0,0,0,0,0,0,0,0,0,0,0,0,0,0,0,0,0,0,0,1,0,0,0,0,0,0,0,0,0,0,0,0,0,0,0,0,0,0,0,0,0,0,0,0,0,0
fm_tanh,tanh,(D)D,"G,Lstar,Ole",fm_tanh#M045,659,org.pitest.mutationtest.engine.gregor.mutators.MathMutator,MathMutator,KILLED,D1,1,1,1,0,0,0,1,0,0,0,0,0,0,0,0,0,0,0,0,0,0,0,0,0,0,0,0,0,0,0,0,0,0,0,0,0,1,0,0,0,0,0,0,0,0,0,0,0,0,0,0,0,0,0,0,0,0,0,0,0,0,0,0,0,0,0,0,0,0,0,0,0,0,0,0,0,0,0,0,0,0,0,0,0,0,0
fm_tanh,tanh,(D)D,"G,Lstar,Ole",fm_tanh#M046,659,org.pitest.mutationtest.engine.gregor.mutators.MathMutator,MathMutator,KILLED,D1,1,1,1,0,0,0,1,0,0,0,0,0,0,0,0,0,0,0,0,0,0,0,0,0,0,0,0,0,0,0,0,0,0,0,0,0,1,0,0,0,0,0,0,0,0,0,0,0,0,0,0,0,0,0,0,0,0,0,0,1,0,0,0,0,0,0,0,0,0,0,0,0,0,0,0,0,0,0,0,0,0,0,0,0,0,0
fm_tanh,tanh,(D)D,"G,Lstar,Ole",fm_tanh#M047,659,org.pitest.mutationtest.engine.gregor.mutators.MathMutator,MathMutator,SURVIVED,D1,1,0,0,0,0,0,0,0,0,0,0,0,0,0,0,0,0,0,0,0,0,0,0,0,0,0,0,0,0,0,0,0,0,0,0,0,0,0,0,0,0,0,0,0,0,0,0,0,0,0,0,0,0,0,0,0,0,0,0,0,0,0,0,0,0,0,0,0,0,0,0,0,0,0,0,0,0,0,0,0,0,0,0,0,0,0
fm_tanh,tanh,(D)D,"G,Lstar,Ole",fm_tanh#M048,659,org.pitest.mutationtest.engine.gregor.mutators.MathMutator,MathMutator,SURVIVED,D1,1,0,0,0,0,0,0,0,0,0,0,0,0,0,0,0,0,0,0,0,0,0,0,0,0,0,0,0,0,0,0,0,0,0,0,0,0,0,0,0,0,0,0,0,0,0,0,0,0,0,0,0,0,0,0,0,0,0,0,0,0,0,0,0,0,0,0,0,0,0,0,0,0,0,0,0,0,0,0,0,0,0,0,0,0,0
fm_tanh,tanh,(D)D,"G,Lstar,Ole",fm_tanh#M049,659,org.pitest.mutationtest.engine.gregor.mutators.MathMutator,MathMutator,SURVIVED,D1,1,0,0,0,0,0,0,0,0,0,0,0,0,0,0,0,0,0,0,0,0,0,0,0,0,0,0,0,0,0,0,0,0,0,0,0,0,0,0,0,0,0,0,0,0,0,0,0,0,0,0,0,0,0,0,0,0,0,0,0,0,0,0,0,0,0,0,0,0,0,0,0,0,0,0,0,0,0,0,0,0,0,0,0,0,0
fm_tanh,tanh,(D)D,"G,Lstar,Ole",fm_tanh#M050,659,org.pitest.mutationtest.engine.gregor.mutators.MathMutator,MathMutator,KILLED,D1,1,1,1,0,0,0,1,0,0,0,0,0,0,0,0,0,0,0,0,0,0,0,0,0,0,0,0,0,0,0,0,0,0,0,0,0,1,0,0,0,0,0,0,0,0,0,0,0,0,0,0,0,0,0,0,0,0,0,0,1,0,0,0,0,0,0,0,0,0,0,0,0,0,0,0,0,0,0,0,0,0,0,0,0,0,0
fm_tanh,tanh,(D)D,"G,Lstar,Ole",fm_tanh#M051,659,org.pitest.mutationtest.engine.gregor.mutators.MathMutator,MathMutator,SURVIVED,D1,1,0,0,0,0,0,0,0,0,0,0,0,0,0,0,0,0,0,0,0,0,0,0,0,0,0,0,0,0,0,0,0,0,0,0,0,0,0,0,0,0,0,0,0,0,0,0,0,0,0,0,0,0,0,0,0,0,0,0,0,0,0,0,0,0,0,0,0,0,0,0,0,0,0,0,0,0,0,0,0,0,0,0,0,0,0
fm_tanh,tanh,(D)D,"G,Lstar,Ole",fm_tanh#M052,659,org.pitest.mutationtest.engine.gregor.mutators.MathMutator,MathMutator,SURVIVED,D1,1,0,0,0,0,0,0,0,0,0,0,0,0,0,0,0,0,0,0,0,0,0,0,0,0,0,0,0,0,0,0,0,0,0,0,0,0,0,0,0,0,0,0,0,0,0,0,0,0,0,0,0,0,0,0,0,0,0,0,0,0,0,0,0,0,0,0,0,0,0,0,0,0,0,0,0,0,0,0,0,0,0,0,0,0,0
fm_tanh,tanh,(D)D,"G,Lstar,Ole",fm_tanh#M053,659,org.pitest.mutationtest.engine.gregor.mutators.MathMutator,MathMutator,SURVIVED,D1,1,0,0,0,0,0,0,0,0,0,0,0,0,0,0,0,0,0,0,0,0,0,0,0,0,0,0,0,0,0,0,0,0,0,0,0,0,0,0,0,0,0,0,0,0,0,0,0,0,0,0,0,0,0,0,0,0,0,0,0,0,0,0,0,0,0,0,0,0,0,0,0,0,0,0,0,0,0,0,0,0,0,0,0,0,0
fm_tanh,tanh,(D)D,"G,Lstar,Ole",fm_tanh#M054,662,org.pitest.mutationtest.engine.gregor.mutators.MathMutator,MathMutator,SURVIVED,D1,1,0,0,0,0,0,0,0,0,0,0,0,0,0,0,0,0,0,0,0,0,0,0,0,0,0,0,0,0,0,0,0,0,0,0,0,0,0,0,0,0,0,0,0,0,0,0,0,0,0,0,0,0,0,0,0,0,0,0,0,0,0,0,0,0,0,0,0,0,0,0,0,0,0,0,0,0,0,0,0,0,0,0,0,0,0
fm_tanh,tanh,(D)D,"G,Lstar,Ole",fm_tanh#M055,662,org.pitest.mutationtest.engine.gregor.mutators.MathMutator,MathMutator,SURVIVED,D1,1,0,0,0,0,0,0,0,0,0,0,0,0,0,0,0,0,0,0,0,0,0,0,0,0,0,0,0,0,0,0,0,0,0,0,0,0,0,0,0,0,0,0,0,0,0,0,0,0,0,0,0,0,0,0,0,0,0,0,0,0,0,0,0,0,0,0,0,0,0,0,0,0,0,0,0,0,0,0,0,0,0,0,0,0,0
fm_tanh,tanh,(D)D,"G,Lstar,Ole",fm_tanh#M056,664,org.pitest.mutationtest.engine.gregor.mutators.MathMutator,MathMutator,SURVIVED,D1,1,0,0,0,0,0,0,0,0,0,0,0,0,0,0,0,0,0,0,0,0,0,0,0,0,0,0,0,0,0,0,0,0,0,0,0,0,0,0,0,0,0,0,0,0,0,0,0,0,0,0,0,0,0,0,0,0,0,0,0,0,0,0,0,0,0,0,0,0,0,0,0,0,0,0,0,0,0,0,0,0,0,0,0,0,0
fm_tanh,tanh,(D)D,"G,Lstar,Ole",fm_tanh#M057,664,org.pitest.mutationtest.engine.gregor.mutators.MathMutator,MathMutator,SURVIVED,D1,1,0,0,0,0,0,0,0,0,0,0,0,0,0,0,0,0,0,0,0,0,0,0,0,0,0,0,0,0,0,0,0,0,0,0,0,0,0,0,0,0,0,0,0,0,0,0,0,0,0,0,0,0,0,0,0,0,0,0,0,0,0,0,0,0,0,0,0,0,0,0,0,0,0,0,0,0,0,0,0,0,0,0,0,0,0
fm_tanh,tanh,(D)D,"G,Lstar,Ole",fm_tanh#M058,664,org.pitest.mutationtest.engine.gregor.mutators.MathMutator,MathMutator,SURVIVED,D1,1,0,0,0,0,0,0,0,0,0,0,0,0,0,0,0,0,0,0,0,0,0,0,0,0,0,0,0,0,0,0,0,0,0,0,0,0,0,0,0,0,0,0,0,0,0,0,0,0,0,0,0,0,0,0,0,0,0,0,0,0,0,0,0,0,0,0,0,0,0,0,0,0,0,0,0,0,0,0,0,0,0,0,0,0,0
fm_tanh,tanh,(D)D,"G,Lstar,Ole",fm_tanh#M059,664,org.pitest.mutationtest.engine.gregor.mutators.MathMutator,MathMutator,SURVIVED,D1,1,0,0,0,0,0,0,0,0,0,0,0,0,0,0,0,0,0,0,0,0,0,0,0,0,0,0,0,0,0,0,0,0,0,0,0,0,0,0,0,0,0,0,0,0,0,0,0,0,0,0,0,0,0,0,0,0,0,0,0,0,0,0,0,0,0,0,0,0,0,0,0,0,0,0,0,0,0,0,0,0,0,0,0,0,0
fm_tanh,tanh,(D)D,"G,Lstar,Ole",fm_tanh#M060,666,org.pitest.mutationtest.engine.gregor.mutators.MathMutator,MathMutator,SURVIVED,D1,1,0,0,0,0,0,0,0,0,0,0,0,0,0,0,0,0,0,0,0,0,0,0,0,0,0,0,0,0,0,0,0,0,0,0,0,0,0,0,0,0,0,0,0,0,0,0,0,0,0,0,0,0,0,0,0,0,0,0,0,0,0,0,0,0,0,0,0,0,0,0,0,0,0,0,0,0,0,0,0,0,0,0,0,0,0
fm_tanh,tanh,(D)D,"G,Lstar,Ole",fm_tanh#M061,671,org.pitest.mutationtest.engine.gregor.mutators.MathMutator,MathMutator,SURVIVED,D1,1,0,0,0,0,0,0,0,0,0,0,0,0,0,0,0,0,0,0,0,0,0,0,0,0,0,0,0,0,0,0,0,0,0,0,0,0,0,0,0,0,0,0,0,0,0,0,0,0,0,0,0,0,0,0,0,0,0,0,0,0,0,0,0,0,0,0,0,0,0,0,0,0,0,0,0,0,0,0,0,0,0,0,0,0,0
fm_tanh,tanh,(D)D,"G,Lstar,Ole",fm_tanh#M062,673,org.pitest.mutationtest.engine.gregor.mutators.MathMutator,MathMutator,SURVIVED,D1,1,0,0,0,0,0,0,0,0,0,0,0,0,0,0,0,0,0,0,0,0,0,0,0,0,0,0,0,0,0,0,0,0,0,0,0,0,0,0,0,0,0,0,0,0,0,0,0,0,0,0,0,0,0,0,0,0,0,0,0,0,0,0,0,0,0,0,0,0,0,0,0,0,0,0,0,0,0,0,0,0,0,0,0,0,0
fm_tanh,tanh,(D)D,"G,Lstar,Ole",fm_tanh#M063,674,org.pitest.mutationtest.engine.gregor.mutators.MathMutator,MathMutator,KILLED,D1,1,1,0,0,0,0,0,0,0,0,0,0,0,0,0,0,0,0,0,0,0,0,0,0,0,0,0,0,0,0,0,0,0,0,0,0,0,0,0,0,0,0,0,0,0,0,0,0,0,0,0,0,0,0,0,0,0,0,0,1,0,0,0,0,0,0,0,0,0,0,0,0,0,0,0,0,0,0,0,0,0,0,0,0,0,0
fm_tanh,tanh,(D)D,"G,Lstar,Ole",fm_tanh#M064,674,org.pitest.mutationtest.engine.gregor.mutators.MathMutator,MathMutator,SURVIVED,D1,1,0,0,0,0,0,0,0,0,0,0,0,0,0,0,0,0,0,0,0,0,0,0,0,0,0,0,0,0,0,0,0,0,0,0,0,0,0,0,0,0,0,0,0,0,0,0,0,0,0,0,0,0,0,0,0,0,0,0,0,0,0,0,0,0,0,0,0,0,0,0,0,0,0,0,0,0,0,0,0,0,0,0,0,0,0
fm_tanh,tanh,(D)D,"G,Lstar,Ole",fm_tanh#M065,681,org.pitest.mutationtest.engine.gregor.mutators.MathMutator,MathMutator,KILLED,D1,1,1,0,0,0,0,0,0,0,0,0,0,0,0,0,0,0,0,0,0,0,0,0,0,0,0,0,0,0,0,0,0,0,0,0,0,0,0,0,0,0,0,0,0,0,0,0,0,0,0,0,0,0,0,0,0,0,0,0,1,0,0,0,0,0,0,0,0,0,0,0,0,0,0,0,0,0,0,0,0,0,0,0,0,0,0
fm_tanh,tanh,(D)D,"G,Lstar,Ole",fm_tanh#M066,682,org.pitest.mutationtest.engine.gregor.mutators.MathMutator,MathMutator,KILLED,D1,1,1,0,0,0,0,0,0,0,0,0,0,0,0,0,0,0,0,0,0,0,0,0,0,0,0,0,0,0,0,0,0,0,0,0,0,0,0,0,0,0,0,0,0,0,0,0,0,0,0,0,0,0,0,0,0,0,0,0,1,0,0,0,0,0,0,0,0,0,0,0,0,0,0,0,0,0,0,0,0,0,0,0,0,0,0
fm_tanh,tanh,(D)D,"G,Lstar,Ole",fm_tanh#M067,682,org.pitest.mutationtest.engine.gregor.mutators.MathMutator,MathMutator,SURVIVED,D1,1,0,0,0,0,0,0,0,0,0,0,0,0,0,0,0,0,0,0,0,0,0,0,0,0,0,0,0,0,0,0,0,0,0,0,0,0,0,0,0,0,0,0,0,0,0,0,0,0,0,0,0,0,0,0,0,0,0,0,0,0,0,0,0,0,0,0,0,0,0,0,0,0,0,0,0,0,0,0,0,0,0,0,0,0,0
fm_tanh,tanh,(D)D,"G,Lstar,Ole",fm_tanh#M068,683,org.pitest.mutationtest.engine.gregor.mutators.MathMutator,MathMutator,SURVIVED,D1,1,0,0,0,0,0,0,0,0,0,0,0,0,0,0,0,0,0,0,0,0,0,0,0,0,0,0,0,0,0,0,0,0,0,0,0,0,0,0,0,0,0,0,0,0,0,0,0,0,0,0,0,0,0,0,0,0,0,0,0,0,0,0,0,0,0,0,0,0,0,0,0,0,0,0,0,0,0,0,0,0,0,0,0,0,0
fm_tanh,tanh,(D)D,"G,Lstar,Ole",fm_tanh#M069,684,org.pitest.mutationtest.engine.gregor.mutators.MathMutator,MathMutator,KILLED,D1,1,1,0,0,0,0,0,0,0,0,0,0,0,0,0,0,0,0,0,0,0,0,0,0,0,0,0,0,0,0,0,0,0,0,0,0,0,0,0,0,0,0,0,0,0,0,0,0,0,0,0,0,0,0,0,0,0,0,0,1,0,0,0,0,0,0,0,0,0,0,0,0,0,0,0,0,0,0,0,0,0,0,0,0,0,0
fm_tanh,tanh,(D)D,"G,Lstar,Ole",fm_tanh#M070,684,org.pitest.mutationtest.engine.gregor.mutators.MathMutator,MathMutator,SURVIVED,D1,1,0,0,0,0,0,0,0,0,0,0,0,0,0,0,0,0,0,0,0,0,0,0,0,0,0,0,0,0,0,0,0,0,0,0,0,0,0,0,0,0,0,0,0,0,0,0,0,0,0,0,0,0,0,0,0,0,0,0,0,0,0,0,0,0,0,0,0,0,0,0,0,0,0,0,0,0,0,0,0,0,0,0,0,0,0
fm_tanh,tanh,(D)D,"G,Lstar,Ole",fm_tanh#M071,684,org.pitest.mutationtest.engine.gregor.mutators.MathMutator,MathMutator,SURVIVED,D1,1,0,0,0,0,0,0,0,0,0,0,0,0,0,0,0,0,0,0,0,0,0,0,0,0,0,0,0,0,0,0,0,0,0,0,0,0,0,0,0,0,0,0,0,0,0,0,0,0,0,0,0,0,0,0,0,0,0,0,0,0,0,0,0,0,0,0,0,0,0,0,0,0,0,0,0,0,0,0,0,0,0,0,0,0,0
fm_tanh,tanh,(D)D,"G,Lstar,Ole",fm_tanh#M072,687,org.pitest.mutationtest.engine.gregor.mutators.MathMutator,MathMutator,SURVIVED,D1,1,0,0,0,0,0,0,0,0,0,0,0,0,0,0,0,0,0,0,0,0,0,0,0,0,0,0,0,0,0,0,0,0,0,0,0,0,0,0,0,0,0,0,0,0,0,0,0,0,0,0,0,0,0,0,0,0,0,0,0,0,0,0,0,0,0,0,0,0,0,0,0,0,0,0,0,0,0,0,0,0,0,0,0,0,0
fm_tanh,tanh,(D)D,"G,Lstar,Ole",fm_tanh#M073,688,org.pitest.mutationtest.engine.gregor.mutators.MathMutator,MathMutator,SURVIVED,D1,1,0,0,0,0,0,0,0,0,0,0,0,0,0,0,0,0,0,0,0,0,0,0,0,0,0,0,0,0,0,0,0,0,0,0,0,0,0,0,0,0,0,0,0,0,0,0,0,0,0,0,0,0,0,0,0,0,0,0,0,0,0,0,0,0,0,0,0,0,0,0,0,0,0,0,0,0,0,0,0,0,0,0,0,0,0
fm_tanh,tanh,(D)D,"G,Lstar,Ole",fm_tanh#M074,688,org.pitest.mutationtest.engine.gregor.mutators.MathMutator,MathMutator,SURVIVED,D1,1,0,0,0,0,0,0,0,0,0,0,0,0,0,0,0,0,0,0,0,0,0,0,0,0,0,0,0,0,0,0,0,0,0,0,0,0,0,0,0,0,0,0,0,0,0,0,0,0,0,0,0,0,0,0,0,0,0,0,0,0,0,0,0,0,0,0,0,0,0,0,0,0,0,0,0,0,0,0,0,0,0,0,0,0,0
fm_tanh,tanh,(D)D,"G,Lstar,Ole",fm_tanh#M075,689,org.pitest.mutationtest.engine.gregor.mutators.MathMutator,MathMutator,KILLED,D1,1,1,0,0,0,0,0,0,0,0,0,0,0,0,0,0,0,0,0,0,0,0,0,0,0,0,0,0,0,0,0,0,0,0,0,0,0,0,0,0,0,0,0,0,0,0,0,0,0,0,0,0,0,0,0,0,0,0,0,1,0,0,0,0,0,0,0,0,0,0,0,0,0,0,0,0,0,0,0,0,0,0,0,0,0,0
fm_tanh,tanh,(D)D,"G,Lstar,Ole",fm_tanh#M076,692,org.pitest.mutationtest.engine.gregor.mutators.MathMutator,MathMutator,SURVIVED,D1,1,0,0,0,0,0,0,0,0,0,0,0,0,0,0,0,0,0,0,0,0,0,0,0,0,0,0,0,0,0,0,0,0,0,0,0,0,0,0,0,0,0,0,0,0,0,0,0,0,0,0,0,0,0,0,0,0,0,0,0,0,0,0,0,0,0,0,0,0,0,0,0,0,0,0,0,0,0,0,0,0,0,0,0,0,0
fm_tanh,tanh,(D)D,"G,Lstar,Ole",fm_tanh#M077,693,org.pitest.mutationtest.engine.gregor.mutators.MathMutator,MathMutator,SURVIVED,D1,1,0,0,0,0,0,0,0,0,0,0,0,0,0,0,0,0,0,0,0,0,0,0,0,0,0,0,0,0,0,0,0,0,0,0,0,0,0,0,0,0,0,0,0,0,0,0,0,0,0,0,0,0,0,0,0,0,0,0,0,0,0,0,0,0,0,0,0,0,0,0,0,0,0,0,0,0,0,0,0,0,0,0,0,0,0
fm_tanh,tanh,(D)D,"G,Lstar,Ole",fm_tanh#M078,694,org.pitest.mutationtest.engine.gregor.mutators.MathMutator,MathMutator,SURVIVED,D1,1,0,0,0,0,0,0,0,0,0,0,0,0,0,0,0,0,0,0,0,0,0,0,0,0,0,0,0,0,0,0,0,0,0,0,0,0,0,0,0,0,0,0,0,0,0,0,0,0,0,0,0,0,0,0,0,0,0,0,0,0,0,0,0,0,0,0,0,0,0,0,0,0,0,0,0,0,0,0,0,0,0,0,0,0,0
fm_tanh,tanh,(D)D,"G,Lstar,Ole",fm_tanh#M079,694,org.pitest.mutationtest.engine.gregor.mutators.MathMutator,MathMutator,SURVIVED,D1,1,0,0,0,0,0,0,0,0,0,0,0,0,0,0,0,0,0,0,0,0,0,0,0,0,0,0,0,0,0,0,0,0,0,0,0,0,0,0,0,0,0,0,0,0,0,0,0,0,0,0,0,0,0,0,0,0,0,0,0,0,0,0,0,0,0,0,0,0,0,0,0,0,0,0,0,0,0,0,0,0,0,0,0,0,0
fm_tanh,tanh,(D)D,"G,Lstar,Ole",fm_tanh#M080,695,org.pitest.mutationtest.engine.gregor.mutators.MathMutator,MathMutator,SURVIVED,D1,1,0,0,0,0,0,0,0,0,0,0,0,0,0,0,0,0,0,0,0,0,0,0,0,0,0,0,0,0,0,0,0,0,0,0,0,0,0,0,0,0,0,0,0,0,0,0,0,0,0,0,0,0,0,0,0,0,0,0,0,0,0,0,0,0,0,0,0,0,0,0,0,0,0,0,0,0,0,0,0,0,0,0,0,0,0
fm_tanh,tanh,(D)D,"G,Lstar,Ole",fm_tanh#M081,698,org.pitest.mutationtest.engine.gregor.mutators.MathMutator,MathMutator,KILLED,D1,1,1,1,0,0,0,1,0,0,0,0,0,0,0,0,0,0,0,0,0,0,0,0,0,0,0,0,0,0,0,0,0,0,0,0,0,1,0,0,0,0,0,0,0,0,0,0,0,0,0,0,0,0,0,0,0,0,0,0,1,0,0,0,0,0,0,0,0,0,0,0,0,0,0,0,0,0,0,0,0,0,0,0,0,0,0
fm_tanh,tanh,(D)D,"G,Lstar,Ole",fm_tanh#M082,698,org.pitest.mutationtest.engine.gregor.mutators.MathMutator,MathMutator,KILLED,D1,1,1,0,0,0,0,0,0,0,0,0,0,0,0,0,0,0,0,0,0,0,0,0,0,0,0,0,0,0,0,0,0,0,0,0,0,0,0,0,0,0,0,0,0,0,0,0,0,0,0,0,0,0,0,0,0,0,0,0,1,0,0,0,0,0,0,0,0,0,0,0,0,0,0,0,0,0,0,0,0,0,0,0,0,0,0
fm_tanh,tanh,(D)D,"G,Lstar,Ole",fm_tanh#M083,698,org.pitest.mutationtest.engine.gregor.mutators.MathMutator,MathMutator,KILLED,D1,1,1,1,0,0,0,1,0,0,0,0,0,0,0,0,0,0,0,0,0,0,0,0,0,0,0,0,0,0,0,0,0,0,0,0,0,1,0,0,0,0,0,0,0,0,0,0,0,0,0,0,0,0,0,0,0,0,0,0,1,0,0,0,0,0,0,0,0,0,0,0,0,0,0,0,0,0,0,0,0,0,0,0,0,0,0
fm_tanh,tanh,(D)D,"G,Lstar,Ole",fm_tanh#M084,698,org.pitest.mutationtest.engine.gregor.mutators.MathMutator,MathMutator,SURVIVED,D1,1,0,0,0,0,0,0,0,0,0,0,0,0,0,0,0,0,0,0,0,0,0,0,0,0,0,0,0,0,0,0,0,0,0,0,0,0,0,0,0,0,0,0,0,0,0,0,0,0,0,0,0,0,0,0,0,0,0,0,0,0,0,0,0,0,0,0,0,0,0,0,0,0,0,0,0,0,0,0,0,0,0,0,0,0,0
fm_tanh,tanh,(D)D,"G,Lstar,Ole",fm_tanh#M085,698,org.pitest.mutationtest.engine.gregor.mutators.MathMutator,MathMutator,SURVIVED,D1,1,0,0,0,0,0,0,0,0,0,0,0,0,0,0,0,0,0,0,0,0,0,0,0,0,0,0,0,0,0,0,0,0,0,0,0,0,0,0,0,0,0,0,0,0,0,0,0,0,0,0,0,0,0,0,0,0,0,0,0,0,0,0,0,0,0,0,0,0,0,0,0,0,0,0,0,0,0,0,0,0,0,0,0,0,0
fm_tanh,tanh,(D)D,"G,Lstar,Ole",fm_tanh#M086,698,org.pitest.mutationtest.engine.gregor.mutators.MathMutator,MathMutator,SURVIVED,D1,1,0,0,0,0,0,0,0,0,0,0,0,0,0,0,0,0,0,0,0,0,0,0,0,0,0,0,0,0,0,0,0,0,0,0,0,0,0,0,0,0,0,0,0,0,0,0,0,0,0,0,0,0,0,0,0,0,0,0,0,0,0,0,0,0,0,0,0,0,0,0,0,0,0,0,0,0,0,0,0,0,0,0,0,0,0
fm_tanh,tanh,(D)D,"G,Lstar,Ole",fm_tanh#M087,698,org.pitest.mutationtest.engine.gregor.mutators.MathMutator,MathMutator,KILLED,D1,1,1,1,0,0,0,1,0,0,0,0,0,0,0,0,0,0,0,0,0,0,0,0,0,0,0,0,0,0,0,0,0,0,0,0,0,1,0,0,0,0,0,0,0,0,0,0,0,0,0,0,0,0,0,0,0,0,0,0,1,0,0,0,0,0,0,0,0,0,0,0,0,0,0,0,0,0,0,0,0,0,0,0,0,0,0
fm_tanh,tanh,(D)D,"G,Lstar,Ole",fm_tanh#M088,698,org.pitest.mutationtest.engine.gregor.mutators.MathMutator,MathMutator,SURVIVED,D1,1,0,0,0,0,0,0,0,0,0,0,0,0,0,0,0,0,0,0,0,0,0,0,0,0,0,0,0,0,0,0,0,0,0,0,0,0,0,0,0,0,0,0,0,0,0,0,0,0,0,0,0,0,0,0,0,0,0,0,0,0,0,0,0,0,0,0,0,0,0,0,0,0,0,0,0,0,0,0,0,0,0,0,0,0,0
fm_tanh,tanh,(D)D,"G,Lstar,Ole",fm_tanh#M089,698,org.pitest.mutationtest.engine.gregor.mutators.MathMutator,MathMutator,SURVIVED,D1,1,0,0,0,0,0,0,0,0,0,0,0,0,0,0,0,0,0,0,0,0,0,0,0,0,0,0,0,0,0,0,0,0,0,0,0,0,0,0,0,0,0,0,0,0,0,0,0,0,0,0,0,0,0,0,0,0,0,0,0,0,0,0,0,0,0,0,0,0,0,0,0,0,0,0,0,0,0,0,0,0,0,0,0,0,0
fm_tanh,tanh,(D)D,"G,Lstar,Ole",fm_tanh#M090,698,org.pitest.mutationtest.engine.gregor.mutators.MathMutator,MathMutator,SURVIVED,D1,1,0,0,0,0,0,0,0,0,0,0,0,0,0,0,0,0,0,0,0,0,0,0,0,0,0,0,0,0,0,0,0,0,0,0,0,0,0,0,0,0,0,0,0,0,0,0,0,0,0,0,0,0,0,0,0,0,0,0,0,0,0,0,0,0,0,0,0,0,0,0,0,0,0,0,0,0,0,0,0,0,0,0,0,0,0
fm_tanh,tanh,(D)D,"G,Lstar,Ole",fm_tanh#M091,701,org.pitest.mutationtest.engine.gregor.mutators.MathMutator,MathMutator,SURVIVED,D1,1,0,0,0,0,0,0,0,0,0,0,0,0,0,0,0,0,0,0,0,0,0,0,0,0,0,0,0,0,0,0,0,0,0,0,0,0,0,0,0,0,0,0,0,0,0,0,0,0,0,0,0,0,0,0,0,0,0,0,0,0,0,0,0,0,0,0,0,0,0,0,0,0,0,0,0,0,0,0,0,0,0,0,0,0,0
fm_tanh,tanh,(D)D,"G,Lstar,Ole",fm_tanh#M092,701,org.pitest.mutationtest.engine.gregor.mutators.MathMutator,MathMutator,SURVIVED,D1,1,0,0,0,0,0,0,0,0,0,0,0,0,0,0,0,0,0,0,0,0,0,0,0,0,0,0,0,0,0,0,0,0,0,0,0,0,0,0,0,0,0,0,0,0,0,0,0,0,0,0,0,0,0,0,0,0,0,0,0,0,0,0,0,0,0,0,0,0,0,0,0,0,0,0,0,0,0,0,0,0,0,0,0,0,0
fm_tanh,tanh,(D)D,"G,Lstar,Ole",fm_tanh#M093,703,org.pitest.mutationtest.engine.gregor.mutators.MathMutator,MathMutator,SURVIVED,D1,1,0,0,0,0,0,0,0,0,0,0,0,0,0,0,0,0,0,0,0,0,0,0,0,0,0,0,0,0,0,0,0,0,0,0,0,0,0,0,0,0,0,0,0,0,0,0,0,0,0,0,0,0,0,0,0,0,0,0,0,0,0,0,0,0,0,0,0,0,0,0,0,0,0,0,0,0,0,0,0,0,0,0,0,0,0
fm_tanh,tanh,(D)D,"G,Lstar,Ole",fm_tanh#M094,703,org.pitest.mutationtest.engine.gregor.mutators.MathMutator,MathMutator,SURVIVED,D1,1,0,0,0,0,0,0,0,0,0,0,0,0,0,0,0,0,0,0,0,0,0,0,0,0,0,0,0,0,0,0,0,0,0,0,0,0,0,0,0,0,0,0,0,0,0,0,0,0,0,0,0,0,0,0,0,0,0,0,0,0,0,0,0,0,0,0,0,0,0,0,0,0,0,0,0,0,0,0,0,0,0,0,0,0,0
fm_tanh,tanh,(D)D,"G,Lstar,Ole",fm_tanh#M095,703,org.pitest.mutationtest.engine.gregor.mutators.MathMutator,MathMutator,SURVIVED,D1,1,0,0,0,0,0,0,0,0,0,0,0,0,0,0,0,0,0,0,0,0,0,0,0,0,0,0,0,0,0,0,0,0,0,0,0,0,0,0,0,0,0,0,0,0,0,0,0,0,0,0,0,0,0,0,0,0,0,0,0,0,0,0,0,0,0,0,0,0,0,0,0,0,0,0,0,0,0,0,0,0,0,0,0,0,0
fm_tanh,tanh,(D)D,"G,Lstar,Ole",fm_tanh#M096,703,org.pitest.mutationtest.engine.gregor.mutators.MathMutator,MathMutator,SURVIVED,D1,1,0,0,0,0,0,0,0,0,0,0,0,0,0,0,0,0,0,0,0,0,0,0,0,0,0,0,0,0,0,0,0,0,0,0,0,0,0,0,0,0,0,0,0,0,0,0,0,0,0,0,0,0,0,0,0,0,0,0,0,0,0,0,0,0,0,0,0,0,0,0,0,0,0,0,0,0,0,0,0,0,0,0,0,0,0
fm_tanh,tanh,(D)D,"G,Lstar,Ole",fm_tanh#M097,705,org.pitest.mutationtest.engine.gregor.mutators.MathMutator,MathMutator,SURVIVED,D1,1,0,0,0,0,0,0,0,0,0,0,0,0,0,0,0,0,0,0,0,0,0,0,0,0,0,0,0,0,0,0,0,0,0,0,0,0,0,0,0,0,0,0,0,0,0,0,0,0,0,0,0,0,0,0,0,0,0,0,0,0,0,0,0,0,0,0,0,0,0,0,0,0,0,0,0,0,0,0,0,0,0,0,0,0,0
fm_tanh,tanh,(D)D,"G,Lstar,Ole",fm_tanh#M098,598,org.pitest.mutationtest.engine.gregor.mutators.RemoveConditionalMutator_EQUAL_ELSE,RemoveConditionalMutator_EQUAL_ELSE,SURVIVED,D1,1,0,0,0,0,0,0,0,0,0,0,0,0,0,0,0,0,0,0,0,0,0,0,0,0,0,0,0,0,0,0,0,0,0,0,0,0,0,0,0,0,0,0,0,0,0,0,0,0,0,0,0,0,0,0,0,0,0,0,0,0,0,0,0,0,0,0,0,0,0,0,0,0,0,0,0,0,0,0,0,0,0,0,0,0,0
fm_tanh,tanh,(D)D,"G,Lstar,Ole",fm_tanh#M099,616,org.pitest.mutationtest.engine.gregor.mutators.RemoveConditionalMutator_EQUAL_ELSE,RemoveConditionalMutator_EQUAL_ELSE,SURVIVED,D1,1,0,0,0,0,0,0,0,0,0,0,0,0,0,0,0,0,0,0,0,0,0,0,0,0,0,0,0,0,0,0,0,0,0,0,0,0,0,0,0,0,0,0,0,0,0,0,0,0,0,0,0,0,0,0,0,0,0,0,0,0,0,0,0,0,0,0,0,0,0,0,0,0,0,0,0,0,0,0,0,0,0,0,0,0,0
fm_tanh,tanh,(D)D,"G,Lstar,Ole",fm_tanh#M100,708,org.pitest.mutationtest.engine.gregor.mutators.RemoveConditionalMutator_EQUAL_ELSE,RemoveConditionalMutator_EQUAL_ELSE,KILLED,D1,1,1,0,1,0,0,0,0,0,0,0,0,0,0,0,0,0,0,0,0,0,0,0,0,0,0,0,0,1,0,0,0,0,0,0,0,0,0,0,0,0,0,0,0,0,0,0,0,0,0,0,0,0,0,0,0,0,0,0,1,0,0,0,1,0,0,0,0,0,0,0,0,0,0,0,0,0,0,0,0,0,0,0,0,0,0
fm_tanh,tanh,(D)D,"G,Lstar,Ole",fm_tanh#M101,608,org.pitest.mutationtest.engine.gregor.mutators.RemoveConditionalMutator_ORDER_ELSE,RemoveConditionalMutator_ORDER_ELSE,SURVIVED,D1,1,0,0,0,0,0,0,0,0,0,0,0,0,0,0,0,0,0,0,0,0,0,0,0,0,0,0,0,0,0,0,0,0,0,0,0,0,0,0,0,0,0,0,0,0,0,0,0,0,0,0,0,0,0,0,0,0,0,0,0,0,0,0,0,0,0,0,0,0,0,0,0,0,0,0,0,0,0,0,0,0,0,0,0,0,0
fm_tanh,tanh,(D)D,"G,Lstar,Ole",fm_tanh#M102,612,org.pitest.mutationtest.engine.gregor.mutators.RemoveConditionalMutator_ORDER_ELSE,RemoveConditionalMutator_ORDER_ELSE,SURVIVED,D1,1,0,0,0,0,0,0,0,0,0,0,0,0,0,0,0,0,0,0,0,0,0,0,0,0,0,0,0,0,0,0,0,0,0,0,0,0,0,0,0,0,0,0,0,0,0,0,0,0,0,0,0,0,0,0,0,0,0,0,0,0,0,0,0,0,0,0,0,0,0,0,0,0,0,0,0,0,0,0,0,0,0,0,0,0,0
fm_tanh,tanh,(D)D,"G,Lstar,Ole",fm_tanh#M103,620,org.pitest.mutationtest.engine.gregor.mutators.RemoveConditionalMutator_ORDER_ELSE,RemoveConditionalMutator_ORDER_ELSE,KILLED,D1,1,1,0,1,0,0,0,0,0,0,0,0,0,0,0,0,0,0,0,0,0,0,0,0,0,0,0,0,1,0,0,0,0,0,0,0,0,0,0,0,0,0,0,0,0,0,0,0,0,0,0,0,0,0,0,0,0,0,0,0,0,0,0,1,0,0,0,0,0,0,0,0,0,0,0,0,0,0,0,0,0,0,0,0,0,0
fm_tanh,tanh,(D)D,"G,Lstar,Ole",fm_tanh#M104,626,org.pitest.mutationtest.engine.gregor.mutators.RemoveConditionalMutator_ORDER_ELSE,RemoveConditionalMutator_ORDER_ELSE,KILLED,D1,1,1,0,0,0,0,0,0,0,0,0,0,0,0,0,0,0,0,0,0,0,0,0,0,0,0,0,0,0,0,0,0,0,0,0,0,0,0,0,0,0,0,0,0,0,0,0,0,0,0,0,0,0,0,0,0,0,0,0,1,0,0,0,0,0,0,0,0,0,0,0,0,0,0,0,0,0,0,0,0,0,0,0,0,0,0
fm_tanh,tanh,(D)D,"G,Lstar,Ole",fm_tanh#M105,599,org.pitest.mutationtest.engine.gregor.mutators.returns.PrimitiveReturnsMutator,PrimitiveReturnsMutator,NO_COVERAGE,D2,0,0,0,0,0,0,0,0,0,0,0,0,0,0,0,0,0,0,0,0,0,0,0,0,0,0,0,0,0,0,0,0,0,0,0,0,0,0,0,0,0,0,0,0,0,0,0,0,0,0,0,0,0,0,0,0,0,0,0,0,0,0,0,0,0,0,0,0,0,0,0,0,0,0,0,0,0,0,0,0,0,0,0,0,0,0
fm_tanh,tanh,(D)D,"G,Lstar,Ole",fm_tanh#M106,609,org.pitest.mutationtest.engine.gregor.mutators.returns.PrimitiveReturnsMutator,PrimitiveReturnsMutator,NO_COVERAGE,D2,0,0,0,0,0,0,0,0,0,0,0,0,0,0,0,0,0,0,0,0,0,0,0,0,0,0,0,0,0,0,0,0,0,0,0,0,0,0,0,0,0,0,0,0,0,0,0,0,0,0,0,0,0,0,0,0,0,0,0,0,0,0,0,0,0,0,0,0,0,0,0,0,0,0,0,0,0,0,0,0,0,0,0,0,0,0
fm_tanh,tanh,(D)D,"G,Lstar,Ole",fm_tanh#M107,613,org.pitest.mutationtest.engine.gregor.mutators.returns.PrimitiveReturnsMutator,PrimitiveReturnsMutator,NO_COVERAGE,D2,0,0,0,0,0,0,0,0,0,0,0,0,0,0,0,0,0,0,0,0,0,0,0,0,0,0,0,0,0,0,0,0,0,0,0,0,0,0,0,0,0,0,0,0,0,0,0,0,0,0,0,0,0,0,0,0,0,0,0,0,0,0,0,0,0,0,0,0,0,0,0,0,0,0,0,0,0,0,0,0,0,0,0,0,0,0
fm_tanh,tanh,(D)D,"G,Lstar,Ole",fm_tanh#M108,617,org.pitest.mutationtest.engine.gregor.mutators.returns.PrimitiveReturnsMutator,PrimitiveReturnsMutator,SURVIVED,D2,1,0,0,0,0,0,0,0,0,0,0,0,0,0,0,0,0,0,0,0,0,0,0,0,0,0,0,0,0,0,0,0,0,0,0,0,0,0,0,0,0,0,0,0,0,0,0,0,0,0,0,0,0,0,0,0,0,0,0,0,0,0,0,0,0,0,0,0,0,0,0,0,0,0,0,0,0,0,0,0,0,0,0,0,0,0
fm_tanh,tanh,(D)D,"G,Lstar,Ole",fm_tanh#M109,712,org.pitest.mutationtest.engine.gregor.mutators.returns.PrimitiveReturnsMutator,PrimitiveReturnsMutator,SURVIVED,D2,1,0,0,0,0,0,0,0,0,0,0,0,0,0,0,0,0,0,0,0,0,0,0,0,0,0,0,0,0,0,0,0,0,0,0,0,0,0,0,0,0,0,0,0,0,0,0,0,0,0,0,0,0,0,0,0,0,0,0,0,0,0,0,0,0,0,0,0,0,0,0,0,0,0,0,0,0,0,0,0,0,0,0,0,0,0
fm_atan,atan,(D)D,"G,Lstar,Ole",fm_atan#M001,2519,org.pitest.mutationtest.engine.gregor.mutators.returns.PrimitiveReturnsMutator,PrimitiveReturnsMutator,SURVIVED,D2,1,0,0,0,0,0,0,0,0,0,0,0,0,0,0,0,0,0,0,0,0,0,0,0,0,0,0,0,0,0,0,0,0,0,0,0,0,0,0,0,0,0,0,0,0,0,0,0,0,0,0,0,0,0,0,0,0,0,0,0,0,0,0,0,0,0,0,0,0,0,0,0,0,0,0,0,0,0,0,0,0,0,0,0,0,0
fm_toradians,toRadians,(D)D,"Lstar,Istar",fm_toradians#M001,3056,org.pitest.mutationtest.engine.gregor.mutators.MathMutator,MathMutator,KILLED,D1,1,1,1,1,0,0,0,0,0,0,0,0,1,0,0,0,0,0,0,0,0,0,0,0,0,1,0,1,0,0,1,0,0,0,0,0,0,0,0,0,0,0,0,0,0,0,0,0,0,1,0,0,0,0,1,0,0,0,0,0,0,0,0,0,0,0,0,0,0,0,0,0,0,0,0,0,0,0,0,0,0,0,0,0,0,0
fm_toradians,toRadians,(D)D,"Lstar,Istar",fm_toradians#M002,3058,org.pitest.mutationtest.engine.gregor.mutators.MathMutator,MathMutator,KILLED,D1,1,1,1,1,0,0,0,0,0,0,0,0,1,0,0,0,0,0,0,0,0,0,0,0,0,1,0,1,0,0,1,0,0,0,0,0,0,0,0,0,0,0,0,0,0,0,0,0,0,1,0,0,0,0,1,0,0,0,0,0,0,0,0,0,0,0,0,0,0,0,0,0,0,0,0,0,0,0,0,0,0,0,0,0,0,0
fm_toradians,toRadians,(D)D,"Lstar,Istar",fm_toradians#M003,3058,org.pitest.mutationtest.engine.gregor.mutators.MathMutator,MathMutator,KILLED,D1,1,1,1,1,0,0,0,0,0,0,0,0,1,0,0,0,0,0,0,0,0,0,0,0,0,1,0,1,0,0,1,0,0,0,0,0,0,0,0,0,0,0,0,0,0,0,0,0,0,1,0,0,0,0,1,0,0,0,0,0,0,0,0,0,0,0,0,0,0,0,0,0,0,0,0,0,0,0,0,0,0,0,0,0,0,0
fm_toradians,toRadians,(D)D,"Lstar,Istar",fm_toradians#M004,3058,org.pitest.mutationtest.engine.gregor.mutators.MathMutator,MathMutator,KILLED,D1,1,1,1,1,0,0,0,0,0,0,0,0,1,0,0,0,0,0,0,0,0,0,0,0,0,1,0,1,0,0,1,0,0,0,0,0,0,0,0,0,0,0,0,0,0,0,0,0,0,1,0,0,0,0,1,0,0,0,0,0,0,0,0,0,0,0,0,0,0,0,0,0,0,0,0,0,0,0,0,0,0,0,0,0,0,0
fm_toradians,toRadians,(D)D,"Lstar,Istar",fm_toradians#M005,3058,org.pitest.mutationtest.engine.gregor.mutators.MathMutator,MathMutator,KILLED,D1,1,1,1,1,0,0,0,0,0,0,0,0,1,0,0,0,0,0,0,0,0,0,0,0,0,1,0,1,0,0,1,0,0,0,0,0,0,0,0,0,0,0,0,0,0,0,0,0,0,1,0,0,0,0,1,0,0,0,0,0,0,0,0,0,0,0,0,0,0,0,0,0,0,0,0,0,0,0,0,0,0,0,0,0,0,0
fm_toradians,toRadians,(D)D,"Lstar,Istar",fm_toradians#M006,3058,org.pitest.mutationtest.engine.gregor.mutators.MathMutator,MathMutator,KILLED,D1,1,1,1,0,0,0,0,0,0,0,0,0,1,0,0,0,0,0,0,0,0,0,0,0,0,0,0,0,0,0,0,0,0,0,0,0,0,0,0,0,0,0,0,0,0,0,0,0,0,0,0,0,0,0,1,0,0,0,0,0,0,0,0,0,0,0,0,0,0,0,0,0,0,0,0,0,0,0,0,0,0,0,0,0,0,0
fm_toradians,toRadians,(D)D,"Lstar,Istar",fm_toradians#M007,3058,org.pitest.mutationtest.engine.gregor.mutators.MathMutator,MathMutator,KILLED,D1,1,1,1,1,0,0,0,0,0,0,0,0,1,0,0,0,0,0,0,0,0,0,0,0,0,1,0,1,0,0,1,0,0,0,0,0,0,0,0,0,0,0,0,0,0,0,0,0,0,1,0,0,0,0,1,0,0,0,0,0,0,0,0,0,0,0,0,0,0,0,0,0,0,0,0,0,0,0,0,0,0,0,0,0,0,0
fm_toradians,toRadians,(D)D,"Lstar,Istar",fm_toradians#M008,3058,org.pitest.mutationtest.engine.gregor.mutators.MathMutator,MathMutator,KILLED,D1,1,1,1,1,0,0,0,0,0,0,0,0,1,0,0,0,0,0,0,0,0,0,0,0,0,1,0,1,0,0,1,0,0,0,0,0,0,0,0,0,0,0,0,0,0,0,0,0,0,1,0,0,0,0,1,0,0,0,0,0,0,0,0,0,0,0,0,0,0,0,0,0,0,0,0,0,0,0,0,0,0,0,0,0,0,0
fm_toradians,toRadians,(D)D,"Lstar,Istar",fm_toradians#M009,3060,org.pitest.mutationtest.engine.gregor.mutators.MathMutator,MathMutator,NO_COVERAGE,D1,0,0,0,0,0,0,0,0,0,0,0,0,0,0,0,0,0,0,0,0,0,0,0,0,0,0,0,0,0,0,0,0,0,0,0,0,0,0,0,0,0,0,0,0,0,0,0,0,0,0,0,0,0,0,0,0,0,0,0,0,0,0,0,0,0,0,0,0,0,0,0,0,0,0,0,0,0,0,0,0,0,0,0,0,0,0
fm_toradians,toRadians,(D)D,"Lstar,Istar",fm_toradians#M010,3047,org.pitest.mutationtest.engine.gregor.mutators.RemoveConditionalMutator_EQUAL_ELSE,RemoveConditionalMutator_EQUAL_ELSE,KILLED,D1,1,1,1,0,0,0,0,0,0,0,0,0,1,0,0,0,0,0,0,0,0,0,0,0,0,0,0,0,0,0,0,0,0,0,0,0,0,0,0,0,0,0,0,0,0,0,0,0,0,0,0,0,0,0,1,0,0,0,0,0,0,0,0,0,0,0,0,0,0,0,0,0,0,0,0,0,0,0,0,0,0,0,0,0,0,0
fm_toradians,toRadians,(D)D,"Lstar,Istar",fm_toradians#M011,3047,org.pitest.mutationtest.engine.gregor.mutators.RemoveConditionalMutator_EQUAL_ELSE,RemoveConditionalMutator_EQUAL_ELSE,SURVIVED,D1,1,0,0,0,0,0,0,0,0,0,0,0,0,0,0,0,0,0,0,0,0,0,0,0,0,0,0,0,0,0,0,0,0,0,0,0,0,0,0,0,0,0,0,0,0,0,0,0,0,0,0,0,0,0,0,0,0,0,0,0,0,0,0,0,0,0,0,0,0,0,0,0,0,0,0,0,0,0,0,0,0,0,0,0,0,0
fm_toradians,toRadians,(D)D,"Lstar,Istar",fm_toradians#M012,3059,org.pitest.mutationtest.engine.gregor.mutators.RemoveConditionalMutator_EQUAL_ELSE,RemoveConditionalMutator_EQUAL_ELSE,SURVIVED,D1,1,0,0,0,0,0,0,0,0,0,0,0,0,0,0,0,0,0,0,0,0,0,0,0,0,0,0,0,0,0,0,0,0,0,0,0,0,0,0,0,0,0,0,0,0,0,0,0,0,0,0,0,0,0,0,0,0,0,0,0,0,0,0,0,0,0,0,0,0,0,0,0,0,0,0,0,0,0,0,0,0,0,0,0,0,0
fm_toradians,toRadians,(D)D,"Lstar,Istar",fm_toradians#M013,3048,org.pitest.mutationtest.engine.gregor.mutators.returns.PrimitiveReturnsMutator,PrimitiveReturnsMutator,SURVIVED,D2,1,0,0,0,0,0,0,0,0,0,0,0,0,0,0,0,0,0,0,0,0,0,0,0,0,0,0,0,0,0,0,0,0,0,0,0,0,0,0,0,0,0,0,0,0,0,0,0,0,0,0,0,0,0,0,0,0,0,0,0,0,0,0,0,0,0,0,0,0,0,0,0,0,0,0,0,0,0,0,0,0,0,0,0,0,0
fm_toradians,toRadians,(D)D,"Lstar,Istar",fm_toradians#M014,3062,org.pitest.mutationtest.engine.gregor.mutators.returns.PrimitiveReturnsMutator,PrimitiveReturnsMutator,KILLED,D2,1,1,1,0,0,0,0,0,0,0,0,0,1,0,0,0,0,0,0,0,0,0,0,0,0,0,0,0,0,0,0,0,0,0,0,0,0,0,0,0,0,0,0,0,0,0,0,0,0,0,0,0,0,0,1,0,0,0,0,0,0,0,0,0,0,0,0,0,0,0,0,0,0,0,0,0,0,0,0,0,0,0,0,0,0,0
fm_todegrees,toDegrees,(D)D,"Lstar,Istar",fm_todegrees#M001,3081,org.pitest.mutationtest.engine.gregor.mutators.MathMutator,MathMutator,KILLED,D1,1,1,1,1,0,0,0,0,0,0,0,0,1,0,0,0,0,0,0,0,0,0,0,0,0,1,0,1,0,0,1,0,0,0,0,0,0,0,0,0,0,0,0,0,0,0,0,0,0,1,0,0,0,0,1,0,0,0,0,0,0,0,0,0,0,0,0,0,0,0,0,0,0,0,0,0,0,0,0,0,0,0,0,0,0,0
fm_todegrees,toDegrees,(D)D,"Lstar,Istar",fm_todegrees#M002,3083,org.pitest.mutationtest.engine.gregor.mutators.MathMutator,MathMutator,KILLED,D1,1,1,1,1,0,0,0,0,0,0,0,0,1,0,0,0,0,0,0,0,0,0,0,0,0,1,0,1,0,0,1,0,0,0,0,0,0,0,0,0,0,0,0,0,0,0,0,0,0,1,0,0,0,0,1,0,0,0,0,0,0,0,0,0,0,0,0,0,0,0,0,0,0,0,0,0,0,0,0,0,0,0,0,0,0,0
fm_todegrees,toDegrees,(D)D,"Lstar,Istar",fm_todegrees#M003,3083,org.pitest.mutationtest.engine.gregor.mutators.MathMutator,MathMutator,KILLED,D1,1,1,1,1,0,0,0,0,0,0,0,0,1,0,0,0,0,0,0,0,0,0,0,0,0,1,0,1,0,0,1,0,0,0,0,0,0,0,0,0,0,0,0,0,0,0,0,0,0,1,0,0,0,0,1,0,0,0,0,0,0,0,0,0,0,0,0,0,0,0,0,0,0,0,0,0,0,0,0,0,0,0,0,0,0,0
fm_todegrees,toDegrees,(D)D,"Lstar,Istar",fm_todegrees#M004,3083,org.pitest.mutationtest.engine.gregor.mutators.MathMutator,MathMutator,KILLED,D1,1,1,1,1,0,0,0,0,0,0,0,0,1,0,0,0,0,0,0,0,0,0,0,0,0,1,0,1,0,0,1,0,0,0,0,0,0,0,0,0,0,0,0,0,0,0,0,0,0,1,0,0,0,0,1,0,0,0,0,0,0,0,0,0,0,0,0,0,0,0,0,0,0,0,0,0,0,0,0,0,0,0,0,0,0,0
fm_todegrees,toDegrees,(D)D,"Lstar,Istar",fm_todegrees#M005,3083,org.pitest.mutationtest.engine.gregor.mutators.MathMutator,MathMutator,KILLED,D1,1,1,1,1,0,0,0,0,0,0,0,0,1,0,0,0,0,0,0,0,0,0,0,0,0,1,0,1,0,0,1,0,0,0,0,0,0,0,0,0,0,0,0,0,0,0,0,0,0,1,0,0,0,0,1,0,0,0,0,0,0,0,0,0,0,0,0,0,0,0,0,0,0,0,0,0,0,0,0,0,0,0,0,0,0,0
fm_todegrees,toDegrees,(D)D,"Lstar,Istar",fm_todegrees#M006,3083,org.pitest.mutationtest.engine.gregor.mutators.MathMutator,MathMutator,KILLED,D1,1,1,1,0,0,0,0,0,0,0,0,0,1,0,0,0,0,0,0,0,0,0,0,0,0,0,0,0,0,0,0,0,0,0,0,0,0,0,0,0,0,0,0,0,0,0,0,0,0,0,0,0,0,0,1,0,0,0,0,0,0,0,0,0,0,0,0,0,0,0,0,0,0,0,0,0,0,0,0,0,0,0,0,0,0,0
fm_todegrees,toDegrees,(D)D,"Lstar,Istar",fm_todegrees#M007,3083,org.pitest.mutationtest.engine.gregor.mutators.MathMutator,MathMutator,KILLED,D1,1,1,1,1,0,0,0,0,0,0,0,0,1,0,0,0,0,0,0,0,0,0,0,0,0,1,0,1,0,0,1,0,0,0,0,0,0,0,0,0,0,0,0,0,0,0,0,0,0,1,0,0,0,0,1,0,0,0,0,0,0,0,0,0,0,0,0,0,0,0,0,0,0,0,0,0,0,0,0,0,0,0,0,0,0,0
fm_todegrees,toDegrees,(D)D,"Lstar,Istar",fm_todegrees#M008,3083,org.pitest.mutationtest.engine.gregor.mutators.MathMutator,MathMutator,KILLED,D1,1,1,1,1,0,0,0,0,0,0,0,0,1,0,0,0,0,0,0,0,0,0,0,0,0,1,0,1,0,0,1,0,0,0,0,0,0,0,0,0,0,0,0,0,0,0,0,0,0,1,0,0,0,0,1,0,0,0,0,0,0,0,0,0,0,0,0,0,0,0,0,0,0,0,0,0,0,0,0,0,0,0,0,0,0,0
fm_todegrees,toDegrees,(D)D,"Lstar,Istar",fm_todegrees#M009,3072,org.pitest.mutationtest.engine.gregor.mutators.RemoveConditionalMutator_EQUAL_ELSE,RemoveConditionalMutator_EQUAL_ELSE,KILLED,D1,1,1,1,0,0,0,0,0,0,0,0,0,1,0,0,0,0,0,0,0,0,0,0,0,0,0,0,0,0,0,0,0,0,0,0,0,0,0,0,0,0,0,0,0,0,0,0,0,0,0,0,0,0,0,1,0,0,0,0,0,0,0,0,0,0,0,0,0,0,0,0,0,0,0,0,0,0,0,0,0,0,0,0,0,0,0
fm_todegrees,toDegrees,(D)D,"Lstar,Istar",fm_todegrees#M010,3072,org.pitest.mutationtest.engine.gregor.mutators.RemoveConditionalMutator_EQUAL_ELSE,RemoveConditionalMutator_EQUAL_ELSE,SURVIVED,D1,1,0,0,0,0,0,0,0,0,0,0,0,0,0,0,0,0,0,0,0,0,0,0,0,0,0,0,0,0,0,0,0,0,0,0,0,0,0,0,0,0,0,0,0,0,0,0,0,0,0,0,0,0,0,0,0,0,0,0,0,0,0,0,0,0,0,0,0,0,0,0,0,0,0,0,0,0,0,0,0,0,0,0,0,0,0
fm_todegrees,toDegrees,(D)D,"Lstar,Istar",fm_todegrees#M011,3073,org.pitest.mutationtest.engine.gregor.mutators.returns.PrimitiveReturnsMutator,PrimitiveReturnsMutator,SURVIVED,D2,1,0,0,0,0,0,0,0,0,0,0,0,0,0,0,0,0,0,0,0,0,0,0,0,0,0,0,0,0,0,0,0,0,0,0,0,0,0,0,0,0,0,0,0,0,0,0,0,0,0,0,0,0,0,0,0,0,0,0,0,0,0,0,0,0,0,0,0,0,0,0,0,0,0,0,0,0,0,0,0,0,0,0,0,0,0
fm_todegrees,toDegrees,(D)D,"Lstar,Istar",fm_todegrees#M012,3083,org.pitest.mutationtest.engine.gregor.mutators.returns.PrimitiveReturnsMutator,PrimitiveReturnsMutator,KILLED,D2,1,1,1,0,0,0,0,0,0,0,0,0,1,0,0,0,0,0,0,0,0,0,0,0,0,0,0,0,0,0,0,0,0,0,0,0,0,0,0,0,0,0,0,0,0,0,0,0,0,0,0,0,0,0,1,0,0,0,0,0,0,0,0,0,0,0,0,0,0,0,0,0,0,0,0,0,0,0,0,0,0,0,0,0,0,0
fm_copysign,copySign,(DD)D,"Lstar,Istar",fm_copysign#M001,4060,org.pitest.mutationtest.engine.gregor.mutators.ConditionalsBoundaryMutator,ConditionalsBoundaryMutator,KILLED,D1,1,1,0,0,0,0,0,0,0,0,0,0,0,0,0,0,0,0,0,0,0,0,0,0,0,0,0,0,0,0,0,0,0,0,0,0,0,0,0,0,0,0,0,0,0,0,0,0,0,0,0,1,0,0,0,0,0,0,0,0,0,0,0,0,0,0,0,0,0,0,0,0,0,0,0,0,0,0,0,0,0,0,1,0,0,0
fm_copysign,copySign,(DD)D,"Lstar,Istar",fm_copysign#M002,4063,org.pitest.mutationtest.engine.gregor.mutators.InvertNegsMutator,InvertNegsMutator,KILLED,D1,1,1,0,0,0,0,0,0,0,0,0,0,0,0,0,0,0,0,0,0,0,0,0,0,0,0,0,0,0,0,0,0,0,0,0,0,0,0,0,0,0,0,0,0,0,0,0,0,0,0,0,0,0,0,0,0,0,0,0,0,0,0,0,0,0,0,0,0,0,0,0,0,0,0,0,0,0,0,0,0,0,0,1,0,0,0
fm_copysign,copySign,(DD)D,"Lstar,Istar",fm_copysign#M003,4060,org.pitest.mutationtest.engine.gregor.mutators.MathMutator,MathMutator,KILLED,D1,1,1,0,0,0,0,0,0,0,0,0,0,0,0,0,0,0,0,0,0,0,0,0,0,0,0,0,0,0,0,0,0,0,0,0,0,0,0,0,0,0,0,0,0,0,0,0,0,0,0,0,0,0,0,0,0,0,0,0,0,0,0,0,0,0,0,0,0,0,0,0,0,0,0,0,0,0,0,0,0,0,0,1,0,0,0
fm_copysign,copySign,(DD)D,"Lstar,Istar",fm_copysign#M004,4060,org.pitest.mutationtest.engine.gregor.mutators.RemoveConditionalMutator_ORDER_ELSE,RemoveConditionalMutator_ORDER_ELSE,KILLED,D1,1,1,0,0,0,0,0,0,0,0,0,0,0,0,0,0,0,0,0,0,0,0,0,0,0,0,0,0,0,0,0,0,0,0,0,0,0,0,0,0,0,0,0,0,0,0,0,0,0,0,0,1,0,0,0,0,0,0,0,0,0,0,0,0,0,0,0,0,0,0,0,0,0,0,0,0,0,0,0,0,0,0,1,0,0,0
fm_copysign,copySign,(DD)D,"Lstar,Istar",fm_copysign#M005,4061,org.pitest.mutationtest.engine.gregor.mutators.returns.PrimitiveReturnsMutator,PrimitiveReturnsMutator,KILLED,D2,1,1,1,1,0,0,0,0,0,0,0,0,0,0,0,1,0,0,0,0,0,0,0,0,0,0,0,1,0,0,0,0,0,0,0,0,0,0,0,0,0,0,0,0,0,0,0,0,0,0,0,1,0,0,0,0,0,0,1,0,0,0,0,0,0,0,0,0,0,0,0,0,0,0,0,0,0,0,0,0,0,0,1,0,0,0
fm_copysign,copySign,(DD)D,"Lstar,Istar",fm_copysign#M006,4063,org.pitest.mutationtest.engine.gregor.mutators.returns.PrimitiveReturnsMutator,PrimitiveReturnsMutator,KILLED,D2,1,1,1,1,0,0,0,0,0,0,0,0,0,0,0,1,0,0,0,0,0,0,0,0,0,0,0,1,0,0,0,0,0,0,0,0,0,0,0,0,0,0,0,0,0,0,0,0,0,0,0,0,0,0,0,0,0,0,1,0,0,0,0,0,0,0,0,0,0,0,0,0,0,0,0,0,0,0,0,0,0,0,1,0,0,0
fm_scalb,scalb,(DI)D,"Lstar,Istar",fm_scalb#M001,3161,org.pitest.mutationtest.engine.gregor.mutators.ConditionalsBoundaryMutator,ConditionalsBoundaryMutator,SURVIVED,D1,1,0,0,0,0,0,0,0,0,0,0,0,0,0,0,0,0,0,0,0,0,0,0,0,0,0,0,0,0,0,0,0,0,0,0,0,0,0,0,0,0,0,0,0,0,0,0,0,0,0,0,0,0,0,0,0,0,0,0,0,0,0,0,0,0,0,0,0,0,0,0,0,0,0,0,0,0,0,0,0,0,0,0,0,0,0
fm_scalb,scalb,(DI)D,"Lstar,Istar",fm_scalb#M002,3161,org.pitest.mutationtest.engine.gregor.mutators.ConditionalsBoundaryMutator,ConditionalsBoundaryMutator,SURVIVED,D1,1,0,0,0,0,0,0,0,0,0,0,0,0,0,0,0,0,0,0,0,0,0,0,0,0,0,0,0,0,0,0,0,0,0,0,0,0,0,0,0,0,0,0,0,0,0,0,0,0,0,0,0,0,0,0,0,0,0,0,0,0,0,0,0,0,0,0,0,0,0,0,0,0,0,0,0,0,0,0,0,0,0,0,0,0,0
fm_scalb,scalb,(DI)D,"Lstar,Istar",fm_scalb#M003,3169,org.pitest.mutationtest.engine.gregor.mutators.ConditionalsBoundaryMutator,ConditionalsBoundaryMutator,NO_COVERAGE,D1,0,0,0,0,0,0,0,0,0,0,0,0,0,0,0,0,0,0,0,0,0,0,0,0,0,0,0,0,0,0,0,0,0,0,0,0,0,0,0,0,0,0,0,0,0,0,0,0,0,0,0,0,0,0,0,0,0,0,0,0,0,0,0,0,0,0,0,0,0,0,0,0,0,0,0,0,0,0,0,0,0,0,0,0,0,0
fm_scalb,scalb,(DI)D,"Lstar,Istar",fm_scalb#M004,3170,org.pitest.mutationtest.engine.gregor.mutators.ConditionalsBoundaryMutator,ConditionalsBoundaryMutator,NO_COVERAGE,D1,0,0,0,0,0,0,0,0,0,0,0,0,0,0,0,0,0,0,0,0,0,0,0,0,0,0,0,0,0,0,0,0,0,0,0,0,0,0,0,0,0,0,0,0,0,0,0,0,0,0,0,0,0,0,0,0,0,0,0,0,0,0,0,0,0,0,0,0,0,0,0,0,0,0,0,0,0,0,0,0,0,0,0,0,0,0
fm_scalb,scalb,(DI)D,"Lstar,Istar",fm_scalb#M005,3172,org.pitest.mutationtest.engine.gregor.mutators.ConditionalsBoundaryMutator,ConditionalsBoundaryMutator,NO_COVERAGE,D1,0,0,0,0,0,0,0,0,0,0,0,0,0,0,0,0,0,0,0,0,0,0,0,0,0,0,0,0,0,0,0,0,0,0,0,0,0,0,0,0,0,0,0,0,0,0,0,0,0,0,0,0,0,0,0,0,0,0,0,0,0,0,0,0,0,0,0,0,0,0,0,0,0,0,0,0,0,0,0,0,0,0,0,0,0,0
fm_scalb,scalb,(DI)D,"Lstar,Istar",fm_scalb#M006,3173,org.pitest.mutationtest.engine.gregor.mutators.ConditionalsBoundaryMutator,ConditionalsBoundaryMutator,NO_COVERAGE,D1,0,0,0,0,0,0,0,0,0,0,0,0,0,0,0,0,0,0,0,0,0,0,0,0,0,0,0,0,0,0,0,0,0,0,0,0,0,0,0,0,0,0,0,0,0,0,0,0,0,0,0,0,0,0,0,0,0,0,0,0,0,0,0,0,0,0,0,0,0,0,0,0,0,0,0,0,0,0,0,0,0,0,0,0,0,0
fm_scalb,scalb,(DI)D,"Lstar,Istar",fm_scalb#M007,3185,org.pitest.mutationtest.engine.gregor.mutators.ConditionalsBoundaryMutator,ConditionalsBoundaryMutator,NO_COVERAGE,D1,0,0,0,0,0,0,0,0,0,0,0,0,0,0,0,0,0,0,0,0,0,0,0,0,0,0,0,0,0,0,0,0,0,0,0,0,0,0,0,0,0,0,0,0,0,0,0,0,0,0,0,0,0,0,0,0,0,0,0,0,0,0,0,0,0,0,0,0,0,0,0,0,0,0,0,0,0,0,0,0,0,0,0,0,0,0
fm_scalb,scalb,(DI)D,"Lstar,Istar",fm_scalb#M008,3187,org.pitest.mutationtest.engine.gregor.mutators.ConditionalsBoundaryMutator,ConditionalsBoundaryMutator,NO_COVERAGE,D1,0,0,0,0,0,0,0,0,0,0,0,0,0,0,0,0,0,0,0,0,0,0,0,0,0,0,0,0,0,0,0,0,0,0,0,0,0,0,0,0,0,0,0,0,0,0,0,0,0,0,0,0,0,0,0,0,0,0,0,0,0,0,0,0,0,0,0,0,0,0,0,0,0,0,0,0,0,0,0,0,0,0,0,0,0,0
fm_scalb,scalb,(DI)D,"Lstar,Istar",fm_scalb#M009,3190,org.pitest.mutationtest.engine.gregor.mutators.ConditionalsBoundaryMutator,ConditionalsBoundaryMutator,NO_COVERAGE,D1,0,0,0,0,0,0,0,0,0,0,0,0,0,0,0,0,0,0,0,0,0,0,0,0,0,0,0,0,0,0,0,0,0,0,0,0,0,0,0,0,0,0,0,0,0,0,0,0,0,0,0,0,0,0,0,0,0,0,0,0,0,0,0,0,0,0,0,0,0,0,0,0,0,0,0,0,0,0,0,0,0,0,0,0,0,0
fm_scalb,scalb,(DI)D,"Lstar,Istar",fm_scalb#M010,3221,org.pitest.mutationtest.engine.gregor.mutators.ConditionalsBoundaryMutator,ConditionalsBoundaryMutator,NO_COVERAGE,D1,0,0,0,0,0,0,0,0,0,0,0,0,0,0,0,0,0,0,0,0,0,0,0,0,0,0,0,0,0,0,0,0,0,0,0,0,0,0,0,0,0,0,0,0,0,0,0,0,0,0,0,0,0,0,0,0,0,0,0,0,0,0,0,0,0,0,0,0,0,0,0,0,0,0,0,0,0,0,0,0,0,0,0,0,0,0
fm_scalb,scalb,(DI)D,"Lstar,Istar",fm_scalb#M011,3227,org.pitest.mutationtest.engine.gregor.mutators.ConditionalsBoundaryMutator,ConditionalsBoundaryMutator,NO_COVERAGE,D1,0,0,0,0,0,0,0,0,0,0,0,0,0,0,0,0,0,0,0,0,0,0,0,0,0,0,0,0,0,0,0,0,0,0,0,0,0,0,0,0,0,0,0,0,0,0,0,0,0,0,0,0,0,0,0,0,0,0,0,0,0,0,0,0,0,0,0,0,0,0,0,0,0,0,0,0,0,0,0,0,0,0,0,0,0,0
fm_scalb,scalb,(DI)D,"Lstar,Istar",fm_scalb#M012,3216,org.pitest.mutationtest.engine.gregor.mutators.IncrementsMutator,IncrementsMutator,NO_COVERAGE,D1,0,0,0,0,0,0,0,0,0,0,0,0,0,0,0,0,0,0,0,0,0,0,0,0,0,0,0,0,0,0,0,0,0,0,0,0,0,0,0,0,0,0,0,0,0,0,0,0,0,0,0,0,0,0,0,0,0,0,0,0,0,0,0,0,0,0,0,0,0,0,0,0,0,0,0,0,0,0,0,0,0,0,0,0,0,0
fm_scalb,scalb,(DI)D,"Lstar,Istar",fm_scalb#M013,3218,org.pitest.mutationtest.engine.gregor.mutators.IncrementsMutator,IncrementsMutator,NO_COVERAGE,D1,0,0,0,0,0,0,0,0,0,0,0,0,0,0,0,0,0,0,0,0,0,0,0,0,0,0,0,0,0,0,0,0,0,0,0,0,0,0,0,0,0,0,0,0,0,0,0,0,0,0,0,0,0,0,0,0,0,0,0,0,0,0,0,0,0,0,0,0,0,0,0,0,0,0,0,0,0,0,0,0,0,0,0,0,0,0
fm_scalb,scalb,(DI)D,"Lstar,Istar",fm_scalb#M014,3197,org.pitest.mutationtest.engine.gregor.mutators.InvertNegsMutator,InvertNegsMutator,NO_COVERAGE,D1,0,0,0,0,0,0,0,0,0,0,0,0,0,0,0,0,0,0,0,0,0,0,0,0,0,0,0,0,0,0,0,0,0,0,0,0,0,0,0,0,0,0,0,0,0,0,0,0,0,0,0,0,0,0,0,0,0,0,0,0,0,0,0,0,0,0,0,0,0,0,0,0,0,0,0,0,0,0,0,0,0,0,0,0,0,0
fm_scalb,scalb,(DI)D,"Lstar,Istar",fm_scalb#M015,3162,org.pitest.mutationtest.engine.gregor.mutators.MathMutator,MathMutator,KILLED,D1,1,1,1,0,0,0,0,0,0,0,0,0,0,0,0,0,0,0,0,0,1,0,0,0,0,0,0,0,0,0,0,0,0,0,0,0,0,0,0,0,0,0,0,0,0,0,0,0,0,0,1,0,0,0,0,0,0,0,0,0,0,0,0,0,0,0,0,0,0,1,0,0,0,0,0,0,0,0,0,0,0,0,0,0,0,0
fm_scalb,scalb,(DI)D,"Lstar,Istar",fm_scalb#M016,3162,org.pitest.mutationtest.engine.gregor.mutators.MathMutator,MathMutator,KILLED,D1,1,1,1,0,0,0,0,0,0,0,0,0,0,0,0,0,0,0,0,0,1,0,0,0,0,0,0,0,0,0,0,0,0,0,0,0,0,0,0,0,0,0,0,0,0,0,0,0,0,0,0,0,0,0,0,0,0,0,0,0,0,0,0,0,0,0,0,0,0,1,0,0,0,0,0,0,0,0,0,0,0,0,0,0,0,0
fm_scalb,scalb,(DI)D,"Lstar,Istar",fm_scalb#M017,3162,org.pitest.mutationtest.engine.gregor.mutators.MathMutator,MathMutator,KILLED,D1,1,1,1,0,0,0,0,0,0,0,0,0,0,0,0,0,0,0,0,0,1,0,0,0,0,0,0,0,0,0,0,0,0,0,0,0,0,0,0,0,0,0,0,0,0,0,0,0,0,0,0,0,0,0,0,0,0,0,0,0,0,0,0,0,0,0,0,0,0,1,0,0,0,0,0,0,0,0,0,0,0,0,0,0,0,0
fm_scalb,scalb,(DI)D,"Lstar,Istar",fm_scalb#M018,3178,org.pitest.mutationtest.engine.gregor.mutators.MathMutator,MathMutator,NO_COVERAGE,D1,0,0,0,0,0,0,0,0,0,0,0,0,0,0,0,0,0,0,0,0,0,0,0,0,0,0,0,0,0,0,0,0,0,0,0,0,0,0,0,0,0,0,0,0,0,0,0,0,0,0,0,0,0,0,0,0,0,0,0,0,0,0,0,0,0,0,0,0,0,0,0,0,0,0,0,0,0,0,0,0,0,0,0,0,0,0
fm_scalb,scalb,(DI)D,"Lstar,Istar",fm_scalb#M019,3179,org.pitest.mutationtest.engine.gregor.mutators.MathMutator,MathMutator,NO_COVERAGE,D1,0,0,0,0,0,0,0,0,0,0,0,0,0,0,0,0,0,0,0,0,0,0,0,0,0,0,0,0,0,0,0,0,0,0,0,0,0,0,0,0,0,0,0,0,0,0,0,0,0,0,0,0,0,0,0,0,0,0,0,0,0,0,0,0,0,0,0,0,0,0,0,0,0,0,0,0,0,0,0,0,0,0,0,0,0,0
fm_scalb,scalb,(DI)D,"Lstar,Istar",fm_scalb#M020,3179,org.pitest.mutationtest.engine.gregor.mutators.MathMutator,MathMutator,NO_COVERAGE,D1,0,0,0,0,0,0,0,0,0,0,0,0,0,0,0,0,0,0,0,0,0,0,0,0,0,0,0,0,0,0,0,0,0,0,0,0,0,0,0,0,0,0,0,0,0,0,0,0,0,0,0,0,0,0,0,0,0,0,0,0,0,0,0,0,0,0,0,0,0,0,0,0,0,0,0,0,0,0,0,0,0,0,0,0,0,0
fm_scalb,scalb,(DI)D,"Lstar,Istar",fm_scalb#M021,3180,org.pitest.mutationtest.engine.gregor.mutators.MathMutator,MathMutator,NO_COVERAGE,D1,0,0,0,0,0,0,0,0,0,0,0,0,0,0,0,0,0,0,0,0,0,0,0,0,0,0,0,0,0,0,0,0,0,0,0,0,0,0,0,0,0,0,0,0,0,0,0,0,0,0,0,0,0,0,0,0,0,0,0,0,0,0,0,0,0,0,0,0,0,0,0,0,0,0,0,0,0,0,0,0,0,0,0,0,0,0
fm_scalb,scalb,(DI)D,"Lstar,Istar",fm_scalb#M022,3183,org.pitest.mutationtest.engine.gregor.mutators.MathMutator,MathMutator,NO_COVERAGE,D1,0,0,0,0,0,0,0,0,0,0,0,0,0,0,0,0,0,0,0,0,0,0,0,0,0,0,0,0,0,0,0,0,0,0,0,0,0,0,0,0,0,0,0,0,0,0,0,0,0,0,0,0,0,0,0,0,0,0,0,0,0,0,0,0,0,0,0,0,0,0,0,0,0,0,0,0,0,0,0,0,0,0,0,0,0,0
fm_scalb,scalb,(DI)D,"Lstar,Istar",fm_scalb#M023,3189,org.pitest.mutationtest.engine.gregor.mutators.MathMutator,MathMutator,NO_COVERAGE,D1,0,0,0,0,0,0,0,0,0,0,0,0,0,0,0,0,0,0,0,0,0,0,0,0,0,0,0,0,0,0,0,0,0,0,0,0,0,0,0,0,0,0,0,0,0,0,0,0,0,0,0,0,0,0,0,0,0,0,0,0,0,0,0,0,0,0,0,0,0,0,0,0,0,0,0,0,0,0,0,0,0,0,0,0,0,0
fm_scalb,scalb,(DI)D,"Lstar,Istar",fm_scalb#M024,3189,org.pitest.mutationtest.engine.gregor.mutators.MathMutator,MathMutator,NO_COVERAGE,D1,0,0,0,0,0,0,0,0,0,0,0,0,0,0,0,0,0,0,0,0,0,0,0,0,0,0,0,0,0,0,0,0,0,0,0,0,0,0,0,0,0,0,0,0,0,0,0,0,0,0,0,0,0,0,0,0,0,0,0,0,0,0,0,0,0,0,0,0,0,0,0,0,0,0,0,0,0,0,0,0,0,0,0,0,0,0
fm_scalb,scalb,(DI)D,"Lstar,Istar",fm_scalb#M025,3189,org.pitest.mutationtest.engine.gregor.mutators.MathMutator,MathMutator,NO_COVERAGE,D1,0,0,0,0,0,0,0,0,0,0,0,0,0,0,0,0,0,0,0,0,0,0,0,0,0,0,0,0,0,0,0,0,0,0,0,0,0,0,0,0,0,0,0,0,0,0,0,0,0,0,0,0,0,0,0,0,0,0,0,0,0,0,0,0,0,0,0,0,0,0,0,0,0,0,0,0,0,0,0,0,0,0,0,0,0,0
fm_scalb,scalb,(DI)D,"Lstar,Istar",fm_scalb#M026,3194,org.pitest.mutationtest.engine.gregor.mutators.MathMutator,MathMutator,NO_COVERAGE,D1,0,0,0,0,0,0,0,0,0,0,0,0,0,0,0,0,0,0,0,0,0,0,0,0,0,0,0,0,0,0,0,0,0,0,0,0,0,0,0,0,0,0,0,0,0,0,0,0,0,0,0,0,0,0,0,0,0,0,0,0,0,0,0,0,0,0,0,0,0,0,0,0,0,0,0,0,0,0,0,0,0,0,0,0,0,0
fm_scalb,scalb,(DI)D,"Lstar,Istar",fm_scalb#M027,3197,org.pitest.mutationtest.engine.gregor.mutators.MathMutator,MathMutator,NO_COVERAGE,D1,0,0,0,0,0,0,0,0,0,0,0,0,0,0,0,0,0,0,0,0,0,0,0,0,0,0,0,0,0,0,0,0,0,0,0,0,0,0,0,0,0,0,0,0,0,0,0,0,0,0,0,0,0,0,0,0,0,0,0,0,0,0,0,0,0,0,0,0,0,0,0,0,0,0,0,0,0,0,0,0,0,0,0,0,0,0
fm_scalb,scalb,(DI)D,"Lstar,Istar",fm_scalb#M028,3197,org.pitest.mutationtest.engine.gregor.mutators.MathMutator,MathMutator,NO_COVERAGE,D1,0,0,0,0,0,0,0,0,0,0,0,0,0,0,0,0,0,0,0,0,0,0,0,0,0,0,0,0,0,0,0,0,0,0,0,0,0,0,0,0,0,0,0,0,0,0,0,0,0,0,0,0,0,0,0,0,0,0,0,0,0,0,0,0,0,0,0,0,0,0,0,0,0,0,0,0,0,0,0,0,0,0,0,0,0,0
fm_scalb,scalb,(DI)D,"Lstar,Istar",fm_scalb#M029,3198,org.pitest.mutationtest.engine.gregor.mutators.MathMutator,MathMutator,NO_COVERAGE,D1,0,0,0,0,0,0,0,0,0,0,0,0,0,0,0,0,0,0,0,0,0,0,0,0,0,0,0,0,0,0,0,0,0,0,0,0,0,0,0,0,0,0,0,0,0,0,0,0,0,0,0,0,0,0,0,0,0,0,0,0,0,0,0,0,0,0,0,0,0,0,0,0,0,0,0,0,0,0,0,0,0,0,0,0,0,0
fm_scalb,scalb,(DI)D,"Lstar,Istar",fm_scalb#M030,3198,org.pitest.mutationtest.engine.gregor.mutators.MathMutator,MathMutator,NO_COVERAGE,D1,0,0,0,0,0,0,0,0,0,0,0,0,0,0,0,0,0,0,0,0,0,0,0,0,0,0,0,0,0,0,0,0,0,0,0,0,0,0,0,0,0,0,0,0,0,0,0,0,0,0,0,0,0,0,0,0,0,0,0,0,0,0,0,0,0,0,0,0,0,0,0,0,0,0,0,0,0,0,0,0,0,0,0,0,0,0
fm_scalb,scalb,(DI)D,"Lstar,Istar",fm_scalb#M031,3201,org.pitest.mutationtest.engine.gregor.mutators.MathMutator,MathMutator,NO_COVERAGE,D1,0,0,0,0,0,0,0,0,0,0,0,0,0,0,0,0,0,0,0,0,0,0,0,0,0,0,0,0,0,0,0,0,0,0,0,0,0,0,0,0,0,0,0,0,0,0,0,0,0,0,0,0,0,0,0,0,0,0,0,0,0,0,0,0,0,0,0,0,0,0,0,0,0,0,0,0,0,0,0,0,0,0,0,0,0,0
fm_scalb,scalb,(DI)D,"Lstar,Istar",fm_scalb#M032,3203,org.pitest.mutationtest.engine.gregor.mutators.MathMutator,MathMutator,NO_COVERAGE,D1,0,0,0,0,0,0,0,0,0,0,0,0,0,0,0,0,0,0,0,0,0,0,0,0,0,0,0,0,0,0,0,0,0,0,0,0,0,0,0,0,0,0,0,0,0,0,0,0,0,0,0,0,0,0,0,0,0,0,0,0,0,0,0,0,0,0,0,0,0,0,0,0,0,0,0,0,0,0,0,0,0,0,0,0,0,0
fm_scalb,scalb,(DI)D,"Lstar,Istar",fm_scalb#M033,3214,org.pitest.mutationtest.engine.gregor.mutators.MathMutator,MathMutator,NO_COVERAGE,D1,0,0,0,0,0,0,0,0,0,0,0,0,0,0,0,0,0,0,0,0,0,0,0,0,0,0,0,0,0,0,0,0,0,0,0,0,0,0,0,0,0,0,0,0,0,0,0,0,0,0,0,0,0,0,0,0,0,0,0,0,0,0,0,0,0,0,0,0,0,0,0,0,0,0,0,0,0,0,0,0,0,0,0,0,0,0
fm_scalb,scalb,(DI)D,"Lstar,Istar",fm_scalb#M034,3215,org.pitest.mutationtest.engine.gregor.mutators.MathMutator,MathMutator,NO_COVERAGE,D1,0,0,0,0,0,0,0,0,0,0,0,0,0,0,0,0,0,0,0,0,0,0,0,0,0,0,0,0,0,0,0,0,0,0,0,0,0,0,0,0,0,0,0,0,0,0,0,0,0,0,0,0,0,0,0,0,0,0,0,0,0,0,0,0,0,0,0,0,0,0,0,0,0,0,0,0,0,0,0,0,0,0,0,0,0,0
fm_scalb,scalb,(DI)D,"Lstar,Istar",fm_scalb#M035,3219,org.pitest.mutationtest.engine.gregor.mutators.MathMutator,MathMutator,NO_COVERAGE,D1,0,0,0,0,0,0,0,0,0,0,0,0,0,0,0,0,0,0,0,0,0,0,0,0,0,0,0,0,0,0,0,0,0,0,0,0,0,0,0,0,0,0,0,0,0,0,0,0,0,0,0,0,0,0,0,0,0,0,0,0,0,0,0,0,0,0,0,0,0,0,0,0,0,0,0,0,0,0,0,0,0,0,0,0,0,0
fm_scalb,scalb,(DI)D,"Lstar,Istar",fm_scalb#M036,3222,org.pitest.mutationtest.engine.gregor.mutators.MathMutator,MathMutator,NO_COVERAGE,D1,0,0,0,0,0,0,0,0,0,0,0,0,0,0,0,0,0,0,0,0,0,0,0,0,0,0,0,0,0,0,0,0,0,0,0,0,0,0,0,0,0,0,0,0,0,0,0,0,0,0,0,0,0,0,0,0,0,0,0,0,0,0,0,0,0,0,0,0,0,0,0,0,0,0,0,0,0,0,0,0,0,0,0,0,0,0
fm_scalb,scalb,(DI)D,"Lstar,Istar",fm_scalb#M037,3222,org.pitest.mutationtest.engine.gregor.mutators.MathMutator,MathMutator,NO_COVERAGE,D1,0,0,0,0,0,0,0,0,0,0,0,0,0,0,0,0,0,0,0,0,0,0,0,0,0,0,0,0,0,0,0,0,0,0,0,0,0,0,0,0,0,0,0,0,0,0,0,0,0,0,0,0,0,0,0,0,0,0,0,0,0,0,0,0,0,0,0,0,0,0,0,0,0,0,0,0,0,0,0,0,0,0,0,0,0,0
fm_scalb,scalb,(DI)D,"Lstar,Istar",fm_scalb#M038,3222,org.pitest.mutationtest.engine.gregor.mutators.MathMutator,MathMutator,NO_COVERAGE,D1,0,0,0,0,0,0,0,0,0,0,0,0,0,0,0,0,0,0,0,0,0,0,0,0,0,0,0,0,0,0,0,0,0,0,0,0,0,0,0,0,0,0,0,0,0,0,0,0,0,0,0,0,0,0,0,0,0,0,0,0,0,0,0,0,0,0,0,0,0,0,0,0,0,0,0,0,0,0,0,0,0,0,0,0,0,0
fm_scalb,scalb,(DI)D,"Lstar,Istar",fm_scalb#M039,3228,org.pitest.mutationtest.engine.gregor.mutators.MathMutator,MathMutator,NO_COVERAGE,D1,0,0,0,0,0,0,0,0,0,0,0,0,0,0,0,0,0,0,0,0,0,0,0,0,0,0,0,0,0,0,0,0,0,0,0,0,0,0,0,0,0,0,0,0,0,0,0,0,0,0,0,0,0,0,0,0,0,0,0,0,0,0,0,0,0,0,0,0,0,0,0,0,0,0,0,0,0,0,0,0,0,0,0,0,0,0
fm_scalb,scalb,(DI)D,"Lstar,Istar",fm_scalb#M040,3228,org.pitest.mutationtest.engine.gregor.mutators.MathMutator,MathMutator,NO_COVERAGE,D1,0,0,0,0,0,0,0,0,0,0,0,0,0,0,0,0,0,0,0,0,0,0,0,0,0,0,0,0,0,0,0,0,0,0,0,0,0,0,0,0,0,0,0,0,0,0,0,0,0,0,0,0,0,0,0,0,0,0,0,0,0,0,0,0,0,0,0,0,0,0,0,0,0,0,0,0,0,0,0,0,0,0,0,0,0,0
fm_scalb,scalb,(DI)D,"Lstar,Istar",fm_scalb#M041,3228,org.pitest.mutationtest.engine.gregor.mutators.MathMutator,MathMutator,NO_COVERAGE,D1,0,0,0,0,0,0,0,0,0,0,0,0,0,0,0,0,0,0,0,0,0,0,0,0,0,0,0,0,0,0,0,0,0,0,0,0,0,0,0,0,0,0,0,0,0,0,0,0,0,0,0,0,0,0,0,0,0,0,0,0,0,0,0,0,0,0,0,0,0,0,0,0,0,0,0,0,0,0,0,0,0,0,0,0,0,0
fm_scalb,scalb,(DI)D,"Lstar,Istar",fm_scalb#M042,3166,org.pitest.mutationtest.engine.gregor.mutators.RemoveConditionalMutator_EQUAL_ELSE,RemoveConditionalMutator_EQUAL_ELSE,NO_COVERAGE,D1,0,0,0,0,0,0,0,0,0,0,0,0,0,0,0,0,0,0,0,0,0,0,0,0,0,0,0,0,0,0,0,0,0,0,0,0,0,0,0,0,0,0,0,0,0,0,0,0,0,0,0,0,0,0,0,0,0,0,0,0,0,0,0,0,0,0,0,0,0,0,0,0,0,0,0,0,0,0,0,0,0,0,0,0,0,0
fm_scalb,scalb,(DI)D,"Lstar,Istar",fm_scalb#M043,3166,org.pitest.mutationtest.engine.gregor.mutators.RemoveConditionalMutator_EQUAL_ELSE,RemoveConditionalMutator_EQUAL_ELSE,NO_COVERAGE,D1,0,0,0,0,0,0,0,0,0,0,0,0,0,0,0,0,0,0,0,0,0,0,0,0,0,0,0,0,0,0,0,0,0,0,0,0,0,0,0,0,0,0,0,0,0,0,0,0,0,0,0,0,0,0,0,0,0,0,0,0,0,0,0,0,0,0,0,0,0,0,0,0,0,0,0,0,0,0,0,0,0,0,0,0,0,0
fm_scalb,scalb,(DI)D,"Lstar,Istar",fm_scalb#M044,3166,org.pitest.mutationtest.engine.gregor.mutators.RemoveConditionalMutator_EQUAL_ELSE,RemoveConditionalMutator_EQUAL_ELSE,NO_COVERAGE,D1,0,0,0,0,0,0,0,0,0,0,0,0,0,0,0,0,0,0,0,0,0,0,0,0,0,0,0,0,0,0,0,0,0,0,0,0,0,0,0,0,0,0,0,0,0,0,0,0,0,0,0,0,0,0,0,0,0,0,0,0,0,0,0,0,0,0,0,0,0,0,0,0,0,0,0,0,0,0,0,0,0,0,0,0,0,0
fm_scalb,scalb,(DI)D,"Lstar,Istar",fm_scalb#M045,3199,org.pitest.mutationtest.engine.gregor.mutators.RemoveConditionalMutator_EQUAL_ELSE,RemoveConditionalMutator_EQUAL_ELSE,NO_COVERAGE,D1,0,0,0,0,0,0,0,0,0,0,0,0,0,0,0,0,0,0,0,0,0,0,0,0,0,0,0,0,0,0,0,0,0,0,0,0,0,0,0,0,0,0,0,0,0,0,0,0,0,0,0,0,0,0,0,0,0,0,0,0,0,0,0,0,0,0,0,0,0,0,0,0,0,0,0,0,0,0,0,0,0,0,0,0,0,0
fm_scalb,scalb,(DI)D,"Lstar,Istar",fm_scalb#M046,3207,org.pitest.mutationtest.engine.gregor.mutators.RemoveConditionalMutator_EQUAL_ELSE,RemoveConditionalMutator_EQUAL_ELSE,NO_COVERAGE,D1,0,0,0,0,0,0,0,0,0,0,0,0,0,0,0,0,0,0,0,0,0,0,0,0,0,0,0,0,0,0,0,0,0,0,0,0,0,0,0,0,0,0,0,0,0,0,0,0,0,0,0,0,0,0,0,0,0,0,0,0,0,0,0,0,0,0,0,0,0,0,0,0,0,0,0,0,0,0,0,0,0,0,0,0,0,0
fm_scalb,scalb,(DI)D,"Lstar,Istar",fm_scalb#M047,3211,org.pitest.mutationtest.engine.gregor.mutators.RemoveConditionalMutator_EQUAL_ELSE,RemoveConditionalMutator_EQUAL_ELSE,NO_COVERAGE,D1,0,0,0,0,0,0,0,0,0,0,0,0,0,0,0,0,0,0,0,0,0,0,0,0,0,0,0,0,0,0,0,0,0,0,0,0,0,0,0,0,0,0,0,0,0,0,0,0,0,0,0,0,0,0,0,0,0,0,0,0,0,0,0,0,0,0,0,0,0,0,0,0,0,0,0,0,0,0,0,0,0,0,0,0,0,0
fm_scalb,scalb,(DI)D,"Lstar,Istar",fm_scalb#M048,3214,org.pitest.mutationtest.engine.gregor.mutators.RemoveConditionalMutator_EQUAL_ELSE,RemoveConditionalMutator_EQUAL_ELSE,NO_COVERAGE,D1,0,0,0,0,0,0,0,0,0,0,0,0,0,0,0,0,0,0,0,0,0,0,0,0,0,0,0,0,0,0,0,0,0,0,0,0,0,0,0,0,0,0,0,0,0,0,0,0,0,0,0,0,0,0,0,0,0,0,0,0,0,0,0,0,0,0,0,0,0,0,0,0,0,0,0,0,0,0,0,0,0,0,0,0,0,0
fm_scalb,scalb,(DI)D,"Lstar,Istar",fm_scalb#M049,3224,org.pitest.mutationtest.engine.gregor.mutators.RemoveConditionalMutator_EQUAL_ELSE,RemoveConditionalMutator_EQUAL_ELSE,NO_COVERAGE,D1,0,0,0,0,0,0,0,0,0,0,0,0,0,0,0,0,0,0,0,0,0,0,0,0,0,0,0,0,0,0,0,0,0,0,0,0,0,0,0,0,0,0,0,0,0,0,0,0,0,0,0,0,0,0,0,0,0,0,0,0,0,0,0,0,0,0,0,0,0,0,0,0,0,0,0,0,0,0,0,0,0,0,0,0,0,0
fm_scalb,scalb,(DI)D,"Lstar,Istar",fm_scalb#M050,3230,org.pitest.mutationtest.engine.gregor.mutators.RemoveConditionalMutator_EQUAL_ELSE,RemoveConditionalMutator_EQUAL_ELSE,NO_COVERAGE,D1,0,0,0,0,0,0,0,0,0,0,0,0,0,0,0,0,0,0,0,0,0,0,0,0,0,0,0,0,0,0,0,0,0,0,0,0,0,0,0,0,0,0,0,0,0,0,0,0,0,0,0,0,0,0,0,0,0,0,0,0,0,0,0,0,0,0,0,0,0,0,0,0,0,0,0,0,0,0,0,0,0,0,0,0,0,0
fm_scalb,scalb,(DI)D,"Lstar,Istar",fm_scalb#M051,3161,org.pitest.mutationtest.engine.gregor.mutators.RemoveConditionalMutator_ORDER_ELSE,RemoveConditionalMutator_ORDER_ELSE,SURVIVED,D1,1,0,0,0,0,0,0,0,0,0,0,0,0,0,0,0,0,0,0,0,0,0,0,0,0,0,0,0,0,0,0,0,0,0,0,0,0,0,0,0,0,0,0,0,0,0,0,0,0,0,0,0,0,0,0,0,0,0,0,0,0,0,0,0,0,0,0,0,0,0,0,0,0,0,0,0,0,0,0,0,0,0,0,0,0,0
fm_scalb,scalb,(DI)D,"Lstar,Istar",fm_scalb#M052,3161,org.pitest.mutationtest.engine.gregor.mutators.RemoveConditionalMutator_ORDER_ELSE,RemoveConditionalMutator_ORDER_ELSE,SURVIVED,D1,1,0,0,0,0,0,0,0,0,0,0,0,0,0,0,0,0,0,0,0,0,0,0,0,0,0,0,0,0,0,0,0,0,0,0,0,0,0,0,0,0,0,0,0,0,0,0,0,0,0,0,0,0,0,0,0,0,0,0,0,0,0,0,0,0,0,0,0,0,0,0,0,0,0,0,0,0,0,0,0,0,0,0,0,0,0
fm_scalb,scalb,(DI)D,"Lstar,Istar",fm_scalb#M053,3169,org.pitest.mutationtest.engine.gregor.mutators.RemoveConditionalMutator_ORDER_ELSE,RemoveConditionalMutator_ORDER_ELSE,NO_COVERAGE,D1,0,0,0,0,0,0,0,0,0,0,0,0,0,0,0,0,0,0,0,0,0,0,0,0,0,0,0,0,0,0,0,0,0,0,0,0,0,0,0,0,0,0,0,0,0,0,0,0,0,0,0,0,0,0,0,0,0,0,0,0,0,0,0,0,0,0,0,0,0,0,0,0,0,0,0,0,0,0,0,0,0,0,0,0,0,0
fm_scalb,scalb,(DI)D,"Lstar,Istar",fm_scalb#M054,3170,org.pitest.mutationtest.engine.gregor.mutators.RemoveConditionalMutator_ORDER_ELSE,RemoveConditionalMutator_ORDER_ELSE,NO_COVERAGE,D1,0,0,0,0,0,0,0,0,0,0,0,0,0,0,0,0,0,0,0,0,0,0,0,0,0,0,0,0,0,0,0,0,0,0,0,0,0,0,0,0,0,0,0,0,0,0,0,0,0,0,0,0,0,0,0,0,0,0,0,0,0,0,0,0,0,0,0,0,0,0,0,0,0,0,0,0,0,0,0,0,0,0,0,0,0,0
fm_scalb,scalb,(DI)D,"Lstar,Istar",fm_scalb#M055,3172,org.pitest.mutationtest.engine.gregor.mutators.RemoveConditionalMutator_ORDER_ELSE,RemoveConditionalMutator_ORDER_ELSE,NO_COVERAGE,D1,0,0,0,0,0,0,0,0,0,0,0,0,0,0,0,0,0,0,0,0,0,0,0,0,0,0,0,0,0,0,0,0,0,0,0,0,0,0,0,0,0,0,0,0,0,0,0,0,0,0,0,0,0,0,0,0,0,0,0,0,0,0,0,0,0,0,0,0,0,0,0,0,0,0,0,0,0,0,0,0,0,0,0,0,0,0
fm_scalb,scalb,(DI)D,"Lstar,Istar",fm_scalb#M056,3173,org.pitest.mutationtest.engine.gregor.mutators.RemoveConditionalMutator_ORDER_ELSE,RemoveConditionalMutator_ORDER_ELSE,NO_COVERAGE,D1,0,0,0,0,0,0,0,0,0,0,0,0,0,0,0,0,0,0,0,0,0,0,0,0,0,0,0,0,0,0,0,0,0,0,0,0,0,0,0,0,0,0,0,0,0,0,0,0,0,0,0,0,0,0,0,0,0,0,0,0,0,0,0,0,0,0,0,0,0,0,0,0,0,0,0,0,0,0,0,0,0,0,0,0,0,0
fm_scalb,scalb,(DI)D,"Lstar,Istar",fm_scalb#M057,3185,org.pitest.mutationtest.engine.gregor.mutators.RemoveConditionalMutator_ORDER_ELSE,RemoveConditionalMutator_ORDER_ELSE,NO_COVERAGE,D1,0,0,0,0,0,0,0,0,0,0,0,0,0,0,0,0,0,0,0,0,0,0,0,0,0,0,0,0,0,0,0,0,0,0,0,0,0,0,0,0,0,0,0,0,0,0,0,0,0,0,0,0,0,0,0,0,0,0,0,0,0,0,0,0,0,0,0,0,0,0,0,0,0,0,0,0,0,0,0,0,0,0,0,0,0,0
fm_scalb,scalb,(DI)D,"Lstar,Istar",fm_scalb#M058,3187,org.pitest.mutationtest.engine.gregor.mutators.RemoveConditionalMutator_ORDER_ELSE,RemoveConditionalMutator_ORDER_ELSE,NO_COVERAGE,D1,0,0,0,0,0,0,0,0,0,0,0,0,0,0,0,0,0,0,0,0,0,0,0,0,0,0,0,0,0,0,0,0,0,0,0,0,0,0,0,0,0,0,0,0,0,0,0,0,0,0,0,0,0,0,0,0,0,0,0,0,0,0,0,0,0,0,0,0,0,0,0,0,0,0,0,0,0,0,0,0,0,0,0,0,0,0
fm_scalb,scalb,(DI)D,"Lstar,Istar",fm_scalb#M059,3190,org.pitest.mutationtest.engine.gregor.mutators.RemoveConditionalMutator_ORDER_ELSE,RemoveConditionalMutator_ORDER_ELSE,NO_COVERAGE,D1,0,0,0,0,0,0,0,0,0,0,0,0,0,0,0,0,0,0,0,0,0,0,0,0,0,0,0,0,0,0,0,0,0,0,0,0,0,0,0,0,0,0,0,0,0,0,0,0,0,0,0,0,0,0,0,0,0,0,0,0,0,0,0,0,0,0,0,0,0,0,0,0,0,0,0,0,0,0,0,0,0,0,0,0,0,0
fm_scalb,scalb,(DI)D,"Lstar,Istar",fm_scalb#M060,3221,org.pitest.mutationtest.engine.gregor.mutators.RemoveConditionalMutator_ORDER_ELSE,RemoveConditionalMutator_ORDER_ELSE,NO_COVERAGE,D1,0,0,0,0,0,0,0,0,0,0,0,0,0,0,0,0,0,0,0,0,0,0,0,0,0,0,0,0,0,0,0,0,0,0,0,0,0,0,0,0,0,0,0,0,0,0,0,0,0,0,0,0,0,0,0,0,0,0,0,0,0,0,0,0,0,0,0,0,0,0,0,0,0,0,0,0,0,0,0,0,0,0,0,0,0,0
fm_scalb,scalb,(DI)D,"Lstar,Istar",fm_scalb#M061,3227,org.pitest.mutationtest.engine.gregor.mutators.RemoveConditionalMutator_ORDER_ELSE,RemoveConditionalMutator_ORDER_ELSE,NO_COVERAGE,D1,0,0,0,0,0,0,0,0,0,0,0,0,0,0,0,0,0,0,0,0,0,0,0,0,0,0,0,0,0,0,0,0,0,0,0,0,0,0,0,0,0,0,0,0,0,0,0,0,0,0,0,0,0,0,0,0,0,0,0,0,0,0,0,0,0,0,0,0,0,0,0,0,0,0,0,0,0,0,0,0,0,0,0,0,0,0
fm_scalb,scalb,(DI)D,"Lstar,Istar",fm_scalb#M062,3162,org.pitest.mutationtest.engine.gregor.mutators.returns.PrimitiveReturnsMutator,PrimitiveReturnsMutator,KILLED,D2,1,1,1,0,0,0,0,0,0,0,0,0,0,0,0,0,0,0,0,0,1,0,0,0,0,0,0,0,0,0,0,0,0,0,0,0,0,0,0,0,0,0,0,0,0,0,0,0,0,0,0,0,0,0,0,0,0,0,0,0,0,0,0,0,0,0,0,0,0,1,0,0,0,0,0,0,0,0,0,0,0,0,0,0,0,0
fm_scalb,scalb,(DI)D,"Lstar,Istar",fm_scalb#M063,3167,org.pitest.mutationtest.engine.gregor.mutators.returns.PrimitiveReturnsMutator,PrimitiveReturnsMutator,NO_COVERAGE,D2,0,0,0,0,0,0,0,0,0,0,0,0,0,0,0,0,0,0,0,0,0,0,0,0,0,0,0,0,0,0,0,0,0,0,0,0,0,0,0,0,0,0,0,0,0,0,0,0,0,0,0,0,0,0,0,0,0,0,0,0,0,0,0,0,0,0,0,0,0,0,0,0,0,0,0,0,0,0,0,0,0,0,0,0,0,0
fm_scalb,scalb,(DI)D,"Lstar,Istar",fm_scalb#M064,3170,org.pitest.mutationtest.engine.gregor.mutators.returns.PrimitiveReturnsMutator,PrimitiveReturnsMutator,NO_COVERAGE,D2,0,0,0,0,0,0,0,0,0,0,0,0,0,0,0,0,0,0,0,0,0,0,0,0,0,0,0,0,0,0,0,0,0,0,0,0,0,0,0,0,0,0,0,0,0,0,0,0,0,0,0,0,0,0,0,0,0,0,0,0,0,0,0,0,0,0,0,0,0,0,0,0,0,0,0,0,0,0,0,0,0,0,0,0,0,0
fm_scalb,scalb,(DI)D,"Lstar,Istar",fm_scalb#M065,3173,org.pitest.mutationtest.engine.gregor.mutators.returns.PrimitiveReturnsMutator,PrimitiveReturnsMutator,NO_COVERAGE,D2,0,0,0,0,0,0,0,0,0,0,0,0,0,0,0,0,0,0,0,0,0,0,0,0,0,0,0,0,0,0,0,0,0,0,0,0,0,0,0,0,0,0,0,0,0,0,0,0,0,0,0,0,0,0,0,0,0,0,0,0,0,0,0,0,0,0,0,0,0,0,0,0,0,0,0,0,0,0,0,0,0,0,0,0,0,0
fm_scalb,scalb,(DI)D,"Lstar,Istar",fm_scalb#M066,3189,org.pitest.mutationtest.engine.gregor.mutators.returns.PrimitiveReturnsMutator,PrimitiveReturnsMutator,NO_COVERAGE,D2,0,0,0,0,0,0,0,0,0,0,0,0,0,0,0,0,0,0,0,0,0,0,0,0,0,0,0,0,0,0,0,0,0,0,0,0,0,0,0,0,0,0,0,0,0,0,0,0,0,0,0,0,0,0,0,0,0,0,0,0,0,0,0,0,0,0,0,0,0,0,0,0,0,0,0,0,0,0,0,0,0,0,0,0,0,0
fm_scalb,scalb,(DI)D,"Lstar,Istar",fm_scalb#M067,3203,org.pitest.mutationtest.engine.gregor.mutators.returns.PrimitiveReturnsMutator,PrimitiveReturnsMutator,NO_COVERAGE,D2,0,0,0,0,0,0,0,0,0,0,0,0,0,0,0,0,0,0,0,0,0,0,0,0,0,0,0,0,0,0,0,0,0,0,0,0,0,0,0,0,0,0,0,0,0,0,0,0,0,0,0,0,0,0,0,0,0,0,0,0,0,0,0,0,0,0,0,0,0,0,0,0,0,0,0,0,0,0,0,0,0,0,0,0,0,0
fm_scalb,scalb,(DI)D,"Lstar,Istar",fm_scalb#M068,3207,org.pitest.mutationtest.engine.gregor.mutators.returns.PrimitiveReturnsMutator,PrimitiveReturnsMutator,NO_COVERAGE,D2,0,0,0,0,0,0,0,0,0,0,0,0,0,0,0,0,0,0,0,0,0,0,0,0,0,0,0,0,0,0,0,0,0,0,0,0,0,0,0,0,0,0,0,0,0,0,0,0,0,0,0,0,0,0,0,0,0,0,0,0,0,0,0,0,0,0,0,0,0,0,0,0,0,0,0,0,0,0,0,0,0,0,0,0,0,0
fm_scalb,scalb,(DI)D,"Lstar,Istar",fm_scalb#M069,3222,org.pitest.mutationtest.engine.gregor.mutators.returns.PrimitiveReturnsMutator,PrimitiveReturnsMutator,NO_COVERAGE,D2,0,0,0,0,0,0,0,0,0,0,0,0,0,0,0,0,0,0,0,0,0,0,0,0,0,0,0,0,0,0,0,0,0,0,0,0,0,0,0,0,0,0,0,0,0,0,0,0,0,0,0,0,0,0,0,0,0,0,0,0,0,0,0,0,0,0,0,0,0,0,0,0,0,0,0,0,0,0,0,0,0,0,0,0,0,0
fm_scalb,scalb,(DI)D,"Lstar,Istar",fm_scalb#M070,3224,org.pitest.mutationtest.engine.gregor.mutators.returns.PrimitiveReturnsMutator,PrimitiveReturnsMutator,NO_COVERAGE,D2,0,0,0,0,0,0,0,0,0,0,0,0,0,0,0,0,0,0,0,0,0,0,0,0,0,0,0,0,0,0,0,0,0,0,0,0,0,0,0,0,0,0,0,0,0,0,0,0,0,0,0,0,0,0,0,0,0,0,0,0,0,0,0,0,0,0,0,0,0,0,0,0,0,0,0,0,0,0,0,0,0,0,0,0,0,0
fm_scalb,scalb,(DI)D,"Lstar,Istar",fm_scalb#M071,3228,org.pitest.mutationtest.engine.gregor.mutators.returns.PrimitiveReturnsMutator,PrimitiveReturnsMutator,NO_COVERAGE,D2,0,0,0,0,0,0,0,0,0,0,0,0,0,0,0,0,0,0,0,0,0,0,0,0,0,0,0,0,0,0,0,0,0,0,0,0,0,0,0,0,0,0,0,0,0,0,0,0,0,0,0,0,0,0,0,0,0,0,0,0,0,0,0,0,0,0,0,0,0,0,0,0,0,0,0,0,0,0,0,0,0,0,0,0,0,0
fm_scalb,scalb,(DI)D,"Lstar,Istar",fm_scalb#M072,3230,org.pitest.mutationtest.engine.gregor.mutators.returns.PrimitiveReturnsMutator,PrimitiveReturnsMutator,NO_COVERAGE,D2,0,0,0,0,0,0,0,0,0,0,0,0,0,0,0,0,0,0,0,0,0,0,0,0,0,0,0,0,0,0,0,0,0,0,0,0,0,0,0,0,0,0,0,0,0,0,0,0,0,0,0,0,0,0,0,0,0,0,0,0,0,0,0,0,0,0,0,0,0,0,0,0,0,0,0,0,0,0,0,0,0,0,0,0,0,0
fm_pow_di,pow,(DI)D,"Lstar,Istar",fm_pow_di#M001,1619,org.pitest.mutationtest.engine.gregor.mutators.returns.PrimitiveReturnsMutator,PrimitiveReturnsMutator,KILLED,D2,1,1,1,0,0,0,0,0,0,1,0,0,0,0,0,0,0,0,0,0,0,0,0,0,0,0,0,0,0,0,0,0,0,0,0,0,0,0,0,0,0,0,0,0,0,1,0,0,0,0,0,0,0,0,0,0,0,0,0,0,0,0,0,0,0,0,0,0,0,0,0,0,0,0,0,0,0,0,0,0,0,0,0,0,0,0
